account_uid,total_sent,total_received,txn_count_sent,txn_count_received,unique_receivers,unique_senders,avg_sent_amount,avg_received_amount,max_sent_amount,max_received_amount,txn_per_active_day,in_degree,out_degree,degree_centrality,pagerank,in_cycle,community_size,is_fraud
ACC00001,84412.5,89646.71,20,15,20,15,4220.63,5976.45,19567.42,19987.0,1.0938,15,20,0.007001,0.00023865,0,498,1
ACC00002,51525.62,32758.65,16,12,16,12,3220.35,2729.89,7536.03,7932.62,1.0769,12,16,0.005601,8.419e-05,1,498,0
ACC00003,1655634.0,42688.26,40,10,29,10,41390.85,4268.83,98694.0,9962.03,1.6129,10,29,0.007802,0.00010808,0,498,1
ACC00004,138719.75,40716.13,17,9,17,9,8159.99,4524.01,28813.6,11543.44,1.04,9,17,0.005201,0.00010663,0,498,0
ACC00005,447790.8,545366.63,6,16,6,16,74631.8,34085.41,427455.35,89319.0,1.5714,16,6,0.004401,0.00067077,0,664,1
ACC00006,68657.23,64605.11,20,17,20,17,3432.86,3800.3,7295.68,9895.73,1.1212,17,20,0.007401,0.00017249,1,498,0
ACC00007,108569.48,40815.89,19,12,19,12,5714.18,3401.32,33276.79,10427.78,1.0333,12,19,0.006201,0.00010076,0,498,0
ACC00008,64356.18,73277.07,19,12,19,12,3387.17,6106.42,21121.65,35102.54,1.1071,12,19,0.006201,0.00015502,0,498,0
ACC00009,78899.62,71526.86,15,18,15,18,5259.97,3973.71,14770.65,13235.18,1.1,18,15,0.006601,0.00013618,0,990,0
ACC00010,85618.89,53374.18,19,15,19,15,4506.26,3558.28,21163.19,11563.84,1.0625,15,19,0.006801,0.0001475,1,990,0
ACC00011,150722.95,51899.68,25,11,25,11,6028.92,4718.15,23203.99,13881.39,1.0,11,25,0.007201,0.00012792,1,920,0
ACC00012,45694.71,73312.09,15,15,15,15,3046.31,4887.47,10735.81,11128.22,1.1538,15,15,0.006001,0.00023687,1,255,0
ACC00013,82985.16,62013.55,18,14,18,14,4610.29,4429.54,28555.42,14235.85,1.0323,14,18,0.006401,0.00014414,0,920,0
ACC00014,164973.21,92925.34,15,19,15,19,10998.21,4890.81,71814.0,13350.21,1.0968,19,15,0.006801,0.00020542,1,920,1
ACC00015,132649.11,83188.0,27,15,27,15,4912.93,5545.87,22213.89,25055.05,1.1053,15,27,0.008402,0.00015868,1,498,0
ACC00016,85887.54,42474.56,24,13,24,13,3578.65,3267.27,11821.13,10322.16,1.0,13,24,0.007401,0.00010141,1,675,0
ACC00017,81820.88,96307.35,16,21,16,21,5113.8,4586.06,16193.68,18951.06,1.0,21,16,0.007401,0.00018317,1,920,0
ACC00018,24384.6,381617.84,8,22,8,22,3048.08,17346.27,5254.14,94004.0,1.1111,22,8,0.006001,0.00043222,1,920,1
ACC00019,574737.73,541671.21,16,18,16,18,35921.11,30092.85,480844.4,87412.0,1.4167,18,16,0.006801,0.00077558,0,920,1
ACC00020,55936.74,101544.69,14,16,14,16,3995.48,6346.54,11426.79,31221.93,1.0345,16,14,0.006001,0.00023799,0,664,0
ACC00021,42899.12,61613.28,12,18,12,18,3574.93,3422.96,9864.36,11688.01,1.0,18,12,0.006001,0.00014647,1,920,0
ACC00022,90115.92,110018.55,23,21,23,21,3918.08,5238.98,8737.6,33704.09,1.1,21,23,0.008802,0.00020135,0,920,0
ACC00023,102301.77,78162.73,16,12,16,12,6393.86,6513.56,28261.7,40202.45,1.037,12,16,0.005601,0.00011794,0,498,0
ACC00024,139685.47,81493.84,16,15,15,15,8730.34,5432.92,73775.0,27527.9,1.0,15,15,0.006001,0.00017487,0,990,1
ACC00025,83448.63,33070.88,18,12,18,12,4636.03,2755.91,26132.56,7095.08,1.0,12,18,0.006001,8.413e-05,0,664,0
ACC00026,114712.2,100870.95,15,16,15,16,7647.48,6304.43,26962.85,33511.0,1.069,16,15,0.006201,0.00014379,0,498,1
ACC00027,170686.46,97297.19,24,15,24,15,7111.94,6486.48,37623.53,26868.0,1.0541,15,24,0.007802,0.0001526,1,675,1
ACC00028,53239.66,59076.61,16,15,16,15,3327.48,3938.44,13195.78,15290.81,1.0,15,16,0.006201,0.00011366,0,920,0
ACC00029,132380.1,91615.74,20,16,20,16,6619.01,5725.98,37083.2,37840.0,1.125,16,20,0.007201,0.00027382,1,675,1
ACC00030,133799.58,68971.11,24,20,24,19,5574.98,3448.56,33749.35,10085.9,1.1282,19,24,0.008602,0.0001771,1,500,0
ACC00031,126247.89,45283.57,19,13,19,13,6644.63,3483.35,45055.0,8032.02,1.0,13,19,0.006401,0.00013599,0,498,1
ACC00032,94150.79,189674.59,13,16,13,16,7242.37,11854.66,49856.67,54679.0,1.0741,16,13,0.005801,0.00036338,1,990,1
ACC00033,49605.04,79419.71,15,19,15,19,3307.0,4179.98,10497.43,14588.35,1.0303,19,15,0.006801,0.00020942,1,990,0
ACC00034,73477.04,30369.96,10,9,10,9,7347.7,3374.44,26935.87,8482.86,1.0,9,10,0.003801,7.926e-05,0,255,0
ACC00035,58200.41,50559.54,13,20,13,20,4476.95,2527.98,11538.27,10670.59,1.1379,20,13,0.006601,0.00015216,1,990,0
ACC00036,124484.18,128490.72,24,20,24,20,5186.84,6424.54,21127.85,41547.46,1.0476,20,24,0.008802,0.00022844,1,498,0
ACC00037,129083.1,103086.48,20,20,20,20,6454.15,5154.32,57806.2,22323.32,1.0811,20,20,0.008002,0.00027058,1,990,0
ACC00038,85441.96,104282.74,14,22,14,22,6103.0,4740.12,29731.7,16523.21,1.0588,22,14,0.007201,0.00015907,0,675,0
ACC00039,99842.75,118719.43,19,14,19,14,5254.88,8479.96,54365.0,52190.4,1.0312,14,19,0.006601,0.00028776,1,500,1
ACC00040,77334.74,90880.16,13,18,13,18,5948.83,5048.9,27227.79,14069.72,1.0,18,13,0.006201,0.00019368,0,498,0
ACC00041,97227.65,114199.42,17,14,17,14,5719.27,8157.1,20746.99,63253.72,1.0333,14,17,0.006201,0.00024642,1,990,0
ACC00042,1128743.89,70216.09,28,25,18,25,40312.28,2808.64,97547.0,10061.26,1.325,25,18,0.008602,0.00015154,0,990,1
ACC00043,85679.24,128192.58,15,16,15,16,5711.95,8012.04,24914.71,52790.3,1.1071,16,15,0.006201,0.00053502,1,675,0
ACC00044,69406.42,99552.33,11,22,11,22,6309.67,4525.11,17761.26,27735.19,1.0312,22,11,0.006601,0.00024088,1,498,0
ACC00045,58476.48,69381.75,12,19,12,19,4873.04,3651.67,16325.86,10677.54,1.0333,19,12,0.006201,0.00015446,1,498,0
ACC00046,807835.23,51856.26,23,14,16,14,35123.27,3704.02,96525.0,22223.59,1.2333,14,16,0.006001,0.00011256,1,498,1
ACC00047,135229.49,133218.28,16,25,16,25,8451.84,5328.73,48848.31,18389.3,1.0789,25,16,0.008202,0.00023904,0,498,0
ACC00048,57082.39,53080.84,11,15,11,15,5189.31,3538.72,31387.73,10605.0,1.0,15,11,0.005201,0.0001242,1,990,0
ACC00049,110373.56,92637.56,18,16,18,15,6131.86,5789.85,22972.78,21319.26,1.0,15,18,0.006601,0.0001539,1,920,0
ACC00050,80486.31,81365.36,12,22,12,22,6707.19,3698.43,22704.19,9596.16,1.0625,22,12,0.006801,0.00028819,1,255,0
ACC00051,94725.71,128165.53,25,15,25,15,3789.03,8544.37,26351.44,39687.96,1.0256,15,25,0.008002,0.00021159,0,664,0
ACC00052,59036.24,134589.12,11,15,11,15,5366.93,8972.61,22321.84,27333.0,1.0,15,11,0.005201,0.00024123,1,664,1
ACC00053,93060.18,60439.8,9,21,9,21,10340.02,2878.09,20820.74,9033.58,1.0714,21,9,0.006001,0.0001503,1,498,0
ACC00054,137211.44,37369.53,16,10,16,10,8575.72,3736.95,28873.89,9214.09,1.04,10,16,0.005201,7.294e-05,0,675,0
ACC00055,56049.45,53986.51,14,16,14,16,4003.53,3374.16,13089.41,8667.66,1.1111,16,14,0.006001,0.00014341,0,498,0
ACC00056,173395.07,158128.44,19,15,19,15,9126.06,10541.9,80765.0,77534.4,1.0625,15,19,0.006801,0.00037817,1,498,1
ACC00057,134368.81,60620.86,19,16,19,16,7072.04,3788.8,77484.0,11275.0,1.0294,16,19,0.007001,0.00022003,1,664,1
ACC00058,107990.43,108282.85,18,13,18,13,5999.47,8329.45,22234.32,52303.0,1.0333,13,18,0.006201,0.00013886,1,990,1
ACC00059,87550.21,51004.72,10,17,10,16,8755.02,3000.28,31164.53,10398.52,1.0,16,10,0.005201,0.00014148,0,920,0
ACC00060,181025.77,66652.18,23,13,23,13,7870.69,5127.09,37474.0,15343.22,1.0286,13,23,0.007201,0.00021687,0,920,1
ACC00061,147494.4,131550.97,16,17,16,17,9218.4,7738.29,40411.08,36434.0,1.1786,17,16,0.006601,0.00024496,0,498,1
ACC00062,58519.98,97293.18,15,17,15,17,3901.33,5723.13,15001.01,31369.94,1.0323,17,15,0.006401,0.00015422,0,500,0
ACC00063,71022.2,47300.2,12,11,12,11,5918.52,4300.02,24158.4,17116.52,1.0,11,12,0.004601,8.229e-05,0,920,0
ACC00064,86335.05,100181.73,21,22,21,22,4111.19,4553.72,15856.81,15269.08,1.0,22,21,0.008602,0.00022444,0,500,0
ACC00065,70104.14,83870.57,16,16,16,16,4381.51,5241.91,22484.25,24242.04,1.0323,16,16,0.006401,0.00019074,1,920,0
ACC00066,82467.93,30542.43,18,12,18,12,4581.55,2545.2,13567.01,7390.59,1.0345,12,18,0.006001,9.635e-05,1,920,0
ACC00067,128796.54,62492.05,18,15,18,15,7155.36,4166.14,29663.29,13463.1,1.0645,15,18,0.006601,0.00019353,0,990,0
ACC00068,74099.24,92597.25,14,16,14,16,5292.8,5787.33,23817.04,15542.16,1.0714,16,14,0.006001,0.00024553,1,255,0
ACC00069,120391.31,57803.4,23,16,23,16,5234.4,3612.71,19284.9,6814.09,1.0263,16,23,0.007802,0.00013345,1,990,0
ACC00070,73702.91,376866.44,14,23,14,23,5264.49,16385.5,24903.0,81840.0,1.0882,23,14,0.007401,0.00053197,1,990,1
ACC00071,47464.58,79335.29,14,21,14,21,3390.33,3777.87,8760.81,17450.06,1.0606,21,14,0.007001,0.00018162,0,990,0
ACC00072,91621.46,147311.56,12,27,12,27,7635.12,5455.98,24179.33,45740.0,1.1471,27,12,0.007802,0.00026617,0,664,1
ACC00073,55292.98,38226.48,15,9,15,9,3686.2,4247.39,13879.62,15408.47,1.0435,9,15,0.004801,0.00023857,1,255,0
ACC00074,125019.6,123953.95,27,16,27,16,4630.36,7747.12,16424.42,27953.92,1.0,16,27,0.008602,0.0002857,1,498,0
ACC00075,41271.65,62486.65,13,13,13,13,3174.74,4806.67,8608.97,32553.76,1.0833,13,13,0.005201,0.00014563,1,498,0
ACC00076,170596.31,44853.61,17,14,17,14,10035.08,3203.83,83640.0,11262.74,1.0,14,17,0.006201,0.00013096,0,664,1
ACC00077,68398.29,62366.19,21,14,21,14,3257.06,4454.73,15368.65,10203.48,1.0938,14,21,0.007001,0.00013798,1,498,0
ACC00078,139273.48,75708.26,17,17,17,17,8192.56,4453.43,53452.47,24399.14,1.0,17,17,0.006801,0.00019441,0,920,0
ACC00079,82586.54,652205.53,14,18,14,18,5899.04,36233.64,23673.19,550847.05,1.0667,18,14,0.006401,0.00091762,0,990,1
ACC00080,51533.54,101610.28,13,18,13,18,3964.12,5645.02,13722.1,29962.09,1.069,18,13,0.006201,0.00016011,0,990,0
ACC00081,102835.71,78237.85,18,16,18,16,5713.1,4889.87,23307.81,35756.0,1.0303,16,18,0.006801,0.00013084,1,498,1
ACC00082,33655.74,79684.5,8,16,8,16,4206.97,4980.28,10145.51,12739.6,1.0,16,8,0.004801,0.00017111,0,990,0
ACC00083,78768.41,82730.63,12,8,12,8,6564.03,10341.33,20460.99,43654.33,1.0526,8,12,0.004001,0.00017317,1,990,0
ACC00084,87504.81,46289.16,15,18,15,18,5833.65,2571.62,35937.0,6346.34,1.1,18,15,0.006601,0.00014222,0,990,1
ACC00085,78094.45,33577.68,17,15,17,14,4593.79,2238.51,17770.83,5110.51,1.0323,14,17,0.006201,0.00010839,1,664,0
ACC00086,45199.92,81002.54,16,15,16,15,2824.99,5400.17,12583.19,11829.57,1.069,15,16,0.006201,0.00016588,1,255,0
ACC00087,84861.11,81818.63,22,13,22,13,3857.32,6293.74,15659.79,47767.0,1.0294,13,22,0.007001,7.3e-05,0,990,1
ACC00088,118949.59,131420.77,20,24,20,24,5947.48,5475.87,44047.93,70943.0,1.0732,24,20,0.008802,0.00014052,0,920,1
ACC00089,87137.23,58153.12,19,13,19,12,4586.17,4473.32,19509.39,16498.57,1.0323,12,19,0.006201,0.00015479,1,498,0
ACC00090,153582.6,86719.1,20,13,19,13,7679.13,6670.7,33489.0,27866.71,1.0312,13,19,0.006401,0.00017388,1,990,1
ACC00091,65132.98,125884.1,10,17,10,17,6513.3,7404.95,23135.69,45165.0,1.0385,17,10,0.005401,0.00016274,1,255,1
ACC00092,71767.19,230431.98,18,20,18,20,3987.07,11521.6,11138.31,78631.0,1.1176,20,18,0.007602,0.00031624,1,664,1
ACC00093,50034.4,106172.11,14,9,14,9,3573.89,11796.9,11071.6,69588.28,1.0455,9,14,0.004601,0.00025929,0,990,0
ACC00094,70654.09,72727.24,17,13,16,13,4156.12,5594.4,24276.88,14650.43,1.0345,13,16,0.005801,0.00019448,1,675,0
ACC00095,86329.6,126239.56,15,21,15,21,5755.31,6011.41,38844.0,29085.35,1.0588,21,15,0.007201,0.0002401,0,920,1
ACC00096,800384.2,79775.99,24,13,18,13,33349.34,6136.61,97206.0,23224.71,1.2333,13,18,0.006201,0.00016468,1,664,1
ACC00097,85020.93,35646.5,19,15,19,15,4474.79,2376.43,21231.0,5756.23,1.0303,15,19,0.006801,7.717e-05,1,920,1
ACC00098,77145.9,12058.76,15,7,15,7,5143.06,1722.68,23928.13,2997.89,1.0,7,15,0.004401,5.096e-05,1,255,0
ACC00099,133066.32,61744.95,21,12,21,12,6336.49,5145.41,30827.0,14984.67,1.0,12,21,0.006601,0.00014078,1,498,0
ACC00100,63439.74,204231.57,15,19,15,19,4229.32,10749.03,21618.94,39324.9,1.0,19,15,0.006801,0.00026769,1,920,1
ACC00101,105133.01,75863.55,20,13,20,13,5256.65,5835.66,20853.1,13597.12,1.0645,13,20,0.006601,0.00013005,1,255,0
ACC00102,77564.3,57310.56,8,13,8,13,9695.54,4408.5,26048.73,18543.12,1.0,13,8,0.004201,0.00010859,0,675,0
ACC00103,84340.63,1209593.4,18,24,18,13,4685.59,50399.73,33619.19,97568.0,1.4483,13,18,0.006201,0.00036164,1,920,1
ACC00104,53971.99,49497.73,15,15,15,15,3598.13,3299.85,10778.24,8516.93,1.0345,15,15,0.006001,0.00012471,1,675,0
ACC00105,50136.3,95347.12,12,20,12,20,4178.03,4767.36,11706.3,14675.76,1.0667,20,12,0.006401,0.00024827,1,498,0
ACC00106,76493.09,27938.69,17,11,17,11,4499.59,2539.88,17051.79,4265.02,1.0,11,17,0.005601,7.098e-05,0,664,0
ACC00107,110532.76,129848.24,13,21,13,20,8502.52,6183.25,21429.89,29663.29,1.0,20,13,0.006601,0.0004016,1,498,0
ACC00108,69127.17,113227.52,21,20,21,20,3291.77,5661.38,7236.31,24328.59,1.025,20,21,0.008202,0.00025097,1,990,0
ACC00109,143430.49,52597.73,22,14,22,14,6519.57,3756.98,38139.65,18277.16,1.0286,14,22,0.007201,0.00015113,0,990,0
ACC00110,52621.56,51536.72,11,13,11,13,4783.78,3964.36,14691.67,19042.54,1.0435,13,11,0.004801,0.00011005,0,500,0
ACC00111,91551.47,50232.93,21,9,20,9,4359.59,5581.44,18070.66,37516.34,1.0,9,20,0.005801,0.00011135,1,675,0
ACC00112,150845.06,65005.6,13,15,13,15,11603.47,4333.71,63483.0,11757.88,1.037,15,13,0.005601,0.00016849,0,990,1
ACC00113,124752.27,89007.65,12,14,12,14,10396.02,6357.69,87089.0,21578.34,1.04,14,12,0.005201,0.00022508,0,255,1
ACC00114,108614.88,89507.63,16,18,16,18,6788.43,4972.65,49500.0,19701.24,1.1333,18,16,0.006801,0.00020828,1,498,1
ACC00115,77521.3,84661.61,13,10,13,10,5963.18,8466.16,18258.33,35310.43,1.0455,10,13,0.004601,0.00016055,0,500,0
ACC00116,173928.6,43666.05,21,15,21,15,8282.31,2911.07,40893.6,6963.51,1.0,15,21,0.007201,0.00012908,0,498,0
ACC00117,45773.98,78620.75,9,17,9,17,5086.0,4624.75,14524.03,26853.18,1.04,17,9,0.005201,0.0001937,0,664,0
ACC00118,81040.58,90142.98,18,15,18,15,4502.25,6009.53,12921.32,47599.0,1.0645,15,18,0.006601,0.0001168,1,664,1
ACC00119,54451.33,47762.18,14,14,14,14,3889.38,3411.58,14848.85,11199.79,1.12,14,14,0.005601,0.00012209,0,675,0
ACC00120,34891.38,115876.57,13,18,13,18,2683.95,6437.59,8417.03,36116.32,1.0,18,13,0.006201,0.00020544,1,675,0
ACC00121,70269.63,59001.13,19,13,19,13,3698.4,4538.55,11209.93,13804.35,1.0323,13,19,0.006401,0.00015053,0,920,0
ACC00122,53840.1,82283.47,17,18,17,18,3167.06,4571.3,9945.2,24738.53,1.0606,18,17,0.007001,0.00020263,1,498,0
ACC00123,155438.26,62320.57,22,12,22,12,7065.38,5193.38,39793.82,28179.15,1.0,12,22,0.006801,0.00013813,1,920,0
ACC00124,17371.27,50939.72,9,12,9,12,1930.14,4244.98,3446.11,9225.91,1.1053,12,9,0.004201,0.00011782,0,675,0
ACC00125,113513.05,723615.18,18,21,18,15,6306.28,34457.87,26514.11,98893.0,1.3,15,18,0.006601,0.00031765,0,498,1
ACC00126,98550.51,87545.28,16,14,16,14,6159.41,6253.23,38760.39,15169.3,1.0714,14,16,0.006001,0.00016109,1,675,0
ACC00127,51882.2,57979.94,11,15,11,15,4716.56,3865.33,23710.28,10866.39,1.0833,15,11,0.005201,0.00017664,1,675,0
ACC00128,140246.91,151178.01,19,19,19,19,7381.42,7956.74,72171.84,73675.42,1.0556,19,19,0.007602,0.00026867,1,255,1
ACC00129,122568.15,90765.66,23,13,23,13,5329.05,6981.97,48640.36,23375.34,1.0286,13,23,0.007201,0.00019337,1,498,0
ACC00130,36508.68,38424.71,11,14,11,14,3318.97,2744.62,6390.13,9935.65,1.087,14,11,0.005001,9.805e-05,1,664,0
ACC00131,291785.65,234768.09,11,16,11,16,26525.97,14673.01,95000.0,87769.78,1.1739,16,11,0.005401,0.00045734,1,920,1
ACC00132,46147.81,51211.79,15,11,15,11,3076.52,4655.62,8962.65,11431.57,1.04,11,15,0.005201,0.00015532,1,990,0
ACC00133,1874140.12,84005.77,37,20,20,20,50652.44,4200.29,98372.0,13203.44,1.5,20,20,0.008002,0.00017113,0,675,1
ACC00134,82638.72,71724.21,14,16,14,16,5902.77,4482.76,23256.25,10880.55,1.0345,16,14,0.006001,0.00019512,0,675,0
ACC00135,104930.59,30456.13,19,11,19,11,5522.66,2768.74,23816.74,7259.05,1.0714,11,19,0.006001,7.071e-05,1,498,0
ACC00136,185035.14,91827.69,19,12,19,12,9738.69,7652.31,75389.0,29388.1,1.069,12,19,0.006201,0.00018156,1,500,1
ACC00137,39570.25,749394.54,12,25,12,25,3297.52,29975.78,8081.55,672557.25,1.0278,25,12,0.007401,0.00094538,1,664,1
ACC00138,46634.07,38842.17,17,11,16,11,2743.18,3531.11,6549.11,8031.26,1.12,11,16,0.005401,0.00011457,0,498,0
ACC00139,110557.23,78903.75,27,16,27,16,4094.71,4931.48,35544.55,19841.5,1.0238,16,27,0.008602,0.00015348,1,990,0
ACC00140,64498.84,113821.29,19,21,19,21,3394.68,5420.06,15232.61,42695.95,1.0256,21,19,0.008002,0.00024719,1,498,0
ACC00141,227651.44,81009.15,24,15,24,15,9485.48,5400.61,84414.0,25166.39,1.0,15,24,0.007802,0.00017536,0,664,1
ACC00142,71375.82,67743.28,11,16,11,16,6488.71,4233.95,20714.53,18460.4,1.125,16,11,0.005401,0.0001531,1,664,0
ACC00143,27914.52,59445.15,10,13,10,13,2791.45,4572.7,6471.06,23783.52,1.0,13,10,0.004601,0.00014225,0,498,0
ACC00144,8423.3,86402.52,6,13,6,13,1403.88,6646.35,2471.63,23332.88,1.0,13,6,0.003801,0.00022083,0,990,0
ACC00145,121177.34,91048.4,20,21,20,21,6058.87,4335.64,39521.69,14804.24,1.0,21,20,0.008202,0.00017955,0,664,0
ACC00146,74824.96,61595.0,17,17,17,17,4401.47,3623.24,18202.36,8790.01,1.0303,17,17,0.006801,0.00017048,1,664,0
ACC00147,127245.64,140342.38,13,19,13,19,9788.13,7386.44,61574.0,36707.76,1.0323,19,13,0.006401,0.00026487,0,664,1
ACC00148,84791.02,51983.55,19,20,19,20,4462.69,2599.18,17174.54,7514.19,1.0,20,19,0.007802,0.00013229,1,990,0
ACC00149,86655.69,108329.34,14,18,14,18,6189.69,6018.3,18244.27,14630.16,1.0667,18,14,0.006401,0.00018809,1,990,0
ACC00150,74684.82,106665.56,21,20,21,20,3556.42,5333.28,10092.03,19841.03,1.0,20,21,0.008202,0.00020742,0,675,0
ACC00151,58913.56,90845.79,13,16,13,16,4531.81,5677.86,14099.97,19731.64,1.0357,16,13,0.005801,0.00025199,1,255,0
ACC00152,88015.67,69882.47,15,12,15,12,5867.71,5823.54,17193.59,40342.49,1.08,12,15,0.005401,8.836e-05,0,664,0
ACC00153,66369.71,46427.05,14,13,14,13,4740.69,3571.31,35531.85,13958.29,1.0,13,14,0.005401,0.00011321,0,500,0
ACC00154,103684.77,74900.04,22,26,22,26,4712.94,2880.77,37041.88,8767.87,1.1163,26,22,0.009602,0.00014456,1,990,0
ACC00155,84371.37,39978.54,20,13,20,13,4218.57,3075.27,17745.61,7035.59,1.0,13,20,0.006601,9.258e-05,0,990,0
ACC00156,44354.2,76181.64,15,13,15,13,2956.95,5860.13,9678.24,32271.67,1.0,13,15,0.005601,0.00014529,1,920,0
ACC00157,79690.02,59833.0,11,14,11,14,7244.55,4273.79,26688.1,10465.51,1.0417,14,11,0.005001,0.0001363,0,675,0
ACC00158,97069.55,152074.38,17,22,17,22,5709.97,6912.47,33018.97,37897.0,1.0263,22,17,0.007802,0.00040939,0,675,1
ACC00159,88657.62,62082.88,10,12,10,12,8865.76,5173.57,44797.57,15985.22,1.0,12,10,0.004401,0.00010743,0,675,0
ACC00160,112129.24,67294.24,14,15,14,15,8009.23,4486.28,42353.65,19026.69,1.0357,15,14,0.005801,0.00022642,0,990,0
ACC00161,65243.82,53490.01,11,18,11,18,5931.26,2971.67,16109.13,6861.63,1.0,18,11,0.005801,0.0001119,1,675,0
ACC00162,52908.79,85183.34,18,17,18,17,2939.38,5010.78,6697.77,14445.21,1.0294,17,18,0.007001,0.00016931,0,498,0
ACC00163,75084.54,101909.96,13,17,13,17,5775.73,5994.7,30074.96,16242.13,1.0345,17,13,0.006001,0.00023455,1,498,0
ACC00164,50248.69,108413.71,12,21,12,21,4187.39,5162.56,9172.89,31404.65,1.0312,21,12,0.006601,0.00023088,1,675,0
ACC00165,129188.87,194723.49,22,18,22,18,5872.22,10817.97,67351.55,95000.0,1.0526,18,22,0.008002,0.00032251,1,990,0
ACC00166,57881.68,50404.5,15,15,15,15,3858.78,3360.3,7886.18,15366.51,1.0714,15,15,0.006001,0.00013435,1,664,0
ACC00167,60483.33,96335.61,13,17,13,17,4652.56,5666.8,14805.77,21551.98,1.0714,17,13,0.006001,0.00035654,1,255,0
ACC00168,72556.51,38887.24,12,12,12,12,6046.38,3240.6,21960.19,7977.49,1.0435,12,12,0.004801,0.00010627,0,664,0
ACC00169,89622.53,76997.05,14,16,14,16,6401.61,4812.32,18878.65,8113.87,1.0345,16,14,0.006001,0.00015918,1,500,0
ACC00170,147110.12,92935.72,16,12,16,12,9194.38,7744.64,78238.0,45304.0,1.0,12,16,0.005601,0.00013615,0,500,1
ACC00171,120375.19,39894.44,15,13,15,13,8025.01,3068.8,34319.63,13587.5,1.0769,13,15,0.005601,0.00010971,1,664,0
ACC00172,89905.77,51725.59,17,9,17,9,5288.57,5747.29,19314.75,21177.43,1.0,9,17,0.005201,0.00018685,1,664,0
ACC00173,856455.71,58031.17,26,15,19,15,32940.6,3868.74,98776.0,12747.82,1.2812,15,19,0.006801,0.00012707,1,498,1
ACC00174,171575.34,91015.65,12,15,12,15,14297.94,6067.71,70512.0,19236.91,1.0385,15,12,0.005401,0.0002147,1,675,1
ACC00175,151442.56,165621.99,17,17,17,17,8908.39,9742.47,74405.0,48640.36,1.0625,17,17,0.006801,0.00027898,1,500,1
ACC00176,100219.34,113255.81,12,22,12,22,8351.61,5147.99,34458.24,35176.12,1.0625,22,12,0.006801,0.00022719,1,990,1
ACC00177,102024.11,78697.68,18,16,18,16,5668.01,4918.61,18848.73,31387.73,1.0,16,18,0.006801,0.00018176,1,990,0
ACC00178,85377.83,134412.82,15,13,15,13,5691.86,10339.45,37774.2,77084.0,1.0,13,15,0.005601,0.00010488,1,664,1
ACC00179,103026.27,69304.59,18,13,18,13,5723.68,5331.12,13834.85,19192.53,1.069,13,18,0.006201,0.00015253,0,255,0
ACC00180,800852.09,804160.41,19,26,19,26,42150.11,30929.25,702059.5,88822.0,1.4516,26,19,0.009002,0.00092654,1,664,1
ACC00181,57074.94,49188.89,13,9,13,9,4390.38,5465.43,13802.58,16897.76,1.0476,9,13,0.004401,0.00012312,0,990,0
ACC00182,113291.21,159763.72,17,20,17,20,6664.19,7988.19,32420.16,34175.18,1.0882,20,17,0.007401,0.00022739,1,664,1
ACC00183,33506.82,41522.71,8,15,8,15,4188.35,2768.18,20118.93,8715.82,1.0455,15,8,0.004601,0.00010814,1,990,0
ACC00184,52532.25,69259.01,19,18,19,18,2764.86,3847.72,8993.29,10133.71,1.0571,18,19,0.007401,0.00020076,0,500,0
ACC00185,58506.2,78131.99,18,18,18,18,3250.34,4340.67,6502.96,11790.04,1.0286,18,18,0.007201,0.00014384,1,990,0
ACC00186,49113.11,91494.11,18,14,18,14,2728.51,6535.29,9541.21,17944.86,1.0323,14,18,0.006401,0.00018789,0,500,0
ACC00187,64468.48,109028.32,13,15,13,15,4959.11,7268.55,11538.58,30849.39,1.12,15,13,0.005601,0.0001479,1,990,0
ACC00188,101338.24,74341.9,18,15,18,15,5629.9,4956.13,20159.26,14629.51,1.0,15,18,0.006601,0.00019441,1,500,0
ACC00189,508971.41,163556.32,22,15,22,15,23135.06,10903.75,72026.0,61101.0,1.2333,15,22,0.007401,0.00017148,1,675,1
ACC00190,60024.15,112077.88,13,16,13,16,4617.24,7004.87,20675.16,43670.44,1.0,16,13,0.005801,0.00023281,1,920,0
ACC00191,131776.81,80859.89,20,20,20,20,6588.84,4042.99,32221.45,18236.2,1.0526,20,20,0.008002,0.00016246,0,664,0
ACC00192,32106.58,38371.9,12,12,12,12,2675.55,3197.66,4988.31,5977.02,1.0435,12,12,0.004801,0.00010158,1,675,0
ACC00193,86986.25,20277.32,15,7,15,7,5799.08,2896.76,19221.16,6040.29,1.0476,7,15,0.004401,7.944e-05,0,990,0
ACC00194,76065.49,117288.42,21,18,21,18,3622.17,6516.02,13236.0,33278.0,1.0263,18,21,0.007802,0.00019762,1,675,1
ACC00195,145977.46,40245.76,17,12,17,12,8586.91,3353.81,56593.4,6340.63,1.0,12,17,0.005801,0.00023781,0,498,0
ACC00196,27682.6,85418.46,11,20,11,20,2516.6,4270.92,4202.29,15612.95,1.0333,20,11,0.006201,0.00014545,0,920,0
ACC00197,66112.77,25311.8,10,10,10,10,6611.28,2531.18,22339.55,7833.19,1.0,10,10,0.004001,7.322e-05,1,675,0
ACC00198,86716.84,146027.78,11,23,11,23,7883.35,6349.03,54729.6,55869.8,1.0303,23,11,0.006801,0.00031885,1,920,1
ACC00199,699894.05,59276.15,30,13,25,13,23329.8,4559.7,98955.0,12440.65,1.1622,13,25,0.007602,0.00014586,1,990,1
ACC00200,144472.42,95028.74,22,10,22,10,6566.93,9502.87,29756.08,66902.0,1.0,10,22,0.006401,0.00011078,0,500,1
ACC00201,56391.69,93763.48,14,14,14,14,4027.98,6697.39,15697.54,38000.83,1.0,14,14,0.005601,0.00027519,1,920,0
ACC00202,95781.76,70169.91,23,14,23,14,4164.42,5012.14,20290.06,23622.33,1.0278,14,23,0.007401,0.00012582,1,675,0
ACC00203,122318.25,36778.05,19,12,19,12,6437.8,3064.84,22903.84,9137.38,1.0333,12,19,0.006201,0.00011719,1,990,0
ACC00204,85488.97,106159.34,12,14,12,14,7124.08,7582.81,21858.06,21922.9,1.04,14,12,0.005201,0.00026384,1,498,0
ACC00205,58128.97,85568.68,9,24,9,24,6458.77,3565.36,19059.58,10247.44,1.0312,24,9,0.006601,0.00018515,1,990,0
ACC00206,145013.41,73363.47,17,17,17,17,8530.2,4315.5,66058.73,14143.74,1.0625,17,17,0.006801,0.00015529,1,498,0
ACC00207,64495.32,58003.91,15,14,15,14,4299.69,4143.14,14782.15,12955.69,1.0,14,15,0.005801,0.00016322,1,255,0
ACC00208,152209.94,104147.63,22,20,22,20,6918.63,5207.38,40217.66,15290.73,1.05,20,22,0.008402,0.00020938,1,498,0
ACC00209,63255.45,93202.89,18,15,18,15,3514.19,6213.53,11092.37,24441.42,1.0312,15,18,0.006601,0.00019969,1,675,0
ACC00210,125144.72,93325.57,21,20,21,20,5959.27,4666.28,32839.17,26418.88,1.0789,20,21,0.008202,0.00023727,1,920,0
ACC00211,79903.04,38741.5,21,14,21,14,3804.91,2767.25,26782.0,7970.29,1.0606,14,21,0.007001,0.00011992,0,500,1
ACC00212,103134.39,141643.73,13,22,13,22,7933.41,6438.35,47283.37,44269.02,1.0606,22,13,0.007001,0.00024137,1,498,0
ACC00213,59122.45,78515.3,11,12,11,12,5374.77,6542.94,23046.75,20769.01,1.0455,12,11,0.004601,0.00016955,0,990,0
ACC00214,79138.6,77043.14,17,21,17,20,4655.21,3668.72,10977.07,9178.17,1.0556,20,17,0.007401,0.00025188,1,920,0
ACC00215,115991.94,59075.47,19,16,19,16,6104.84,3692.22,23302.15,20436.46,1.129,16,19,0.007001,0.00015248,0,990,0
ACC00216,641417.04,586615.97,27,29,27,29,23756.19,20228.14,419171.35,76243.0,1.1667,29,27,0.011202,0.00082951,1,990,1
ACC00217,62851.48,51791.22,16,15,16,14,3928.22,3452.75,14955.91,13248.19,1.069,14,16,0.006001,0.00015395,1,990,0
ACC00218,82935.17,107798.02,15,13,15,13,5529.01,8292.16,26740.88,47494.71,1.037,13,15,0.005601,0.00019177,0,920,0
ACC00219,81344.07,47913.63,17,16,17,16,4784.95,2994.6,13481.84,7662.01,1.0,16,17,0.006601,0.0001302,1,920,0
ACC00220,92958.9,39205.3,18,10,18,10,5164.38,3920.53,21942.26,10320.28,1.0769,10,18,0.005601,0.00011831,1,664,0
ACC00221,91265.92,54386.46,17,15,17,15,5368.58,3625.76,12370.06,8845.26,1.0667,15,17,0.006401,0.00013631,1,664,0
ACC00222,61592.57,73333.95,18,11,18,11,3421.81,6666.72,11314.48,24438.12,1.0,11,18,0.005801,0.00015983,0,990,0
ACC00223,82949.92,72193.93,17,15,17,15,4879.41,4812.93,14218.56,21122.42,1.0667,15,17,0.006401,0.00020581,1,990,0
ACC00224,64950.64,97531.27,16,15,16,15,4059.42,6502.08,20607.7,35303.0,1.1071,15,16,0.006201,0.00014122,0,255,1
ACC00225,64126.78,77715.58,16,20,16,20,4007.92,3885.78,11199.79,20607.7,1.0909,20,16,0.007201,0.00018477,0,255,0
ACC00226,144204.14,82884.05,21,13,21,13,6866.86,6375.7,58998.01,18894.06,1.0303,13,21,0.006801,0.00019919,1,498,0
ACC00227,69239.03,181204.98,15,23,15,23,4615.94,7878.48,40471.06,42929.52,1.027,23,15,0.007602,0.00035533,1,920,1
ACC00228,75755.91,78280.91,15,14,15,14,5050.39,5591.49,13503.87,23059.45,1.0741,14,15,0.005801,0.00024943,0,675,0
ACC00229,164995.95,99343.97,13,19,13,19,12692.0,5228.63,59706.63,19598.42,1.0323,19,13,0.006401,0.00020705,1,498,0
ACC00230,49536.47,169608.63,11,16,11,16,4503.32,10600.54,22805.32,74110.12,1.0,16,11,0.005401,0.00021307,1,990,0
ACC00231,68048.97,82557.02,15,19,15,19,4536.6,4345.11,13457.18,19344.02,1.0625,19,15,0.006801,0.00014426,0,498,0
ACC00232,49882.19,92896.68,11,12,11,12,4534.74,7741.39,10185.46,57841.0,1.0,12,11,0.004601,9.649e-05,0,675,1
ACC00233,52723.93,23246.45,11,10,11,10,4793.08,2324.64,17764.7,8774.11,1.1053,10,11,0.004201,8.031e-05,1,675,0
ACC00234,56622.88,48162.4,11,12,11,12,5147.53,4013.53,14185.92,9805.51,1.0455,12,11,0.004601,0.00018594,1,498,0
ACC00235,59514.01,52018.02,13,16,13,16,4578.0,3251.13,19071.22,12413.45,1.0741,16,13,0.005801,0.00013652,1,990,0
ACC00236,42668.91,38429.82,9,13,9,13,4740.99,2956.14,8610.19,6010.45,1.0,13,9,0.004401,8.789e-05,0,675,0
ACC00237,105854.23,30297.07,19,10,19,10,5571.28,3029.71,13345.82,7912.02,1.0357,10,19,0.005801,8.582e-05,1,675,0
ACC00238,89647.2,56510.91,18,14,18,14,4980.4,4036.49,20952.85,10431.03,1.0323,14,18,0.006401,0.00013142,1,500,0
ACC00239,104208.36,70556.68,20,15,19,15,5210.42,4703.78,20385.92,13164.87,1.0,15,19,0.006801,0.0001364,1,920,0
ACC00240,70757.57,147734.15,13,20,13,20,5442.89,7386.71,12305.88,47330.17,1.0,20,13,0.006601,0.00038564,1,920,0
ACC00241,99858.69,61642.25,22,18,22,18,4539.03,3424.57,22323.32,12234.51,1.0526,18,22,0.008002,0.00015676,0,664,0
ACC00242,145842.61,703220.67,15,24,15,19,9722.84,29300.86,67617.0,98182.0,1.2188,19,15,0.006801,0.00038856,1,498,1
ACC00243,816435.55,48898.87,23,15,16,15,35497.2,3259.92,98040.0,8182.43,1.4074,15,16,0.006201,0.00013703,1,990,1
ACC00244,81524.16,102763.87,14,16,14,16,5823.15,6422.74,24860.58,30254.45,1.0,16,14,0.006001,0.00019694,1,920,0
ACC00245,73495.91,110974.47,13,21,13,21,5653.53,5284.5,19315.88,18373.09,1.0303,21,13,0.006801,0.00019831,0,920,0
ACC00246,65178.07,135167.58,13,22,13,22,5013.7,6143.98,14650.43,26709.44,1.0,22,13,0.007001,0.00022952,0,498,0
ACC00247,149070.99,61573.41,24,11,24,11,6211.29,5597.58,29980.71,34865.29,1.129,11,24,0.007001,0.00013842,1,498,0
ACC00248,79952.49,59314.87,16,11,16,11,4997.03,5392.26,23146.72,19447.05,1.08,11,16,0.005401,0.00011832,1,498,0
ACC00249,163298.3,201535.14,13,19,13,19,12561.41,10607.11,84682.56,86446.78,1.1034,19,13,0.006401,0.00044524,1,990,1
ACC00250,88333.54,41091.4,16,18,16,18,5520.85,2282.86,13437.52,12481.93,1.0,18,16,0.006801,9.056e-05,1,920,0
ACC00251,60325.98,255865.38,15,20,15,20,4021.73,12793.27,12138.46,73798.0,1.0606,20,15,0.007001,0.00027463,1,920,1
ACC00252,55853.14,27354.43,13,15,13,15,4296.4,1823.63,9645.18,4259.89,1.0769,15,13,0.005601,7.942e-05,1,255,0
ACC00253,96933.96,90190.75,21,11,21,11,4615.9,8199.16,30731.26,27220.63,1.0667,11,21,0.006401,0.00021785,0,675,0
ACC00254,64798.16,1675281.4,19,31,19,17,3410.43,54041.34,7602.44,98195.0,1.4706,17,19,0.007201,0.00040044,1,675,1
ACC00255,41415.03,82707.42,12,15,12,14,3451.25,5513.83,14472.08,11921.46,1.0385,14,12,0.005201,0.00017968,0,664,0
ACC00256,38428.9,118307.49,9,19,9,19,4269.88,6226.71,13521.67,39120.0,1.0,19,9,0.005601,0.00015858,1,675,1
ACC00257,34907.67,106197.81,11,17,11,17,3173.42,6246.93,12664.57,29007.67,1.037,17,11,0.005601,0.00023082,1,920,0
ACC00258,206697.92,92220.73,24,15,24,15,8612.41,6148.05,76526.0,39585.0,1.0541,15,24,0.007802,0.00016364,1,920,1
ACC00259,138227.72,95027.92,15,16,15,16,9215.18,5939.24,70967.0,25840.98,1.0333,16,15,0.006201,0.00023458,1,675,1
ACC00260,59719.59,127703.11,16,21,16,21,3732.47,6081.1,8993.11,17758.79,1.1212,21,16,0.007401,0.00032216,1,990,0
ACC00261,135562.87,83591.8,20,9,20,9,6778.14,9287.98,31553.9,29368.09,1.0741,9,20,0.005801,0.00013152,0,498,0
ACC00262,72530.33,69195.68,18,16,18,16,4029.46,4324.73,12623.29,15764.55,1.0303,16,18,0.006801,0.00011336,0,920,0
ACC00263,152428.22,82646.25,21,20,21,20,7258.49,4132.31,39626.33,15351.38,1.0789,20,21,0.008202,0.00017014,1,920,0
ACC00264,449657.63,488751.02,17,25,17,25,26450.45,19550.04,369714.35,85781.0,1.2727,25,17,0.008402,0.000633,0,498,1
ACC00265,109011.64,51775.68,15,11,15,11,7267.44,4706.88,55674.09,20296.37,1.0,11,15,0.005201,0.00014226,0,920,0
ACC00266,28213.53,75073.71,10,18,10,18,2821.35,4170.76,6406.34,11662.58,1.037,18,10,0.005601,0.00016947,1,990,0
ACC00267,176235.68,97790.6,13,15,13,14,13556.59,6519.37,80779.0,31358.66,1.037,14,13,0.005401,0.00020657,0,500,1
ACC00268,207784.23,82071.98,14,13,14,13,14841.73,6313.23,70106.53,23662.24,1.0385,13,14,0.005401,0.00019749,1,920,1
ACC00269,115213.65,106234.11,13,14,13,14,8862.59,7588.15,28650.04,45540.66,1.0,14,13,0.005401,0.00017318,1,664,0
ACC00270,61746.0,62014.19,19,13,19,13,3249.79,4770.32,10272.19,13338.2,1.0323,13,19,0.006401,0.00011626,0,498,0
ACC00271,117205.92,75836.85,20,15,20,14,5860.3,5055.79,33017.89,21620.26,1.0294,14,20,0.006801,0.00017203,1,500,0
ACC00272,118129.58,70116.81,20,21,20,21,5906.48,3338.9,23745.93,11777.13,1.0513,21,20,0.008202,0.00012866,1,990,0
ACC00273,45360.12,72356.76,16,15,16,15,2835.01,4823.78,6149.53,29059.09,1.0333,15,16,0.006201,0.00012344,0,255,0
ACC00274,130385.62,41958.73,29,12,29,12,4496.06,3496.56,22412.42,8641.47,1.025,12,29,0.008202,0.0001316,1,920,0
ACC00275,99766.76,97634.64,19,17,19,17,5250.88,5743.21,18107.92,21218.12,1.0909,17,19,0.007201,0.00016939,0,920,0
ACC00276,92719.2,73964.06,19,17,19,17,4879.96,4350.83,50258.37,14161.92,1.0909,17,19,0.007201,0.00016498,1,500,0
ACC00277,730075.32,831962.23,16,23,10,16,45629.71,36172.27,98875.0,96302.0,1.56,16,10,0.005201,0.0002768,1,920,1
ACC00278,45766.48,110088.67,18,16,18,16,2542.58,6880.54,7609.03,30334.49,1.0625,16,18,0.006801,0.00020863,1,664,0
ACC00279,39486.2,45913.34,8,10,8,10,4935.78,4591.33,15925.97,13743.64,1.0,10,8,0.003601,0.00010874,1,498,0
ACC00280,48963.54,28208.38,15,12,15,12,3264.24,2350.7,8113.87,7430.36,1.0,12,15,0.005401,7.271e-05,1,500,0
ACC00281,61879.03,84716.76,19,18,19,18,3256.79,4706.49,10178.96,16865.55,1.0571,18,19,0.007401,0.00018605,1,498,0
ACC00282,107279.62,67214.33,14,14,14,14,7662.83,4801.02,16018.39,18143.3,1.0,14,14,0.005601,0.00021493,1,990,0
ACC00283,46821.26,113433.52,14,17,14,17,3344.38,6672.56,7776.54,39929.0,1.0,17,14,0.006201,0.00020193,1,920,0
ACC00284,151472.63,102287.96,20,17,20,17,7573.63,6016.94,37761.31,31076.64,1.0882,17,20,0.007401,0.00020456,0,500,0
ACC00285,70738.04,36871.7,8,11,8,11,8842.25,3351.97,32601.37,9455.54,1.1176,11,8,0.003801,8.457e-05,1,675,0
ACC00286,57721.12,70595.16,17,17,17,17,3395.36,4152.66,8089.49,11223.55,1.0625,17,17,0.006801,0.00016645,0,498,0
ACC00287,154404.89,97929.22,14,17,14,17,11028.92,5760.54,88084.0,12999.56,1.069,17,14,0.006201,0.00016568,1,664,1
ACC00288,74419.6,81189.18,16,14,16,14,4651.22,5799.23,13801.51,19142.14,1.0345,14,16,0.006001,0.00020485,0,498,0
ACC00289,88410.42,47952.21,23,12,23,12,3843.93,3996.02,10635.13,12195.48,1.0294,12,23,0.007001,0.00015665,1,920,0
ACC00290,64030.55,64661.52,13,16,13,16,4925.43,4041.35,10910.62,27065.43,1.0,16,13,0.005801,0.00014286,0,920,0
ACC00291,103194.02,44740.4,9,11,9,11,11466.0,4067.31,66469.0,9235.7,1.0526,11,9,0.004001,0.00013403,1,498,1
ACC00292,84124.05,64012.11,18,13,18,13,4673.56,4924.01,16684.45,15489.08,1.069,13,18,0.006201,0.00013474,0,498,0
ACC00293,47605.84,56701.9,15,16,15,16,3173.72,3543.87,9436.87,13817.5,1.0333,16,15,0.006201,0.00012506,1,675,0
ACC00294,105425.26,59899.68,17,19,17,19,6201.49,3152.61,36348.22,8447.44,1.0588,19,17,0.007201,0.00018759,0,498,0
ACC00295,110190.23,143929.17,19,12,19,12,5799.49,11994.1,20246.65,67787.0,1.1071,12,19,0.006201,0.00012605,0,920,1
ACC00296,109479.42,134316.28,13,19,13,19,8421.49,7069.28,38807.37,42911.93,1.0323,19,13,0.006401,0.00022044,0,920,0
ACC00297,51578.52,111665.84,17,12,17,12,3034.03,9305.49,10765.27,64945.0,1.0,12,17,0.005801,0.00014014,1,920,1
ACC00298,114188.96,44306.68,19,13,19,13,6009.95,3408.21,19127.0,6373.05,1.1429,13,19,0.006401,0.00014563,1,498,0
ACC00299,523438.41,47687.81,19,18,19,18,27549.39,2649.32,89681.0,9800.55,1.3214,18,19,0.007401,0.0001106,1,920,1
ACC00300,47095.64,48186.51,9,14,9,14,5232.85,3441.89,18022.56,11782.41,1.0952,14,9,0.004601,0.00010416,0,675,0
ACC00301,122001.94,59129.33,12,16,12,16,10166.83,3695.58,70040.0,15202.76,1.037,16,12,0.005601,0.00011631,0,500,1
ACC00302,140400.76,44638.5,19,13,19,12,7389.51,3433.73,65207.0,9026.22,1.1034,12,19,0.006201,8.325e-05,1,920,1
ACC00303,44821.4,48109.54,11,13,11,13,4074.67,3700.73,12313.91,11646.27,1.0,13,11,0.004801,0.00014799,0,990,0
ACC00304,127563.88,89580.28,21,20,21,20,6074.47,4479.01,22462.29,13834.85,1.1081,20,21,0.008202,0.00015959,1,255,0
ACC00305,93614.87,47966.93,21,13,21,13,4457.85,3689.76,25688.6,22012.6,1.0968,13,21,0.006801,0.00010776,0,920,0
ACC00306,114937.57,238926.0,22,20,22,20,5224.44,11946.3,55966.08,95000.0,1.1053,20,22,0.008402,0.00037365,1,664,1
ACC00307,63864.81,63161.53,17,18,17,18,3756.75,3508.97,14234.35,8356.88,1.129,18,17,0.007001,0.00016517,1,500,0
ACC00308,94561.94,66489.99,12,20,12,20,7880.16,3324.5,21173.65,8837.5,1.0667,20,12,0.006401,0.00014785,0,675,0
ACC00309,52301.23,66474.13,11,16,11,16,4754.66,4154.63,17572.02,13906.05,1.0,16,11,0.005401,0.00014871,0,498,0
ACC00310,35100.04,135890.44,13,16,13,16,2700.0,8493.15,7623.34,26062.94,1.0741,16,13,0.005801,0.00032625,1,500,0
ACC00311,52514.49,622455.5,11,15,11,15,4774.04,41497.03,13262.86,574334.85,1.04,15,11,0.005201,0.00087658,1,498,1
ACC00312,180758.3,171264.44,22,22,22,22,8216.29,7784.75,72437.76,73946.88,1.1282,22,22,0.008802,0.00034221,1,920,1
ACC00313,50719.26,137419.9,10,12,10,12,5071.93,11451.66,17324.69,95000.0,1.0,12,10,0.004401,0.0001745,0,664,0
ACC00314,74615.91,70397.11,16,15,16,15,4663.49,4693.14,20883.16,19032.72,1.0,15,16,0.006201,0.00015846,1,255,0
ACC00315,835446.08,44183.28,26,14,19,14,32132.54,3155.95,98138.0,8836.71,1.25,14,19,0.006601,0.00013293,0,500,1
ACC00316,98503.62,92383.1,21,12,21,12,4690.65,7698.59,16441.25,25757.32,1.0312,12,21,0.006601,0.0001313,1,920,0
ACC00317,224937.87,155248.53,18,19,18,19,12496.55,8170.98,95000.0,33017.89,1.0,19,18,0.007401,0.00024133,1,500,1
ACC00318,79232.34,61233.97,14,17,14,17,5659.45,3602.0,30984.69,7340.58,1.0333,17,14,0.006201,0.00013728,0,498,0
ACC00319,33946.27,46812.54,15,9,15,9,2263.08,5201.39,9883.02,29494.51,1.0435,9,15,0.004801,8.894e-05,0,664,0
ACC00320,67526.32,42631.57,20,14,20,14,3376.32,3045.11,10122.79,13479.41,1.0,14,20,0.006801,0.00010822,1,500,0
ACC00321,149091.37,89417.69,23,17,23,17,6482.23,5259.86,29823.28,17658.66,1.0811,17,23,0.008002,0.00022355,1,500,1
ACC00322,59061.69,70243.01,12,11,12,11,4921.81,6385.73,20178.02,19075.0,1.0952,11,12,0.004601,0.00019964,0,664,0
ACC00323,140324.52,191453.31,15,21,15,21,9354.97,9116.82,80275.0,77064.0,1.0909,21,15,0.007201,0.00034908,1,498,1
ACC00324,133008.04,55819.35,17,18,17,18,7824.0,3101.07,60013.0,8054.63,1.0606,18,17,0.007001,0.00013157,1,990,1
ACC00325,155171.18,55850.42,18,13,18,13,8620.62,4296.19,77981.0,17450.99,1.0333,13,18,0.006201,0.00017486,0,990,1
ACC00326,55340.14,42011.39,13,10,13,10,4256.93,4201.14,11586.77,9687.95,1.0455,10,13,0.004601,0.00011248,0,675,0
ACC00327,89551.02,50923.37,16,19,16,19,5596.94,2680.18,23555.11,9563.39,1.0294,19,16,0.007001,0.00010398,1,664,0
ACC00328,56523.63,112789.11,14,17,14,17,4037.4,6634.65,10513.65,38170.0,1.0333,17,14,0.006201,0.00022674,0,920,1
ACC00329,81204.43,76119.37,14,13,14,13,5800.32,5855.34,13961.97,20301.86,1.0385,13,14,0.005401,0.00015273,1,990,0
ACC00330,36193.46,59856.93,10,10,10,10,3619.35,5985.69,13971.81,25797.14,1.0,10,10,0.004001,0.00021826,0,990,0
ACC00331,38334.13,46050.98,12,13,12,13,3194.51,3542.38,9215.06,9798.7,1.087,13,12,0.005001,0.00010029,1,920,0
ACC00332,65815.35,85477.89,18,10,18,10,3656.41,8547.79,7852.79,42287.31,1.0,10,18,0.005601,0.00017234,1,990,0
ACC00333,50734.15,65950.0,18,15,18,15,2818.56,4396.67,11991.69,14664.53,1.0,15,18,0.006601,0.00012597,0,990,0
ACC00334,93319.4,48609.83,7,12,7,12,13331.34,4050.82,80440.0,11467.78,1.0556,12,7,0.003801,0.00015279,1,500,1
ACC00335,125167.1,80011.83,17,10,17,10,7362.77,8001.18,62407.0,59910.72,1.0385,10,17,0.005401,0.00015317,1,498,1
ACC00336,84945.96,65211.68,17,21,17,21,4996.82,3105.32,34151.06,9243.13,1.1176,21,17,0.007602,0.00017048,1,920,0
ACC00337,132781.84,45657.58,14,13,14,13,9484.42,3512.12,65526.0,8191.3,1.0,13,14,0.005401,0.00014234,1,990,1
ACC00338,84507.6,75612.68,11,22,11,22,7682.51,3436.94,34996.86,11806.76,1.0312,22,11,0.006601,0.00017581,0,920,0
ACC00339,40032.55,71322.86,13,11,13,11,3079.43,6483.9,7640.74,38611.2,1.0,11,13,0.004801,0.00014706,0,255,0
ACC00340,71874.84,51418.78,14,16,14,16,5133.92,3213.67,18580.66,16753.04,1.0,16,14,0.006001,0.00014428,0,920,0
ACC00341,145196.07,135678.44,21,13,21,13,6914.1,10436.8,59025.6,60255.3,1.1333,13,21,0.006801,0.00029329,1,255,1
ACC00342,118583.16,134501.28,12,19,12,19,9881.93,7079.01,67439.0,64741.44,1.069,19,12,0.006201,0.00025613,1,920,1
ACC00343,60132.09,51792.52,12,15,12,15,5011.01,3452.83,13088.4,21586.09,1.0385,15,12,0.005401,0.00013211,0,990,0
ACC00344,124681.87,163632.63,15,13,15,13,8312.12,12587.13,41981.66,79908.0,1.037,13,15,0.005601,0.00026609,0,498,1
ACC00345,136089.98,44782.93,16,14,16,14,8505.62,3198.78,74263.45,7905.67,1.0714,14,16,0.006001,0.0001167,0,675,0
ACC00346,69858.02,45667.51,13,10,13,10,5373.69,4566.75,16125.5,18746.25,1.0952,10,13,0.004601,0.00018872,0,498,0
ACC00347,112946.69,155490.36,15,21,15,21,7529.78,7404.3,35448.0,62594.0,1.0,21,15,0.007201,0.00021891,1,498,1
ACC00348,57925.59,103699.23,19,17,19,17,3048.72,6099.95,6023.5,12822.8,1.0286,17,19,0.007201,0.00024075,0,990,0
ACC00349,68442.96,42415.97,13,7,13,7,5264.84,6059.42,15936.91,24324.75,1.0,7,13,0.004001,9.515e-05,1,990,0
ACC00350,218055.67,146575.56,15,18,15,18,14537.04,8143.09,80929.0,62360.48,1.0645,18,15,0.006601,0.00023814,1,664,1
ACC00351,118148.46,86871.74,13,14,13,14,9088.34,6205.12,45995.73,50651.0,1.0385,14,13,0.005401,9.221e-05,0,675,1
ACC00352,71875.65,101065.11,17,19,17,19,4227.98,5319.22,21186.18,17421.39,1.0286,19,17,0.007201,0.00028904,0,990,0
ACC00353,48078.57,57126.28,11,14,11,14,4370.78,4080.45,15833.84,11117.27,1.0,14,11,0.005001,0.00011808,1,664,0
ACC00354,82305.79,63347.22,15,14,15,14,5487.05,4524.8,16284.44,9274.62,1.0357,14,15,0.005801,0.00015518,0,675,0
ACC00355,73767.87,56555.82,16,14,16,14,4610.49,4039.7,13100.35,13645.65,1.0714,14,16,0.006001,0.00014164,0,675,0
ACC00356,112772.1,61730.54,10,19,10,19,11277.21,3248.98,68380.0,8201.16,1.0357,19,10,0.005801,0.00013989,1,498,1
ACC00357,27446.56,67067.05,9,18,9,18,3049.62,3725.95,7918.93,15953.82,1.125,18,9,0.005401,0.00017348,1,664,0
ACC00358,74352.09,93867.87,16,20,16,20,4647.01,4693.39,15566.27,15366.68,1.0286,20,16,0.007201,0.00023576,1,920,0
ACC00359,170669.71,229148.44,16,20,16,20,10666.86,11457.42,82873.92,84600.46,1.2,20,16,0.007201,0.00051612,1,498,1
ACC00360,43830.87,59247.92,11,14,11,14,3984.62,4231.99,9195.94,12845.07,1.0,14,11,0.005001,0.0001271,0,500,0
ACC00361,68613.25,95436.94,13,24,13,24,5277.94,3976.54,14814.62,15037.0,1.0278,24,13,0.007401,0.00018827,0,920,1
ACC00362,47853.39,70572.8,12,17,12,17,3987.78,4151.34,7268.45,11570.8,1.0357,17,12,0.005801,0.00016543,0,920,0
ACC00363,81986.72,43502.48,10,14,10,14,8198.67,3107.32,24415.41,9219.56,1.0435,14,10,0.004801,0.00012515,0,664,0
ACC00364,160465.38,132640.81,23,23,23,23,6976.76,5766.99,20795.85,53671.8,1.0698,23,23,0.009202,0.00021071,1,990,0
ACC00365,139220.65,52392.22,18,12,18,12,7734.48,4366.02,66309.0,20413.38,1.0345,12,18,0.006001,0.00014093,1,990,1
ACC00366,94333.83,105168.7,14,18,14,18,6738.13,5842.71,21594.55,26815.98,1.0323,18,14,0.006401,0.00029019,1,675,0
ACC00367,972657.73,848758.97,20,26,20,26,48632.89,32644.58,779563.35,87033.0,1.4375,26,20,0.009202,0.00111727,1,498,1
ACC00368,48627.57,739619.44,13,17,13,17,3740.58,43507.03,11807.07,649509.3,1.0345,17,13,0.006001,0.00114435,0,498,1
ACC00369,667914.32,50281.08,25,14,20,14,26716.57,3591.51,98182.0,14294.0,1.1471,14,20,0.006801,0.00013118,0,990,1
ACC00370,130552.41,160980.75,20,17,20,17,6527.62,9469.46,48048.38,72348.81,1.0571,17,20,0.007401,0.00023332,1,920,0
ACC00371,72926.08,76105.35,14,17,14,17,5209.01,4476.79,14499.67,28168.54,1.1071,17,14,0.006201,0.00019341,0,990,0
ACC00372,65844.4,49645.32,19,13,19,13,3465.49,3818.87,14021.52,13071.43,1.0667,13,19,0.006401,0.0001205,1,920,0
ACC00373,92816.32,61477.96,13,18,13,18,7139.72,3415.44,40971.0,18192.96,1.1071,18,13,0.006201,0.00016474,1,675,1
ACC00374,125800.36,32799.09,16,8,16,8,7862.52,4099.89,30911.0,9684.86,1.0435,8,16,0.004801,9.482e-05,0,920,1
ACC00375,276400.62,69592.97,24,16,24,16,11516.69,4349.56,88164.0,23451.32,1.1429,16,24,0.008002,0.00020434,1,664,1
ACC00376,41202.58,125846.1,10,18,10,18,4120.26,6991.45,12899.1,28924.22,1.12,18,10,0.005601,0.00027433,1,920,0
ACC00377,69633.49,126263.38,21,22,21,22,3315.88,5739.24,10789.02,28396.98,1.0488,22,21,0.008602,0.00019662,1,920,0
ACC00378,62023.39,130853.18,18,18,18,18,3445.74,7269.62,10869.9,56019.33,1.0286,18,18,0.007201,0.00027564,0,500,0
ACC00379,71132.15,55576.36,17,13,16,13,4184.24,4275.1,14817.17,7512.1,1.0345,13,16,0.005801,0.00013459,1,498,0
ACC00380,95916.35,92390.9,19,19,19,19,5048.23,4862.68,20721.54,28922.44,1.027,19,19,0.007602,0.00019525,1,920,0
ACC00381,80194.78,63201.5,18,15,18,15,4455.27,4213.43,20818.83,13255.35,1.0645,15,18,0.006601,0.00013625,1,498,0
ACC00382,70065.65,65472.94,14,18,14,18,5004.69,3637.39,21839.95,7806.29,1.0323,18,14,0.006401,0.00019488,1,664,0
ACC00383,140878.19,72652.45,16,16,16,16,8804.89,4540.78,53263.01,21064.12,1.0323,16,16,0.006401,0.0002345,0,990,0
ACC00384,110337.56,81736.23,19,10,19,10,5807.24,8173.62,19784.49,38829.72,1.0357,10,19,0.005801,0.00014298,1,500,0
ACC00385,137636.68,144583.41,22,20,22,20,6256.21,7229.17,23299.96,35307.56,1.0244,20,22,0.008402,0.00029995,1,675,0
ACC00386,268394.08,32429.12,29,12,29,12,9254.97,2702.43,77105.0,8459.2,1.1714,12,29,0.008202,7.573e-05,1,990,1
ACC00387,107492.9,58115.48,20,18,20,18,5374.64,3228.64,24873.3,8545.44,1.0857,18,20,0.007602,0.00016775,1,990,0
ACC00388,86521.29,109872.51,19,18,19,18,4553.75,6104.03,13582.43,24192.33,1.0,18,19,0.007401,0.00025278,1,498,0
ACC00389,66682.76,83975.45,11,25,11,25,6062.07,3359.02,18596.78,14691.67,1.0588,25,11,0.007201,0.00017335,1,498,0
ACC00390,78365.5,108158.84,17,19,17,19,4609.74,5692.57,14730.69,21741.45,1.0909,19,17,0.007201,0.00019805,1,498,0
ACC00391,14181.93,110149.04,6,19,6,19,2363.66,5797.32,5984.52,15627.3,1.0,19,6,0.005001,0.00020803,1,498,0
ACC00392,182402.79,59726.19,20,14,20,14,9120.14,4266.16,64987.0,14510.37,1.0625,14,20,0.006801,0.00012539,1,500,1
ACC00393,169550.61,88531.27,17,13,17,13,9973.57,6810.1,52651.0,42336.0,1.0345,13,17,0.006001,0.00034087,1,498,1
ACC00394,134775.66,55746.2,15,13,15,13,8985.04,4288.17,86005.0,15110.7,1.037,13,15,0.005601,0.00017484,0,675,1
ACC00395,66078.78,52517.65,20,8,20,8,3303.94,6564.71,10208.84,14225.95,1.037,8,20,0.005601,0.00015338,0,675,0
ACC00396,52390.29,90368.84,7,15,7,15,7484.33,6024.59,19731.64,20581.4,1.0476,15,7,0.004401,0.00016937,0,498,0
ACC00397,80911.56,75810.45,17,19,17,19,4759.5,3990.02,20076.7,10312.05,1.0286,19,17,0.007201,0.00017382,1,498,0
ACC00398,88790.57,40694.93,21,14,21,14,4228.12,2906.78,21811.32,5478.46,1.0,14,21,0.007001,0.00010578,0,498,0
ACC00399,46101.26,86847.75,11,16,11,16,4191.02,5427.98,11723.53,18478.78,1.0385,16,11,0.005401,0.00017912,1,498,0
ACC00400,39745.9,134780.24,14,19,14,19,2838.99,7093.7,10693.03,44797.57,1.0645,19,14,0.006601,0.00024504,0,675,0
ACC00401,135271.76,81560.69,18,15,18,15,7515.1,5437.38,58158.96,13653.97,1.0312,15,18,0.006601,0.00018407,0,498,0
ACC00402,40315.01,90805.62,10,19,10,19,4031.5,4779.24,6609.73,36430.87,1.16,19,10,0.005801,0.00021466,1,500,0
ACC00403,117604.47,98011.9,20,22,20,22,5880.22,4455.09,38491.75,11566.52,1.05,22,20,0.008402,0.00017857,1,664,0
ACC00404,56776.9,75651.22,11,13,11,13,5161.54,5819.32,13433.02,35348.72,1.0435,13,11,0.004801,0.00018622,1,920,0
ACC00405,38436.43,72060.74,17,18,17,18,2260.97,4003.37,4963.6,11621.57,1.0,18,17,0.007001,0.00016276,1,498,0
ACC00406,111778.41,67590.26,12,7,12,7,9314.87,9655.75,67573.87,21265.19,1.0556,7,12,0.003801,0.00018234,1,664,0
ACC00407,106658.84,113003.56,17,16,17,16,6274.05,7062.72,46982.7,27880.55,1.0645,16,17,0.006601,0.00022504,1,664,0
ACC00408,89862.42,112835.5,18,27,18,27,4992.36,4179.09,18578.19,20431.75,1.0,27,18,0.009002,0.00025516,0,990,0
ACC00409,102987.99,103287.15,12,19,12,19,8582.33,5436.17,55162.0,19683.8,1.069,19,12,0.006201,0.00022814,1,990,1
ACC00410,118730.47,142701.01,21,21,21,21,5653.83,6795.29,29590.15,57321.0,1.0769,21,21,0.008402,0.00019387,1,920,1
ACC00411,69441.31,75691.86,12,15,12,15,5786.78,5046.12,40220.51,15965.41,1.0,15,12,0.005401,0.00020371,1,500,0
ACC00412,11117.14,183836.93,5,19,5,19,2223.43,9675.63,4142.16,87357.86,1.0,19,5,0.004801,0.00029666,1,990,0
ACC00413,56793.96,29693.71,13,12,13,12,4368.77,2474.48,11593.73,5303.48,1.0,12,13,0.005001,9.171e-05,0,990,0
ACC00414,113161.03,49621.93,27,15,27,14,4191.15,3308.13,21911.62,7846.28,1.05,14,27,0.008202,0.00017496,1,500,0
ACC00415,92913.44,43675.36,18,12,18,12,5161.86,3639.61,18521.05,8330.24,1.0714,12,18,0.006001,0.00011446,0,498,0
ACC00416,62263.86,45113.76,19,13,19,13,3277.05,3470.29,6836.18,16610.38,1.0667,13,19,0.006401,0.00010179,1,990,0
ACC00417,152238.99,129265.2,19,15,19,14,8012.58,8617.68,73230.0,70300.8,1.0303,14,19,0.006601,0.0002636,1,675,1
ACC00418,197424.13,95957.41,19,19,19,19,10390.74,5050.39,75977.0,18618.37,1.0556,19,19,0.007602,0.00020176,0,664,1
ACC00419,39654.15,88359.56,12,13,12,13,3304.51,6796.89,8317.88,30045.23,1.0,13,12,0.005001,0.00015942,1,664,0
ACC00420,87085.04,60687.25,12,11,12,11,7257.09,5517.02,22535.93,16860.29,1.0455,11,12,0.004601,0.00012264,0,500,0
ACC00421,59703.14,440272.03,15,27,15,26,3980.21,16306.37,11345.45,87089.0,1.1667,26,15,0.008202,0.00055259,1,920,1
ACC00422,41869.83,135469.81,12,24,12,24,3489.15,5644.58,8526.25,42672.87,1.0588,24,12,0.007201,0.0002363,1,920,0
ACC00423,117560.85,95717.36,19,21,19,21,6187.41,4557.97,33951.0,15291.43,1.0,21,19,0.008002,0.00019291,1,498,1
ACC00424,150240.59,74998.5,14,9,14,9,10731.47,8333.17,62210.66,26653.64,1.0,9,14,0.004601,0.00014148,1,920,0
ACC00425,76721.23,69451.9,14,19,14,19,5480.09,3655.36,19760.79,15682.48,1.0312,19,14,0.006601,0.00016198,0,498,0
ACC00426,73834.58,69473.84,16,15,16,15,4614.66,4631.59,15901.37,24532.5,1.0,15,16,0.006201,0.00015544,0,498,0
ACC00427,81374.8,98391.85,17,18,17,18,4786.75,5466.21,10455.43,31325.99,1.0606,18,17,0.007001,0.00020314,0,990,0
ACC00428,68175.17,588675.94,18,21,18,21,3787.51,28032.19,11275.0,427455.35,1.0541,21,18,0.007802,0.00073875,1,498,1
ACC00429,43821.24,1208760.65,11,29,11,18,3983.75,41681.4,10790.16,98761.0,1.4286,18,11,0.005801,0.00024307,0,920,1
ACC00430,192640.06,197622.77,12,18,12,18,16053.34,10979.04,74638.0,71652.48,1.1111,18,12,0.006001,0.00024299,1,500,1
ACC00431,58867.3,63856.18,12,15,12,15,4905.61,4257.08,13550.04,24613.69,1.08,15,12,0.005401,0.00018549,0,500,0
ACC00432,167314.92,106066.44,15,23,15,23,11154.33,4611.58,58680.02,28944.01,1.0,23,15,0.007602,0.00024603,0,500,0
ACC00433,86609.47,89994.99,11,17,11,17,7873.59,5293.82,33056.89,33975.23,1.0,17,11,0.005601,0.00021445,0,500,0
ACC00434,138798.9,138200.79,13,19,13,19,10676.84,7273.73,77534.4,79149.7,1.0323,19,13,0.006401,0.00033466,1,500,1
ACC00435,64487.1,98021.97,16,16,16,16,4030.44,6126.37,9494.54,31742.37,1.0,16,16,0.006401,0.00020727,0,664,0
ACC00436,63096.94,89559.37,14,17,14,17,4506.92,5268.2,24875.32,18541.57,1.0333,17,14,0.006201,0.00020492,1,990,0
ACC00437,94302.06,85286.53,20,17,20,17,4715.1,5016.85,17765.79,18734.64,1.1212,17,20,0.007401,0.00016187,1,664,0
ACC00438,87868.94,129948.14,17,20,17,20,5168.76,6497.41,29007.67,38542.63,1.1562,20,17,0.007401,0.00025918,1,920,0
ACC00439,47391.49,126593.55,17,16,17,16,2787.73,7912.1,6393.0,40388.41,1.0645,16,17,0.006601,0.00018463,1,990,0
ACC00440,107173.67,61714.77,17,18,16,18,6304.33,3428.6,21287.17,12235.16,1.0294,18,16,0.006801,0.00014212,0,920,0
ACC00441,97133.85,70026.22,17,12,17,12,5713.76,5835.52,46025.0,32466.62,1.0741,12,17,0.005801,0.00019489,0,255,1
ACC00442,70415.62,94336.36,13,21,13,21,5416.59,4492.21,26261.69,24314.82,1.1333,21,13,0.006801,0.00022773,1,920,0
ACC00443,58971.38,82851.35,14,14,14,14,4212.24,5917.95,11961.92,14269.43,1.0,14,14,0.005601,0.00018006,0,498,0
ACC00444,132263.05,32698.0,14,10,14,10,9447.36,3269.8,64215.0,17105.04,1.0,10,14,0.004801,0.00010353,0,664,1
ACC00445,216255.54,92594.82,18,18,18,18,12014.2,5144.16,95000.0,21308.7,1.0,18,18,0.007201,0.00017902,1,664,0
ACC00446,110467.18,109603.71,19,13,19,13,5814.06,8431.05,22581.33,46468.0,1.0,13,19,0.006401,0.0001628,0,255,1
ACC00447,68932.63,40837.83,15,13,15,13,4595.51,3141.37,21180.22,7577.22,1.0769,13,15,0.005601,0.00014373,1,498,0
ACC00448,97453.65,76586.65,13,17,13,17,7496.43,4505.1,46440.0,12377.45,1.0345,17,13,0.006001,0.00018343,0,920,1
ACC00449,75034.6,76177.07,23,14,23,14,3262.37,5441.22,10767.04,17951.33,1.0,14,23,0.007401,0.00017132,1,920,0
ACC00450,198953.96,46740.12,21,13,21,13,9474.0,3595.39,79674.0,10437.21,1.0625,13,21,0.006801,9.682e-05,0,498,1
ACC00451,26308.76,59447.62,8,16,8,16,3288.59,3715.48,8107.8,11576.45,1.0435,16,8,0.004801,0.00013499,1,920,0
ACC00452,27562.04,87910.12,7,19,7,19,3937.43,4626.85,9685.83,42592.79,1.04,19,7,0.005201,0.00020928,0,498,0
ACC00453,62438.64,56846.32,15,18,15,18,4162.58,3158.13,14269.02,10336.16,1.0312,18,15,0.006601,0.00012749,1,920,0
ACC00454,100377.36,110919.95,21,24,21,24,4779.87,4621.66,21217.62,15536.21,1.0465,24,21,0.009002,0.00019764,1,990,0
ACC00455,141878.35,53694.49,16,13,16,13,8867.4,4130.35,54340.97,15189.7,1.0357,13,16,0.005801,0.00013572,1,664,0
ACC00456,46251.43,55152.41,16,19,16,19,2890.71,2902.76,6963.45,11054.64,1.0606,19,16,0.007001,0.00012972,1,498,0
ACC00457,69566.82,56140.4,18,15,18,15,3864.82,3742.69,11003.49,13593.2,1.1,15,18,0.006601,0.00017124,1,498,0
ACC00458,102652.11,198638.0,11,15,11,15,9332.01,13242.53,52118.0,95000.0,1.0833,15,11,0.005201,0.00022611,0,255,1
ACC00459,65289.98,87343.71,12,19,12,19,5440.83,4597.04,11871.48,10812.37,1.0333,19,12,0.006201,0.0001915,1,920,0
ACC00460,188767.16,64835.73,22,15,22,15,8580.33,4322.38,70769.02,8195.73,1.0278,15,22,0.007401,0.00014544,1,920,0
ACC00461,480268.08,92194.13,19,22,19,22,25277.27,4190.64,68579.0,18657.44,1.2424,22,19,0.008202,0.00015903,0,664,1
ACC00462,164670.22,69854.93,19,11,19,11,8666.85,6350.45,84045.0,22704.19,1.0,11,19,0.006001,0.00017497,1,920,1
ACC00463,49944.25,53521.35,13,11,13,11,3841.87,4865.58,13359.59,16125.5,1.0,11,13,0.004801,0.00015061,0,675,0
ACC00464,73510.42,79454.91,16,14,16,14,4594.4,5675.35,17084.1,35544.55,1.0345,14,16,0.006001,0.00015556,1,990,0
ACC00465,172083.3,127299.6,17,16,17,16,10122.55,7956.23,63713.72,65014.0,1.1379,16,17,0.006601,0.00028591,1,664,1
ACC00466,157124.58,172289.51,18,16,18,16,8729.14,10768.09,45366.63,61755.0,1.1333,16,18,0.006801,0.00025188,0,664,1
ACC00467,109759.04,61823.45,18,13,18,13,6097.72,4755.65,30525.54,20023.86,1.1481,13,18,0.006201,0.00016212,1,500,0
ACC00468,123280.48,52424.94,19,13,19,13,6488.45,4032.69,31248.0,12345.19,1.0667,13,19,0.006401,0.00013589,0,990,1
ACC00469,38916.11,33502.06,14,11,14,11,2779.72,3045.64,5236.51,6279.74,1.1364,11,14,0.005001,0.00010166,1,498,0
ACC00470,60125.36,130713.96,12,17,12,17,5010.45,7689.06,23981.3,67573.87,1.0357,17,12,0.005801,0.00021866,0,498,0
ACC00471,123831.47,25282.61,17,10,17,10,7284.2,2528.26,51380.27,12203.15,1.08,10,17,0.005401,7.166e-05,0,990,0
ACC00472,88137.86,75134.99,14,16,14,16,6295.56,4695.94,31107.0,15944.35,1.0345,16,14,0.006001,0.00015294,0,920,1
ACC00473,98741.51,92445.85,12,18,12,18,8228.46,5135.88,35300.0,19028.62,1.0345,18,12,0.006001,0.00020537,1,920,1
ACC00474,101212.59,27112.97,14,7,14,7,7229.47,3873.28,37233.73,10860.39,1.0,7,14,0.004201,8.017e-05,0,664,0
ACC00475,122577.95,636109.12,20,24,20,19,6128.9,26504.55,31267.64,98785.0,1.1282,19,20,0.007802,0.00033713,0,498,1
ACC00476,70926.65,40443.09,15,10,15,10,4728.44,4044.31,17661.13,22249.74,1.0417,10,15,0.005001,8.103e-05,0,920,0
ACC00477,36823.75,58807.99,10,17,10,17,3682.38,3459.29,8680.37,9495.71,1.08,17,10,0.005401,0.00011614,0,498,0
ACC00478,157930.64,92845.32,19,15,19,15,8312.14,6189.69,64657.56,30267.25,1.0303,15,19,0.006801,0.00020005,1,500,0
ACC00479,78260.09,61437.26,11,13,11,13,7114.55,4725.94,21455.44,9333.94,1.0,13,11,0.004801,0.0001865,1,990,0
ACC00480,41449.41,86464.71,13,22,13,22,3188.42,3930.21,11219.54,14332.61,1.0606,22,13,0.007001,0.00020601,1,498,0
ACC00481,74864.49,105261.0,14,17,14,17,5347.46,6191.82,21593.65,17990.74,1.069,17,14,0.006201,0.00019362,1,920,0
ACC00482,180144.06,60177.94,19,13,19,13,9481.27,4629.07,82052.0,13346.53,1.0667,13,19,0.006401,0.00014448,0,498,1
ACC00483,91440.78,44603.59,21,14,21,14,4354.32,3185.97,16928.39,11409.23,1.0294,14,21,0.007001,0.00012862,0,920,0
ACC00484,471184.23,503197.92,19,32,19,32,24799.17,15724.94,356704.1,83595.0,1.275,32,19,0.010202,0.00088901,1,664,1
ACC00485,101391.57,96889.93,18,17,18,17,5632.86,5699.41,30305.0,29092.8,1.0938,17,18,0.007001,0.00017153,1,990,1
ACC00486,72989.9,66038.41,20,13,20,13,3649.49,5079.88,25166.39,18338.69,1.1,13,20,0.006601,0.00012968,1,990,0
ACC00487,38355.17,62234.81,8,17,8,17,4794.4,3660.87,16278.88,13812.81,1.0417,17,8,0.005001,0.00012818,1,664,0
ACC00488,130965.37,41371.85,23,11,23,11,5694.15,3761.08,35653.49,10381.1,1.0968,11,23,0.006801,0.00011097,1,498,0
ACC00489,86231.44,185046.11,10,24,10,24,8623.14,7710.25,47330.17,59974.13,1.0625,24,10,0.006801,0.00034244,0,920,0
ACC00490,55692.02,41317.49,11,13,11,13,5062.91,3178.27,15417.14,11970.58,1.0435,13,11,0.004801,0.00010256,1,664,0
ACC00491,92786.87,108765.35,20,15,19,15,4639.34,7251.02,17546.04,51287.0,1.0294,15,19,0.006801,0.00013277,1,498,1
ACC00492,53484.82,89425.21,17,14,17,14,3146.17,6387.52,8732.21,27364.0,1.0333,14,17,0.006201,0.00014293,1,920,1
ACC00493,95193.33,102780.28,21,17,21,17,4533.02,6045.9,25637.21,24740.05,1.0556,17,21,0.007602,0.00018398,1,990,0
ACC00494,121937.37,113164.11,13,17,13,17,9379.8,6656.71,79301.0,23454.86,1.0345,17,13,0.006001,0.00020712,1,664,1
ACC00495,50549.23,91703.13,16,16,16,16,3159.33,5731.45,8791.66,21593.65,1.1034,16,16,0.006401,0.00022207,0,500,0
ACC00496,101361.07,43438.0,15,16,15,16,6757.4,2714.88,23250.82,19456.0,1.0,16,15,0.006201,0.00012587,0,990,0
ACC00497,61539.19,71736.62,9,15,9,15,6837.69,4782.44,21810.52,15488.02,1.0435,15,9,0.004801,0.00013902,0,500,0
ACC00498,103186.33,112435.04,17,17,17,17,6069.78,6613.83,26014.72,20820.74,1.1724,17,17,0.006801,0.00025888,0,664,0
ACC00499,1106406.6,128833.14,25,18,15,18,44256.26,7157.4,98458.0,59547.9,1.3438,18,15,0.006601,0.00026034,0,498,1
ACC00500,54769.63,51889.42,15,11,15,11,3651.31,4717.22,13818.0,11148.58,1.0833,11,15,0.005201,0.00014939,0,500,0
ACC00501,96292.15,111398.95,14,18,14,18,6878.01,6188.83,22457.31,26637.97,1.1034,18,14,0.006401,0.00021915,0,664,0
ACC00502,77515.45,83649.21,17,17,17,17,4559.73,4920.54,16610.38,14121.31,1.0968,17,17,0.006801,0.00013928,1,990,0
ACC00503,145214.45,80210.66,23,17,23,17,6313.67,4718.27,25304.31,15212.77,1.0811,17,23,0.008002,0.00019594,1,498,0
ACC00504,117978.7,35934.09,19,12,19,12,6209.41,2994.51,35891.97,5898.66,1.0333,12,19,0.006201,0.00012532,1,255,0
ACC00505,42576.6,104679.11,19,22,19,22,2240.87,4758.14,4056.23,36618.41,1.025,22,19,0.008202,0.0002559,1,498,0
ACC00506,114584.5,104682.66,18,18,18,18,6365.81,5815.7,37216.57,20378.27,1.0286,18,18,0.007201,0.00029606,1,664,0
ACC00507,116198.71,96107.49,16,23,16,23,7262.42,4178.59,38966.0,10897.15,1.0541,23,16,0.007802,0.0002485,0,675,1
ACC00508,41885.82,40276.11,12,13,12,13,3490.49,3098.16,16315.95,11259.55,1.0417,13,12,0.005001,0.00014839,0,664,0
ACC00509,101807.8,48951.45,17,16,17,16,5988.69,3059.47,21182.6,13713.4,1.0,16,17,0.006601,0.00016019,0,255,0
ACC00510,71869.72,87821.24,14,16,14,16,5133.55,5488.83,30613.03,17877.31,1.0714,16,14,0.006001,0.00015441,1,664,0
ACC00511,62165.37,74407.23,16,14,16,14,3885.34,5314.8,23059.45,25688.6,1.0,14,16,0.006001,0.00015003,0,664,0
ACC00512,106114.78,31445.56,15,8,15,8,7074.32,3930.69,40373.16,13243.06,1.0952,8,15,0.004601,0.00014571,0,675,0
ACC00513,211389.97,46884.69,27,15,27,15,7829.26,3125.65,44823.71,6883.87,1.0244,15,27,0.008402,0.00010584,1,990,0
ACC00514,34507.11,63846.74,11,10,11,10,3137.01,6384.67,7253.14,14344.3,1.05,10,11,0.004201,0.00015621,0,498,0
ACC00515,52847.47,1070176.84,8,19,8,9,6605.93,56325.1,19104.94,98306.0,1.5882,9,8,0.003401,0.00034093,0,498,1
ACC00516,95870.58,92709.62,17,11,17,11,5639.45,8428.15,18243.35,65352.0,1.037,11,17,0.005601,0.00010911,1,675,1
ACC00517,505754.57,49089.38,20,17,20,17,25287.73,2887.61,72247.0,10634.74,1.2759,17,20,0.007401,0.00028472,0,664,1
ACC00518,138399.94,79092.73,22,21,22,20,6290.91,3766.32,45884.86,9294.92,1.0488,20,22,0.008402,0.00014789,0,675,0
ACC00519,95204.3,51510.74,22,9,22,9,4327.47,5723.42,11722.52,13547.51,1.0333,9,22,0.006201,0.00017086,0,920,0
ACC00520,87467.48,129532.95,24,19,24,19,3644.48,6817.52,19292.31,29123.86,1.0238,19,24,0.008602,0.00018666,1,920,0
ACC00521,37334.29,65953.43,13,10,13,10,2871.87,6595.34,7997.75,34560.12,1.0455,10,13,0.004601,0.00016227,1,920,0
ACC00522,184178.61,207111.55,17,13,17,13,10834.04,15931.66,77263.0,74172.48,1.1111,13,17,0.006001,0.00029737,1,990,1
ACC00523,171397.72,94108.36,19,12,19,12,9020.93,7842.36,45584.7,46515.0,1.0333,12,19,0.006201,0.00015282,1,664,1
ACC00524,66768.6,100364.04,17,16,17,16,3927.56,6272.75,9271.09,37161.0,1.0312,16,17,0.006601,0.0001507,0,675,1
ACC00525,55933.64,49487.73,16,15,16,15,3495.85,3299.18,9150.59,11515.79,1.0333,15,16,0.006201,0.00010905,1,500,0
ACC00526,33554.81,150686.14,8,16,8,16,4194.35,9417.88,9288.54,51002.14,1.0,16,8,0.004801,0.0001764,1,498,0
ACC00527,148208.22,73679.05,23,17,23,17,6443.84,4334.06,72206.0,14466.23,1.0526,17,23,0.008002,0.00014277,1,498,1
ACC00528,100272.35,119021.02,17,17,17,17,5898.37,7001.24,24158.47,37041.88,1.0303,17,17,0.006801,0.00024159,0,664,0
ACC00529,116323.47,78852.27,12,18,12,18,9693.62,4380.68,67381.0,15965.79,1.0345,18,12,0.006001,0.00018978,0,920,1
ACC00530,107778.36,92200.46,14,15,14,15,7698.45,6146.7,33771.0,32420.16,1.0741,15,14,0.005801,0.00019208,1,664,1
ACC00531,772573.21,84396.47,24,15,18,15,32190.55,5626.43,98195.0,19461.06,1.2581,15,18,0.006601,0.00017043,1,990,1
ACC00532,111805.67,163086.13,20,19,20,19,5590.28,8583.48,19885.92,33320.46,1.0541,19,20,0.007802,0.00031255,0,675,0
ACC00533,46912.23,121866.39,17,12,16,12,2759.54,10155.53,6192.42,56353.0,1.0357,12,16,0.005601,0.00012244,0,675,1
ACC00534,68686.62,53808.1,19,13,19,13,3615.09,4139.08,17734.45,21575.93,1.0,13,19,0.006401,0.00012444,1,990,0
ACC00535,72628.5,73828.17,16,13,16,13,4539.28,5679.09,18506.24,27174.05,1.0,13,16,0.005801,0.00013522,1,675,0
ACC00536,111880.79,118235.12,16,23,16,23,6992.55,5140.66,35894.0,34458.24,1.0263,23,16,0.007802,0.00033131,1,990,1
ACC00537,50768.07,68727.91,9,18,9,18,5640.9,3818.22,16165.39,15835.7,1.0,18,9,0.005401,0.00014876,0,990,0
ACC00538,58921.45,168634.4,14,22,14,22,4208.68,7665.2,10916.24,44388.2,1.0588,22,14,0.007201,0.00031392,1,990,0
ACC00539,94523.01,48828.75,18,15,18,15,5251.28,3255.25,20923.79,10363.91,1.1,15,18,0.006601,0.00013128,1,498,0
ACC00540,128435.33,110773.57,20,16,20,16,6421.77,6923.35,17302.75,44057.42,1.0,16,20,0.007201,0.00021479,1,920,0
ACC00541,167131.67,163951.9,20,18,20,18,8356.58,9108.44,36187.0,28899.35,1.027,18,20,0.007602,0.00025331,0,498,1
ACC00542,50870.47,76140.22,11,13,11,13,4624.59,5856.94,18466.5,21196.31,1.0,13,11,0.004801,0.00015644,1,675,0
ACC00543,136269.47,151069.82,20,19,20,19,6813.47,7951.04,36221.75,28446.24,1.0833,19,20,0.007802,0.00027972,1,664,1
ACC00544,86233.2,55407.04,16,8,16,8,5389.57,6925.88,13159.47,23407.21,1.0435,8,16,0.004801,9.923e-05,1,664,0
ACC00545,104033.32,40344.39,9,10,9,10,11559.26,4034.44,52034.01,12009.6,1.0,10,9,0.003801,9.689e-05,1,990,0
ACC00546,36393.74,73209.8,13,14,13,14,2799.52,5229.27,7434.05,38680.0,1.0385,14,13,0.005401,9.674e-05,0,498,1
ACC00547,81702.05,97962.9,15,22,15,22,5446.8,4452.86,15656.76,11235.42,1.0278,22,15,0.007401,0.00020402,0,500,0
ACC00548,134597.96,113460.67,16,22,16,22,8412.37,5157.3,20914.93,32632.0,1.1176,22,16,0.007602,0.0001931,1,920,1
ACC00549,108826.29,129146.42,15,23,15,23,7255.09,5615.06,29076.6,37189.0,1.027,23,15,0.007602,0.00019306,1,498,1
ACC00550,42617.34,183496.43,16,21,16,21,2663.58,8737.93,10091.25,73247.0,1.0571,21,16,0.007401,0.000274,0,990,1
ACC00551,148463.78,71641.53,25,21,25,21,5938.55,3411.5,27324.0,9556.06,1.0698,21,25,0.009202,0.00015846,1,498,0
ACC00552,169100.32,93777.17,26,15,26,15,6503.86,6251.81,74256.0,37067.16,1.0789,15,26,0.008202,0.00020288,0,920,1
ACC00553,31234.18,47454.0,13,16,13,16,2402.63,2965.88,8266.19,6834.12,1.0741,16,13,0.005801,0.00011139,0,664,0
ACC00554,62753.18,42600.29,12,13,12,13,5229.43,3276.95,16991.22,14740.02,1.0,13,12,0.005001,0.00010006,1,675,0
ACC00555,96168.77,86073.74,20,14,20,14,4808.44,6148.12,26633.57,18938.24,1.0,14,20,0.006801,0.00011987,0,675,0
ACC00556,168735.07,37506.11,16,10,16,10,10545.94,3750.61,70702.79,12390.16,1.04,10,16,0.005201,0.00011669,0,675,0
ACC00557,700196.53,125364.45,21,19,15,19,33342.69,6598.13,98482.0,42042.0,1.2121,19,15,0.006801,0.00022761,1,664,1
ACC00558,63284.55,121528.89,18,20,18,20,3515.81,6076.44,6691.9,41633.0,1.0857,20,18,0.007602,0.00021137,1,675,1
ACC00559,66256.36,49574.57,16,10,16,10,4141.02,4957.46,38408.0,13805.37,1.0,10,16,0.005201,0.00015292,1,498,1
ACC00560,57894.79,56153.95,14,17,14,17,4135.34,3303.17,19558.34,15959.17,1.0333,17,14,0.006201,0.00014332,1,664,0
ACC00561,132225.09,71126.0,23,17,23,17,5748.92,4183.88,23638.22,21941.88,1.0526,17,23,0.008002,0.0001215,1,675,0
ACC00562,71112.28,118801.56,16,22,16,22,4444.52,5400.07,20824.56,18791.94,1.0556,22,16,0.007602,0.00028262,1,920,0
ACC00563,144939.6,141453.08,16,24,16,24,9058.73,5893.88,89584.0,20116.2,1.0256,24,16,0.008002,0.00025348,0,675,1
ACC00564,92946.73,40963.45,22,14,22,14,4224.85,2925.96,16174.21,7651.3,1.0286,14,22,0.007201,0.00011543,1,990,0
ACC00565,72256.83,74873.45,13,12,13,12,5558.22,6239.45,20481.81,23804.21,1.1364,12,13,0.005001,0.00011723,1,498,0
ACC00566,78941.05,88885.05,13,10,13,10,6072.39,8888.5,38247.75,23445.54,1.0455,10,13,0.004601,0.00020514,0,675,0
ACC00567,100314.78,88680.04,15,14,15,14,6687.65,6334.29,30853.4,47184.0,1.16,14,15,0.005801,0.0001216,0,664,1
ACC00568,37955.89,112537.61,11,14,11,14,3450.54,8038.4,10725.21,23710.28,1.0,14,11,0.005001,0.00028396,0,498,0
ACC00569,97007.03,136430.14,14,22,14,22,6929.07,6201.37,39745.86,40557.0,1.0909,22,14,0.007201,0.00032578,1,500,1
ACC00570,123489.24,58092.83,18,11,18,11,6860.51,5281.17,39552.5,25479.24,1.0357,11,18,0.005801,0.00017441,0,675,0
ACC00571,40136.66,66236.07,14,17,14,17,2866.9,3896.24,7359.29,10538.5,1.0333,17,14,0.006201,0.00014724,1,498,0
ACC00572,145532.15,53157.82,23,15,23,15,6327.48,3543.85,20158.52,12125.11,1.027,15,23,0.007602,0.00015953,1,664,0
ACC00573,68876.85,67152.57,19,15,19,15,3625.1,4476.84,12132.21,13561.5,1.0625,15,19,0.006801,0.00018016,1,920,0
ACC00574,80607.05,20529.2,16,9,16,9,5037.94,2281.02,24778.46,4820.0,1.0,9,16,0.005001,6.002e-05,0,675,0
ACC00575,62822.05,81369.54,14,19,14,19,4487.29,4282.61,20374.45,22663.6,1.0645,19,14,0.006601,0.00014381,1,255,0
ACC00576,45284.92,76005.32,11,19,11,19,4116.81,4000.28,7082.33,19226.56,1.0345,19,11,0.006001,0.00023457,1,920,0
ACC00577,55107.96,38804.03,13,13,13,13,4239.07,2984.93,15308.77,14848.85,1.04,13,13,0.005201,0.00010376,0,675,0
ACC00578,73233.09,118437.72,13,23,13,23,5633.31,5149.47,21578.34,23882.09,1.0,23,13,0.007201,0.00029726,1,498,0
ACC00579,73548.6,141349.09,17,22,17,22,4326.39,6424.96,16747.39,20851.96,1.1818,22,17,0.007802,0.00028543,1,500,0
ACC00580,87811.7,88473.22,14,19,14,19,6272.26,4656.49,27696.01,15983.59,1.0645,19,14,0.006601,0.00025242,0,920,0
ACC00581,77137.68,58869.34,21,16,21,16,3673.22,3679.33,18143.3,14097.49,1.0882,16,21,0.007401,0.00011686,1,664,0
ACC00582,89215.28,140342.4,15,17,15,17,5947.69,8255.44,28560.73,45017.97,1.0323,17,15,0.006401,0.00034005,0,500,0
ACC00583,47634.26,31362.32,15,6,15,6,3175.62,5227.05,9530.57,13054.94,1.0,6,15,0.004201,7.389e-05,0,990,0
ACC00584,99787.86,96166.33,17,19,16,18,5869.87,5061.39,21092.41,16073.31,1.0,18,16,0.006801,0.0002252,1,920,0
ACC00585,1460356.27,60514.35,35,13,26,13,41724.46,4654.95,98368.0,14909.23,1.5484,13,26,0.007802,0.00015974,1,675,1
ACC00586,82240.84,101893.66,17,18,17,18,4837.7,5660.76,22823.17,15975.06,1.0606,18,17,0.007001,0.00027357,1,990,0
ACC00587,86836.93,134196.73,16,16,16,16,5427.31,8387.3,18292.69,54815.52,1.0667,16,16,0.006401,0.00022181,0,990,0
ACC00588,54292.54,70946.42,18,19,18,19,3016.25,3734.02,11781.8,16809.53,1.0278,19,18,0.007401,0.00013462,0,664,0
ACC00589,27288.11,63529.76,10,14,10,14,2728.81,4537.84,8252.17,15930.26,1.0435,14,10,0.004801,0.00015575,0,500,0
ACC00590,97113.37,88896.97,14,17,14,17,6936.67,5229.23,25955.79,21055.66,1.069,17,14,0.006201,0.0001941,1,990,0
ACC00591,71264.56,166556.35,11,17,11,17,6478.6,9797.43,21050.83,79328.0,1.0769,17,11,0.005601,0.00020302,0,920,1
ACC00592,44590.16,58502.81,10,16,10,16,4459.02,3656.43,16576.55,12504.36,1.0,16,10,0.005201,0.00013003,0,990,0
ACC00593,63078.5,69142.2,8,9,8,9,7884.81,7682.47,21308.7,33341.18,1.0,9,8,0.003401,0.00012905,1,664,0
ACC00594,41689.22,43231.73,11,10,11,10,3789.93,4323.17,11444.69,9556.03,1.0,10,11,0.004201,0.00014131,0,664,0
ACC00595,72496.95,102927.87,10,11,10,11,7249.69,9357.08,17468.76,66159.0,1.0,11,10,0.004201,0.00010965,0,920,1
ACC00596,120124.83,108372.0,20,20,20,20,6006.24,5418.6,31131.67,32293.42,1.0526,20,20,0.008002,0.00020082,1,500,0
ACC00597,102473.22,33588.64,17,8,17,8,6027.84,4198.58,23454.86,6575.43,1.1364,8,17,0.005001,7.373e-05,0,920,0
ACC00598,104090.48,116158.72,16,14,16,14,6505.66,8297.05,18171.48,50694.89,1.0345,14,16,0.006001,0.00015949,0,498,0
ACC00599,119472.78,81431.85,17,18,17,18,7027.81,4523.99,32593.74,13672.08,1.0606,18,17,0.007001,0.00020101,0,498,0
ACC00600,58431.47,38094.96,16,8,16,8,3651.97,4761.87,10312.05,9133.01,1.0,8,16,0.004801,0.00016325,0,500,0
ACC00601,75443.31,58959.54,14,17,14,17,5388.81,3468.21,32625.43,10575.07,1.1071,17,14,0.006201,0.00013355,1,675,0
ACC00602,57151.62,89950.0,12,16,12,16,4762.64,5621.87,13531.78,28022.0,1.037,16,12,0.005601,0.00018018,0,664,1
ACC00603,101249.3,40430.37,18,15,18,15,5624.96,2695.36,17407.37,6763.79,1.0312,15,18,0.006601,9.608e-05,0,664,0
ACC00604,53252.7,77132.29,14,12,14,12,3803.76,6427.69,12228.77,25086.98,1.0,12,14,0.005201,0.00013507,1,920,0
ACC00605,36123.05,83922.64,14,16,14,16,2580.22,5245.17,6433.12,16484.17,1.0345,16,14,0.006001,0.000245,1,920,0
ACC00606,164747.04,159517.6,17,16,17,16,9691.0,9969.85,58774.08,59998.54,1.1,16,17,0.006601,0.00028845,1,498,1
ACC00607,107077.47,123787.9,21,24,21,24,5098.93,5157.83,13130.11,23249.88,1.0976,24,21,0.009002,0.00024743,0,920,0
ACC00608,64910.76,65681.03,11,13,11,13,5900.98,5052.39,36301.04,16048.54,1.0435,13,11,0.004801,0.00014905,1,498,0
ACC00609,100356.31,96312.95,12,17,12,17,8363.03,5665.47,25150.78,26332.58,1.0,17,12,0.005801,0.00013545,1,675,0
ACC00610,169094.24,120027.56,17,15,17,15,9946.72,8001.84,94797.0,72026.0,1.0667,15,17,0.006401,0.00013888,0,675,1
ACC00611,88567.16,56160.73,13,14,13,14,6812.86,4011.48,35838.55,13636.38,1.0385,14,13,0.005401,0.00012196,1,675,0
ACC00612,52806.99,95117.28,15,17,15,16,3520.47,5595.13,12272.46,17596.53,1.0323,16,15,0.006201,0.00022844,1,664,0
ACC00613,86703.71,26811.07,14,7,14,7,6193.12,3830.15,22210.49,8183.51,1.0,7,14,0.004201,6.33e-05,0,500,0
ACC00614,81084.88,45152.6,15,17,15,17,5405.66,2656.04,13685.8,6624.82,1.0,17,15,0.006401,9.518e-05,0,664,0
ACC00615,42742.25,577732.06,13,13,13,13,3287.87,44440.93,11264.99,519073.35,1.0833,13,13,0.005201,0.00062934,0,498,1
ACC00616,205041.11,92779.02,20,13,20,13,10252.06,7136.85,92655.0,26525.95,1.0645,13,20,0.006601,0.00016605,1,664,1
ACC00617,41576.85,66174.43,8,22,8,22,5197.11,3007.93,21190.52,13020.79,1.1538,22,8,0.006001,0.00016097,0,498,0
ACC00618,46841.29,45475.7,15,17,15,17,3122.75,2675.04,18737.91,7269.83,1.0323,17,15,0.006401,0.00014163,0,255,0
ACC00619,27458.77,79011.3,6,19,6,19,4576.46,4158.49,7664.97,20721.54,1.0417,19,6,0.005001,0.0002292,0,498,0
ACC00620,73330.48,66785.18,15,14,15,14,4888.7,4770.37,13500.11,20732.32,1.0357,14,15,0.005801,0.00018936,0,498,0
ACC00621,33649.88,77635.08,11,17,11,17,3059.08,4566.77,11029.3,14285.19,1.037,17,11,0.005601,0.00014376,0,920,0
ACC00622,54627.04,47442.51,11,12,11,12,4966.09,3953.54,17758.79,8381.65,1.0,12,11,0.004601,0.00012523,0,675,0
ACC00623,59684.8,58191.18,16,8,16,8,3730.3,7273.9,16964.86,21685.57,1.0,8,16,0.004801,0.0001407,0,498,0
ACC00624,71106.55,90810.09,12,16,12,16,5925.55,5675.63,10283.37,25630.57,1.12,16,12,0.005601,0.00017161,1,990,0
ACC00625,136518.28,17963.83,17,7,17,7,8030.49,2566.26,75737.0,5438.38,1.0435,7,17,0.004801,7.292e-05,0,675,1
ACC00626,65055.89,78333.04,14,19,14,19,4646.85,4122.79,9399.82,20524.06,1.0645,19,14,0.006601,0.00019127,1,664,0
ACC00627,59809.96,34080.31,9,11,9,11,6645.55,3098.21,25045.96,5674.48,1.0526,11,9,0.004001,0.00016185,1,500,0
ACC00628,64990.87,137526.13,16,21,16,21,4061.93,6548.86,11482.72,24061.65,1.0,21,16,0.007401,0.00026512,0,500,0
ACC00629,68179.32,71192.52,13,16,13,16,5244.56,4449.53,20486.97,11823.43,1.0741,16,13,0.005801,0.00017005,1,498,0
ACC00630,63795.62,128289.75,10,12,10,12,6379.56,10690.81,28984.36,70413.0,1.0,12,10,0.004401,0.00016904,0,498,1
ACC00631,43815.05,36632.52,14,10,14,10,3129.65,3663.25,11595.32,10789.4,1.0,10,14,0.004801,8.819e-05,1,920,0
ACC00632,78949.65,57358.28,17,13,17,13,4644.1,4412.18,17014.45,10789.02,1.1111,13,17,0.006001,0.00014291,0,675,0
ACC00633,138380.52,58596.63,17,12,17,12,8140.03,4883.05,63970.0,14954.69,1.0741,12,17,0.005801,0.00017111,1,990,1
ACC00634,65156.58,83524.27,21,15,21,15,3102.69,5568.28,13468.15,18609.92,1.0,15,21,0.007201,0.00015894,0,255,0
ACC00635,89915.71,99555.75,17,16,17,15,5289.16,6222.23,13678.08,33110.03,1.0,15,17,0.006401,0.00017309,0,664,0
ACC00636,140863.07,55552.44,22,16,22,16,6402.87,3472.03,63714.0,8805.47,1.1515,16,22,0.007602,0.00023534,0,498,1
ACC00637,69999.88,40949.03,12,9,12,9,5833.32,4549.89,25146.86,13909.45,1.05,9,12,0.004201,0.00010897,1,664,0
ACC00638,103394.34,77391.34,15,15,15,15,6892.96,5159.42,29389.69,21247.6,1.0345,15,15,0.006001,0.00016065,1,500,0
ACC00639,75822.71,96544.78,16,16,16,16,4738.92,6034.05,18194.13,26015.53,1.0667,16,16,0.006401,0.0002781,0,990,0
ACC00640,155143.71,58181.76,20,14,20,14,7757.19,4155.84,86127.0,18459.95,1.0625,14,20,0.006801,0.00015925,1,675,1
ACC00641,136356.21,104600.58,15,15,15,15,9090.41,6973.37,75403.0,27805.04,1.0714,15,15,0.006001,0.00017079,1,500,1
ACC00642,34408.49,59922.48,8,14,8,14,4301.06,4280.18,7913.1,14822.03,1.0,14,8,0.004401,0.00016754,0,675,0
ACC00643,45344.83,144399.19,13,18,13,18,3488.06,8022.18,15323.39,28519.28,1.0,18,13,0.006201,0.00043278,0,498,0
ACC00644,65790.91,91905.78,16,18,16,18,4111.93,5105.88,19178.83,20704.7,1.0625,18,16,0.006801,0.00015494,1,920,0
ACC00645,80284.02,66981.89,17,17,17,17,4722.59,3940.11,15693.61,35584.0,1.0968,17,17,0.006801,0.00012484,0,675,1
ACC00646,80052.14,84371.76,15,18,15,18,5336.81,4687.32,17439.83,15714.7,1.0645,18,15,0.006601,0.00014002,1,990,0
ACC00647,57996.09,52840.39,15,8,15,8,3866.41,6605.05,16638.44,29763.37,1.0455,8,15,0.004601,0.00011127,0,675,0
ACC00648,65686.4,27999.69,14,10,14,10,4691.89,2799.97,13770.13,7611.97,1.0435,10,14,0.004801,6.865e-05,1,255,0
ACC00649,31552.36,97967.84,11,15,11,15,2868.4,6531.19,14098.12,43102.11,1.0,15,11,0.005201,0.00016112,0,498,0
ACC00650,41111.09,1001504.9,17,28,17,19,2418.3,35768.03,8027.61,98422.0,1.3636,19,17,0.007201,0.0002028,0,498,1
ACC00651,44951.74,69384.4,13,13,13,13,3457.83,5337.26,6349.4,18871.34,1.0833,13,13,0.005201,0.00019999,0,990,0
ACC00652,122527.12,145617.53,16,22,16,22,7657.94,6618.98,24887.21,70614.0,1.0556,22,16,0.007602,0.00018006,0,500,1
ACC00653,231235.58,128854.06,19,18,19,18,12170.29,7158.56,81546.0,30171.67,1.0882,18,19,0.007401,0.0002419,0,990,1
ACC00654,127563.14,473417.14,18,19,18,19,7086.84,24916.69,40719.66,368030.0,1.0882,19,18,0.007401,0.00076309,0,664,1
ACC00655,90770.29,68490.6,20,16,20,16,4538.51,4280.66,15860.89,15365.16,1.125,16,20,0.007201,0.00021158,0,675,0
ACC00656,35851.91,210282.53,13,26,13,26,2757.84,8087.79,10699.18,58761.0,1.0541,26,13,0.007802,0.00030608,1,920,1
ACC00657,123521.07,103968.28,18,25,18,25,6862.28,4158.73,22738.48,14089.22,1.0,25,18,0.008602,0.00034024,1,920,0
ACC00658,66545.81,19344.55,17,8,17,8,3914.46,2418.07,10295.68,3807.28,1.0417,8,17,0.005001,7.334e-05,0,990,0
ACC00659,105439.37,91684.9,16,16,16,16,6589.96,5730.31,37610.92,33244.35,1.0323,16,16,0.006401,0.00016092,0,675,0
ACC00660,35667.6,75025.16,13,17,13,17,2743.66,4413.24,9028.87,12886.65,1.0,17,13,0.006001,0.00013539,0,920,0
ACC00661,73004.32,72584.12,14,12,14,12,5214.59,6048.68,14750.31,23930.21,1.0,12,14,0.005201,0.00014613,0,675,0
ACC00662,104148.52,64639.55,20,14,20,14,5207.43,4617.11,15961.99,14615.52,1.0303,14,20,0.006801,0.00013906,1,498,0
ACC00663,49236.48,41891.43,15,15,15,15,3282.43,2792.76,10224.88,9556.57,1.0345,15,15,0.006001,0.00013001,0,500,0
ACC00664,55832.85,69875.3,12,20,12,20,4652.74,3493.77,8238.35,19195.27,1.0323,20,12,0.006401,0.00013542,0,920,0
ACC00665,37539.92,115138.85,9,16,9,16,4171.1,7196.18,11210.31,55989.0,1.0,16,9,0.005001,0.00014198,0,664,1
ACC00666,67490.19,45469.68,13,14,12,14,5191.55,3247.83,19339.05,12179.64,1.0,14,12,0.005201,0.00018264,0,920,0
ACC00667,129883.96,101837.97,15,18,15,18,8658.93,5657.66,51575.0,15179.2,1.1,18,15,0.006601,0.00021714,0,498,1
ACC00668,50381.75,80110.47,10,14,10,14,5038.17,5722.18,12413.45,19913.21,1.0,14,10,0.004801,0.00016759,1,990,0
ACC00669,169321.41,68161.65,17,16,17,16,9960.08,4260.1,51153.89,15583.49,1.0312,16,17,0.006601,0.00015414,1,920,0
ACC00670,27559.14,596588.12,10,12,10,12,2755.91,49715.68,7054.48,551113.05,1.0476,12,10,0.004401,0.00084645,1,675,1
ACC00671,99869.08,77914.91,23,16,23,16,4342.13,4869.68,19364.75,8887.2,1.2581,16,23,0.007802,0.00018474,1,498,0
ACC00672,62444.69,146135.31,15,18,15,18,4162.98,8118.63,13855.85,66746.0,1.0312,18,15,0.006601,0.00021335,1,498,1
ACC00673,91534.73,320120.48,18,21,18,21,5085.26,15243.83,13047.61,66561.0,1.1471,21,18,0.007802,0.00041496,1,920,1
ACC00674,60797.69,118970.4,17,17,17,17,3576.33,6998.26,11148.58,33749.35,1.0303,17,17,0.006801,0.00029752,1,920,0
ACC00675,34549.5,252521.09,9,23,9,23,3838.83,10979.18,8515.55,73913.0,1.1034,23,9,0.006401,0.00068084,0,675,1
ACC00676,66986.43,131395.29,15,20,15,20,4465.76,6569.76,21586.09,27710.04,1.0294,20,15,0.007001,0.00021529,1,990,0
ACC00677,74317.08,1119721.77,17,25,17,15,4371.59,44788.87,13022.84,98306.0,1.3548,15,17,0.006401,0.00035612,1,990,1
ACC00678,77759.31,39758.57,10,14,10,14,7775.93,2839.9,27242.43,9495.43,1.0909,14,10,0.004801,9.907e-05,0,498,0
ACC00679,148469.58,274580.33,19,11,19,11,7814.19,24961.85,89159.0,84876.0,1.1111,11,19,0.006001,0.00040511,0,498,1
ACC00680,44728.69,79162.74,15,19,15,19,2981.91,4166.46,13837.97,14341.12,1.0625,19,15,0.006801,0.00017656,0,675,0
ACC00681,217789.41,101991.54,17,19,17,19,12811.14,5367.98,83722.93,29916.46,1.0909,19,17,0.007201,0.00024831,1,498,0
ACC00682,858327.66,838416.87,16,24,16,24,53645.48,34934.04,765767.45,85627.0,1.5385,24,16,0.008002,0.00079981,1,500,1
ACC00683,79919.39,83703.82,16,18,16,18,4994.96,4650.21,22465.02,19853.26,1.0625,18,16,0.006801,0.00019567,1,920,0
ACC00684,66807.83,72474.83,14,17,14,17,4771.99,4263.23,29565.0,10189.63,1.1481,17,14,0.006201,0.00014618,0,500,1
ACC00685,96725.97,92367.26,21,18,21,18,4606.0,5131.51,34438.0,12481.59,1.0541,18,21,0.007802,0.00026682,1,920,1
ACC00686,940865.13,40651.05,26,13,17,13,36187.12,3127.0,98084.0,15976.48,1.3929,13,17,0.006001,0.00011684,1,675,1
ACC00687,83090.15,119505.74,12,23,12,23,6924.18,5195.9,17243.22,17701.41,1.0294,23,12,0.007001,0.0002543,1,990,0
ACC00688,55103.55,71120.54,9,15,9,15,6122.62,4741.37,19387.25,15001.01,1.0909,15,9,0.004801,0.00020328,1,500,0
ACC00689,94294.37,59289.0,19,12,19,12,4962.86,4940.75,13583.14,14429.34,1.0333,12,19,0.006201,0.00012623,0,664,0
ACC00690,59941.9,40005.72,17,12,17,12,3525.99,3333.81,10772.14,7855.41,1.0357,12,17,0.005801,0.00013697,0,920,0
ACC00691,100199.0,61555.6,22,11,22,11,4554.5,5595.96,26106.42,17243.22,1.0312,11,22,0.006601,0.00014802,0,990,0
ACC00692,58569.45,52990.43,16,12,16,12,3660.59,4415.87,13769.15,20374.45,1.037,12,16,0.005601,0.00013617,1,990,0
ACC00693,42028.13,93969.6,15,17,15,17,2801.88,5527.62,7977.8,26478.72,1.0323,17,15,0.006401,0.00019932,0,500,0
ACC00694,149679.5,111779.68,17,21,17,21,8804.68,5322.84,58456.0,22473.35,1.1875,21,17,0.007602,0.00031671,1,920,1
ACC00695,200093.39,148644.8,19,17,19,17,10531.23,8743.81,85437.0,70106.53,1.0,17,19,0.007201,0.00024472,0,920,1
ACC00696,46637.4,148352.77,12,17,12,17,3886.45,8726.63,16345.07,37174.31,1.0,17,12,0.005801,0.00027963,0,500,0
ACC00697,109446.37,135264.25,16,19,16,19,6840.4,7119.17,68060.16,69478.08,1.0938,19,16,0.007001,0.00028436,1,920,1
ACC00698,44624.55,118148.72,15,18,15,18,2974.97,6563.82,11061.61,21480.65,1.0312,18,15,0.006601,0.00018611,0,664,0
ACC00699,90217.15,57120.54,14,12,14,12,6444.08,4760.05,52652.84,17451.8,1.04,12,14,0.005201,0.00011972,1,255,0
ACC00700,118137.53,45625.38,18,14,18,14,6563.2,3258.96,24336.99,10183.99,1.0323,14,18,0.006401,0.000112,1,920,0
ACC00701,134003.8,52038.4,16,13,16,13,8375.24,4002.95,33641.18,9557.47,1.16,13,16,0.005801,0.0001386,0,664,0
ACC00702,63462.26,70123.1,15,15,15,15,4230.82,4674.87,17575.36,21872.43,1.0345,15,15,0.006001,0.00013349,1,498,0
ACC00703,170609.27,97664.07,29,14,29,14,5883.08,6976.01,35176.12,35894.0,1.0238,14,29,0.008602,0.00023288,1,990,1
ACC00704,62902.15,74400.02,17,17,17,17,3700.13,4376.47,14744.83,21361.74,1.0968,17,17,0.006801,0.00020292,1,255,0
ACC00705,64511.76,84190.77,17,18,17,18,3794.81,4677.26,11661.17,18512.85,1.0606,18,17,0.007001,0.00020098,0,500,0
ACC00706,39632.59,102481.07,10,19,10,19,3963.26,5393.74,7549.22,42028.0,1.1154,19,10,0.005801,0.00017924,0,990,1
ACC00707,93915.74,50040.28,25,14,25,14,3756.63,3574.31,18216.56,21426.46,1.0263,14,25,0.007802,0.00011636,1,498,0
ACC00708,77298.6,166122.37,14,24,14,24,5521.33,6921.77,15212.77,28124.23,1.0,24,14,0.007602,0.00032789,0,498,0
ACC00709,83064.97,131619.89,9,20,9,20,9229.44,6580.99,60733.0,58303.68,1.0741,20,9,0.005801,0.00034867,1,920,1
ACC00710,91269.72,86876.76,23,12,23,12,3968.25,7239.73,11947.73,24010.92,1.0294,12,23,0.007001,0.00017313,0,920,0
ACC00711,48437.26,51613.75,15,18,15,18,3229.15,2867.43,7779.55,10533.69,1.0,18,15,0.006601,0.00014136,0,664,0
ACC00712,130574.31,80546.65,17,15,17,15,7680.84,5369.78,35598.82,24367.05,1.0323,15,17,0.006401,0.00017643,0,498,0
ACC00713,87293.9,96520.03,13,19,13,19,6714.92,5080.0,37881.0,20118.93,1.0323,19,13,0.006401,0.00021644,1,498,1
ACC00714,64414.89,122312.14,12,19,12,19,5367.91,6437.48,13797.28,27291.48,1.069,19,12,0.006201,0.00022832,0,500,0
ACC00715,108068.43,88035.36,17,22,17,21,6356.97,4001.61,46476.0,20075.68,1.0541,21,17,0.007602,0.00015904,0,990,1
ACC00716,51394.53,77007.35,15,16,15,16,3426.3,4812.96,9812.18,12763.82,1.0,16,15,0.006201,0.00021163,1,255,0
ACC00717,30682.09,89312.61,9,19,9,19,3409.12,4700.66,16421.72,15054.85,1.037,19,9,0.005601,0.00021428,0,664,0
ACC00718,130998.69,42102.24,24,14,24,14,5458.28,3007.3,26829.52,10784.55,1.0556,14,24,0.007602,0.00010305,0,920,0
ACC00719,65795.02,153039.75,16,30,15,29,4112.19,5101.32,18871.34,26688.1,1.0455,29,15,0.008802,0.00026777,0,500,0
ACC00720,639655.07,700860.4,16,28,16,28,39978.44,25030.73,584828.55,88084.0,1.2941,28,16,0.008802,0.00089288,1,920,1
ACC00721,53629.8,86973.23,17,17,17,17,3154.69,5116.07,11757.35,18506.77,1.0,17,17,0.006801,0.00021461,1,675,0
ACC00722,83575.82,66509.1,20,14,20,14,4178.79,4750.65,14324.4,21163.19,1.0625,14,20,0.006801,0.0001451,1,675,0
ACC00723,127479.03,92128.35,15,17,15,17,8498.6,5419.31,36032.77,20381.61,1.0667,17,15,0.006401,0.00023137,1,920,0
ACC00724,37012.78,31168.78,11,12,11,12,3364.8,2597.4,17510.76,5519.51,1.0,12,11,0.004601,8.966e-05,0,675,0
ACC00725,130762.85,77062.69,17,17,17,17,7691.93,4533.1,35421.16,37727.0,1.0968,17,17,0.006801,0.00013164,1,675,1
ACC00726,55131.6,74878.8,14,12,13,12,3937.97,6239.9,20049.39,30253.09,1.0,12,13,0.005001,0.00017566,0,500,0
ACC00727,37710.1,107850.75,8,17,8,17,4713.76,6344.16,13543.24,16153.95,1.087,17,8,0.005001,0.00022662,0,675,0
ACC00728,68621.16,59221.94,20,15,20,15,3431.06,3948.13,10950.02,13065.01,1.129,15,20,0.007001,0.00010689,1,498,0
ACC00729,141319.21,48662.01,18,14,18,14,7851.07,3475.86,43121.0,8315.03,1.0323,14,18,0.006401,0.0001153,0,990,1
ACC00730,63602.82,66893.54,19,18,19,18,3347.52,3716.31,11991.72,8845.58,1.0278,18,19,0.007401,0.00019726,1,255,0
ACC00731,125617.52,134712.75,13,20,13,20,9662.89,6735.64,64741.44,66090.22,1.1,20,13,0.006601,0.00023993,1,920,1
ACC00732,60437.08,39879.95,17,7,17,7,3555.12,5697.14,10482.54,15024.77,1.0435,7,17,0.004801,0.00010482,1,255,0
ACC00733,137626.62,111711.78,20,11,20,11,6881.33,10155.62,49397.29,57133.0,1.0,11,20,0.006201,0.00014443,0,255,1
ACC00734,34086.07,134668.24,7,21,7,21,4869.44,6412.77,12804.03,26106.42,1.037,21,7,0.005601,0.00028261,0,990,0
ACC00735,75788.86,52093.4,17,15,17,15,4458.17,3472.89,17304.45,10935.8,1.1034,15,17,0.006401,0.0001727,1,664,0
ACC00736,65688.3,21402.09,20,8,20,8,3284.41,2675.26,7836.01,4574.91,1.037,8,20,0.005601,7.313e-05,1,498,0
ACC00737,69022.48,49227.8,15,12,15,12,4601.5,4102.32,12932.85,7227.03,1.0385,12,15,0.005401,0.00010657,0,675,0
ACC00738,135039.8,37300.1,15,16,15,16,9002.65,2331.26,44057.42,5807.19,1.069,16,15,0.006201,0.00013222,1,920,0
ACC00739,95738.06,116514.1,17,12,17,12,5631.65,9709.51,40652.58,47303.92,1.0,12,17,0.005801,0.00019554,1,500,0
ACC00740,59803.89,63676.69,14,20,14,20,4271.71,3183.83,9330.86,8113.84,1.0625,20,14,0.006801,0.00013853,1,498,0
ACC00741,225833.66,115863.01,22,9,22,9,10265.17,12873.67,64595.0,61332.32,1.069,9,22,0.006201,0.00023395,1,920,1
ACC00742,202821.91,118423.5,11,11,11,11,18438.36,10765.77,78101.01,62322.24,1.1,11,11,0.004401,0.00021494,1,664,1
ACC00743,109856.54,106081.55,17,14,17,13,6462.15,7577.25,15344.5,24819.18,1.0333,13,17,0.006001,0.00022447,1,500,0
ACC00744,162491.22,86880.01,16,12,16,12,10155.7,7240.0,43058.88,43955.94,1.037,12,16,0.005601,0.00023553,1,920,1
ACC00745,58715.8,583257.96,14,20,14,20,4193.99,29162.9,20453.92,412097.65,1.0,20,14,0.006801,0.00083595,1,500,1
ACC00746,93947.74,183198.0,14,21,14,21,6710.55,8723.71,63562.8,64860.0,1.0606,21,14,0.007001,0.00024383,1,664,1
ACC00747,71427.93,106021.04,18,18,18,18,3968.22,5890.06,15880.83,66383.33,1.0286,18,18,0.007201,0.00016863,0,498,0
ACC00748,33744.23,108559.08,12,16,12,16,2812.02,6784.94,7149.19,33279.69,1.037,16,12,0.005601,0.00025356,1,498,0
ACC00749,62747.2,62840.72,18,15,18,15,3485.96,4189.38,9384.1,23536.66,1.1379,15,18,0.006601,0.00011259,0,664,0
ACC00750,53703.59,15984.77,11,8,11,8,4882.14,1998.1,10626.07,5810.27,1.0,8,11,0.003801,0.00010311,0,675,0
ACC00751,102153.0,116099.03,15,15,15,15,6810.2,7739.94,32184.45,61415.0,1.0345,15,15,0.006001,0.00018177,1,664,1
ACC00752,129269.34,119821.44,13,16,13,16,9943.8,7488.84,57401.0,68579.0,1.0,16,13,0.005801,0.00013206,1,498,1
ACC00753,160048.14,60084.87,19,15,19,15,8423.59,4005.66,70470.0,10419.53,1.0,15,19,0.006801,0.00013498,0,990,1
ACC00754,163667.35,71756.89,15,16,15,16,10911.16,4484.81,56842.0,9039.72,1.1481,16,15,0.006201,0.00014876,1,920,1
ACC00755,80880.53,108768.28,10,18,10,18,8088.05,6042.68,27866.71,50111.22,1.0,18,10,0.005601,0.00018662,0,920,0
ACC00756,42820.44,105428.51,13,7,13,7,3293.88,15061.22,8835.03,66056.0,1.0,7,13,0.004001,0.00010972,0,500,1
ACC00757,49702.13,373955.73,12,20,12,19,4141.84,18697.79,7926.79,92615.0,1.1429,19,12,0.006201,0.00048814,0,664,1
ACC00758,95990.96,16342.38,18,5,18,5,5332.83,3268.48,38955.0,6164.19,1.0455,5,18,0.004601,4.612e-05,0,675,1
ACC00759,60975.66,113880.98,10,18,10,18,6097.57,6326.72,20175.02,24875.32,1.037,18,10,0.005601,0.00028339,1,990,0
ACC00760,112154.51,79189.97,16,11,16,11,7009.66,7199.09,30683.68,28115.47,1.0,11,16,0.005401,0.00014744,0,675,0
ACC00761,58281.89,76304.98,14,17,14,17,4162.99,4488.53,14294.73,22568.48,1.0,17,14,0.006201,0.00018978,0,498,0
ACC00762,111711.62,122766.93,15,21,15,21,7447.44,5846.04,81840.0,32593.74,1.0588,21,15,0.007201,0.00023854,1,498,1
ACC00763,64420.08,76683.25,14,15,14,15,4601.43,5112.22,13632.5,18165.33,1.0357,15,14,0.005801,0.00015923,1,498,0
ACC00764,302108.4,52973.28,25,14,25,14,12084.34,3783.81,91909.0,9467.74,1.0833,14,25,0.007802,0.00019188,0,498,1
ACC00765,112717.2,39402.29,11,14,11,14,10247.02,2814.45,54141.0,12380.76,1.0417,14,11,0.005001,9.26e-05,0,675,1
ACC00766,108040.57,57468.27,20,15,20,15,5402.03,3831.22,19308.14,10313.09,1.0938,15,20,0.007001,0.00030854,1,498,0
ACC00767,100436.91,47917.68,20,14,20,14,5021.85,3422.69,24499.27,9773.47,1.0,14,20,0.006801,0.00015206,0,500,0
ACC00768,50994.01,54608.94,15,15,15,15,3399.6,3640.6,18808.52,7022.72,1.0714,15,15,0.006001,0.00011875,0,498,0
ACC00769,84997.14,68058.22,16,16,16,16,5312.32,4253.64,19118.46,26103.04,1.0323,16,16,0.006401,0.00011642,0,990,0
ACC00770,43121.39,40209.58,13,15,13,15,3317.03,2680.64,7793.43,6166.11,1.0769,15,13,0.005601,0.00010881,1,675,0
ACC00771,152911.71,127760.88,18,14,18,14,8495.09,9125.78,66936.0,68330.5,1.0667,14,18,0.006401,0.00029463,1,675,1
ACC00772,55977.87,99967.21,13,17,13,17,4305.99,5880.42,9338.46,15344.5,1.0345,17,13,0.006001,0.00019604,0,500,0
ACC00773,151776.24,72892.46,17,15,17,15,8928.01,4859.5,60262.0,13768.57,1.0323,15,17,0.006401,0.00019376,1,255,1
ACC00774,93055.81,89212.92,20,14,20,14,4652.79,6372.35,15583.49,26650.69,1.0303,14,20,0.006801,0.00016762,0,500,0
ACC00775,94151.0,30998.98,18,11,18,11,5230.61,2818.09,22588.0,6909.92,1.1154,11,18,0.005801,8.422e-05,1,664,1
ACC00776,73310.65,92556.66,7,18,7,18,10472.95,5142.04,19441.53,41497.3,1.0417,18,7,0.005001,0.00018172,0,990,0
ACC00777,107148.78,32736.44,21,13,21,13,5102.32,2518.19,14161.92,9932.5,1.0303,13,21,0.006801,8.773e-05,1,498,0
ACC00778,84672.1,45553.62,19,11,19,11,4456.43,4141.24,12666.12,16402.99,1.0345,11,19,0.006001,7.895e-05,0,920,0
ACC00779,105315.52,44509.23,16,10,16,10,6582.22,4450.92,26015.53,17150.22,1.0833,10,16,0.005201,0.00011544,1,500,0
ACC00780,93571.44,57218.44,19,13,19,13,4924.81,4401.42,26649.59,9872.3,1.0667,13,19,0.006401,0.00013313,1,675,0
ACC00781,69033.49,56119.12,13,17,13,17,5310.27,3301.12,13994.21,18278.67,1.0345,17,13,0.006001,0.00013585,1,500,0
ACC00782,126959.47,922382.78,17,21,17,13,7468.2,43922.99,39711.25,98084.0,1.2667,13,17,0.006001,0.00021868,1,675,1
ACC00783,142821.14,90808.72,19,12,19,12,7516.9,7567.39,72776.0,29698.9,1.0333,12,19,0.006201,0.00015898,1,990,1
ACC00784,129693.37,154415.31,14,23,14,23,9263.81,6713.71,36725.86,58985.0,1.1212,23,14,0.007401,0.00022385,1,920,1
ACC00785,144800.97,99883.35,22,21,22,21,6581.86,4756.35,43062.2,9974.59,1.075,21,22,0.008602,0.00032332,1,498,0
ACC00786,83952.72,90915.08,20,14,20,14,4197.64,6493.93,19801.17,55521.0,1.0303,14,20,0.006801,0.0001399,1,498,1
ACC00787,671847.25,818518.07,22,17,17,10,30538.51,48148.12,98813.0,98254.0,1.4444,10,17,0.005401,0.00025286,0,920,1
ACC00788,93058.38,65487.38,14,14,14,14,6647.03,4677.67,26769.33,20746.99,1.12,14,14,0.005601,0.00016748,0,675,0
ACC00789,126979.83,637991.3,27,20,27,15,4702.96,31899.56,27199.65,98955.0,1.1463,15,27,0.008402,0.00025174,0,990,1
ACC00790,96365.39,137770.4,16,15,16,15,6022.84,9184.69,34727.95,67351.55,1.0333,15,16,0.006201,0.00032566,0,990,0
ACC00791,94168.51,124731.5,16,25,16,25,5885.53,4989.26,18304.93,16006.75,1.0,25,16,0.008202,0.00023754,1,664,0
ACC00792,42630.06,79146.65,13,13,13,13,3279.24,6088.2,11173.83,22931.78,1.0,13,13,0.005201,0.00015195,1,664,0
ACC00793,49638.77,78242.17,14,16,14,16,3545.63,4890.14,17575.12,16888.69,1.0714,16,14,0.006001,0.00013863,1,664,0
ACC00794,123475.38,74404.31,18,17,18,17,6859.74,4376.72,23119.69,19107.77,1.0606,17,18,0.007001,0.0001249,0,498,0
ACC00795,69835.08,36428.75,18,13,18,13,3879.73,2802.21,11250.8,6301.17,1.0333,13,18,0.006201,0.00014397,1,498,0
ACC00796,23532.62,93499.45,8,11,8,11,2941.58,8499.95,11714.93,42103.42,1.0,11,8,0.003801,0.00022432,0,675,0
ACC00797,71135.97,31882.88,13,6,13,6,5472.0,5313.81,16519.63,17041.89,1.0,6,13,0.003801,0.00011272,1,920,0
ACC00798,123039.16,97460.15,12,19,12,19,10253.26,5129.48,48591.0,25436.59,1.0333,19,12,0.006201,0.00018619,0,920,1
ACC00799,64453.58,69678.84,17,9,17,9,3791.39,7742.09,10089.29,21068.33,1.0833,9,17,0.005201,0.00021506,0,920,0
ACC00800,118652.42,60743.35,18,9,18,9,6591.8,6749.26,34748.76,20402.34,1.0,9,18,0.005401,0.00011193,1,498,0
ACC00801,79326.28,59993.96,14,20,14,20,5666.16,2999.7,16720.41,12002.43,1.0,20,14,0.006801,0.00011576,0,498,0
ACC00802,62482.66,17287.52,11,5,11,5,5680.24,3457.5,17289.02,5610.86,1.0,5,11,0.003201,4.862e-05,0,498,0
ACC00803,58685.72,137141.42,10,18,10,18,5868.57,7618.97,30261.66,44798.0,1.0,18,10,0.005601,0.00013428,0,920,1
ACC00804,71170.93,62357.39,13,14,13,14,5474.69,4454.1,17746.13,22484.25,1.0,14,13,0.005401,0.00015082,0,500,0
ACC00805,96793.82,89123.35,17,16,17,16,5693.75,5570.21,23393.51,43928.34,1.0645,16,17,0.006601,0.00020207,0,990,0
ACC00806,25676.53,38189.61,10,12,10,12,2567.65,3182.47,6636.96,6111.52,1.0,12,10,0.004401,9.877e-05,0,498,0
ACC00807,56870.03,171418.49,11,21,11,21,5170.0,8162.79,18425.35,49088.15,1.0,21,11,0.006401,0.00043865,1,498,0
ACC00808,80570.84,87814.57,19,14,19,14,4240.57,6272.47,12285.48,31559.01,1.1379,14,19,0.006601,0.00020327,1,498,0
ACC00809,271465.08,160761.08,22,23,22,23,12339.32,6989.61,88650.0,73722.24,1.0465,23,22,0.009002,0.00036317,1,500,1
ACC00810,55577.0,57678.25,13,14,13,14,4275.15,4119.88,10761.6,20163.88,1.0385,14,13,0.005401,0.00015313,0,498,0
ACC00811,73022.0,148465.05,14,20,14,20,5215.86,7423.25,12930.91,40161.89,1.0625,20,14,0.006801,0.00026047,1,664,0
ACC00812,128646.47,78291.65,17,15,17,15,7567.44,5219.44,68516.0,20495.27,1.0667,15,17,0.006401,0.00015248,1,675,1
ACC00813,95735.97,85508.96,21,11,21,11,4558.86,7773.54,18128.61,39575.88,1.0667,11,21,0.006401,0.00020961,0,920,0
ACC00814,53465.97,87056.4,13,17,13,17,4112.77,5120.96,15343.22,20230.7,1.0714,17,13,0.006001,0.00023955,0,675,0
ACC00815,91026.6,65289.32,17,17,17,17,5354.51,3840.55,25130.0,15973.31,1.0303,17,17,0.006801,0.00012256,1,664,1
ACC00816,70030.41,124835.53,15,16,15,16,4668.69,7802.22,16246.13,67030.98,1.0333,16,15,0.006201,0.00020956,1,990,0
ACC00817,139014.59,113756.57,13,20,13,20,10693.43,5687.83,64353.0,21277.32,1.0312,20,13,0.006601,0.0002336,1,920,1
ACC00818,161723.32,61564.77,23,14,23,14,7031.45,4397.48,34310.36,18654.85,1.0278,14,23,0.007401,0.00017541,1,664,0
ACC00819,143794.46,185619.4,18,21,18,21,7988.58,8839.02,62552.0,40234.52,1.0263,21,18,0.007802,0.00031723,1,664,1
ACC00820,51778.71,125302.48,11,23,11,22,4707.16,5447.93,10886.27,24707.34,1.0968,22,11,0.006601,0.00027324,0,990,0
ACC00821,104633.45,69649.86,19,11,19,11,5507.02,6331.81,16092.31,39649.38,1.0345,11,19,0.006001,0.0001362,1,920,0
ACC00822,52962.9,604762.58,17,13,17,13,3115.46,46520.2,8867.26,464658.3,1.1538,13,17,0.006001,0.00082121,0,498,1
ACC00823,523867.14,53413.89,23,13,23,13,22776.83,4108.76,66746.0,20952.85,1.3333,13,23,0.007201,0.00012814,1,675,1
ACC00824,54063.03,46117.08,13,11,13,11,4158.69,4192.46,10150.14,11454.06,1.0,11,13,0.004801,0.00019934,0,920,0
ACC00825,82103.84,305830.13,18,13,18,12,4561.32,23525.39,21068.33,94797.0,1.0333,12,18,0.006001,0.00028317,1,498,1
ACC00826,191194.34,67469.44,19,14,19,14,10062.86,4819.25,89319.0,22286.17,1.0312,14,19,0.006601,0.0001156,0,664,1
ACC00827,106045.47,87158.97,19,20,19,20,5581.34,4357.95,52036.95,19152.13,1.0541,20,19,0.007802,0.00017513,1,664,0
ACC00828,62345.17,72448.15,12,14,12,14,5195.43,5174.87,30278.88,25484.48,1.0,14,12,0.005201,0.00014589,1,500,0
ACC00829,48888.99,81542.33,13,11,13,11,3760.69,7412.94,13645.65,37233.73,1.0,11,13,0.004801,0.00013252,1,675,0
ACC00830,137870.14,199378.4,18,21,18,21,7659.45,9494.21,61332.32,62584.0,1.1143,21,18,0.007802,0.00025912,1,990,1
ACC00831,41679.94,94381.42,14,21,14,21,2977.14,4494.35,5755.33,18129.37,1.0294,21,14,0.007001,0.00025484,0,990,0
ACC00832,436548.32,75300.45,25,15,25,15,17461.93,5020.03,73830.0,24104.39,1.25,15,25,0.008002,0.00019093,1,664,1
ACC00833,55644.78,58593.98,17,14,17,14,3273.22,4185.28,10639.41,13633.4,1.0333,14,17,0.006201,0.00013049,1,920,0
ACC00834,601499.3,597094.1,14,32,14,32,42964.24,18659.19,483440.75,85437.0,1.3529,32,14,0.009202,0.00065678,1,990,1
ACC00835,93657.32,61156.11,18,12,18,12,5203.18,5096.34,14007.55,19125.97,1.0714,12,18,0.006001,0.00013726,0,920,0
ACC00836,80539.63,63416.45,20,19,20,19,4026.98,3337.71,13493.72,14320.69,1.0263,19,20,0.007802,0.00017661,1,675,0
ACC00837,176659.17,140604.99,18,19,18,19,9814.4,7400.26,85823.0,31865.76,1.0278,19,18,0.007401,0.00023205,0,664,1
ACC00838,107470.83,87294.38,26,14,26,14,4133.49,6235.31,16780.35,30703.06,1.0256,14,26,0.008002,0.00014819,1,500,0
ACC00839,49501.86,13591.29,13,7,13,7,3807.84,1941.61,10025.08,4963.44,1.0,7,13,0.004001,5.115e-05,0,255,0
ACC00840,74850.68,49725.27,15,14,15,14,4990.05,3551.81,19028.62,11252.88,1.0357,14,15,0.005801,0.00010801,0,498,0
ACC00841,113538.69,103877.16,17,21,17,21,6678.75,4946.53,42224.0,20689.55,1.0556,21,17,0.007602,0.00026684,1,675,1
ACC00842,104046.97,76421.74,13,17,13,17,8003.61,4495.4,26922.26,10478.42,1.0,17,13,0.006001,0.00020662,0,498,0
ACC00843,123762.58,50566.71,15,13,15,13,8250.84,3889.75,57597.0,8609.71,1.0769,13,15,0.005601,0.0001074,0,675,1
ACC00844,94484.88,1017781.68,20,26,20,17,4724.24,39145.45,20682.05,98557.0,1.2778,17,20,0.007401,0.00032801,0,498,1
ACC00845,40083.64,121017.69,15,15,15,15,2672.24,8067.85,12745.73,49686.3,1.0,15,15,0.006001,0.00045668,1,990,0
ACC00846,64983.76,186146.38,17,22,17,22,3822.57,8461.2,12331.25,21014.01,1.0263,22,17,0.007802,0.0003112,0,498,0
ACC00847,71955.16,106044.14,12,18,11,18,5996.26,5891.34,28924.22,22575.32,1.0345,18,11,0.005801,0.00024342,1,255,0
ACC00848,55495.6,408832.42,17,17,17,17,3264.45,24048.97,7736.43,348160.75,1.0303,17,17,0.006801,0.00039265,1,500,1
ACC00849,703841.43,950376.36,25,24,20,16,28153.66,39599.01,97906.0,98957.0,1.4,16,20,0.007201,0.00026811,1,664,1
ACC00850,747595.82,789269.36,18,28,18,28,41533.1,28188.19,666137.15,81548.0,1.3529,28,18,0.009202,0.00079421,0,500,1
ACC00851,76873.1,125692.71,16,16,16,16,4804.57,7855.79,20342.92,40373.16,1.0,16,16,0.006401,0.00026171,0,920,0
ACC00852,71323.57,145194.78,17,20,17,20,4195.5,7259.74,22202.41,36663.85,1.0882,20,17,0.007401,0.00019327,1,664,0
ACC00853,42152.96,42408.36,13,9,13,9,3242.54,4712.04,16057.32,12678.72,1.0,9,13,0.004401,9.806e-05,1,500,0
ACC00854,91984.45,40340.48,18,10,18,10,5110.25,4034.05,27956.28,7029.7,1.0,10,18,0.005601,0.00010584,1,920,0
ACC00855,34026.44,79961.43,11,17,11,17,3093.31,4703.61,6120.33,18896.37,1.037,17,11,0.005601,0.0003474,0,500,0
ACC00856,41236.91,131518.33,13,17,13,17,3172.07,7736.37,6084.9,18921.24,1.0,17,13,0.006001,0.00028083,1,920,0
ACC00857,160228.86,76990.16,21,18,21,18,7629.95,4277.23,91640.0,19329.44,1.0833,18,21,0.007802,0.00031606,0,990,1
ACC00858,39966.25,69091.18,13,11,13,11,3074.33,6281.02,5519.36,32896.12,1.0,11,13,0.004801,0.00026197,0,498,0
ACC00859,128031.53,121318.82,17,14,17,14,7531.27,8665.63,74494.7,76015.0,1.069,14,17,0.006201,0.00018878,1,500,1
ACC00860,45868.64,60192.01,18,13,18,13,2548.26,4630.15,9600.69,13159.47,1.069,13,18,0.006201,0.00013242,1,664,0
ACC00861,166269.18,46458.54,17,21,17,21,9780.54,2212.31,72155.22,6221.17,1.0556,21,17,0.007602,0.00016537,1,675,0
ACC00862,105899.82,88284.61,20,25,20,25,5294.99,3531.38,13616.25,12218.76,1.0976,25,20,0.009002,0.00025385,1,920,0
ACC00863,74978.07,33045.69,14,10,14,10,5355.58,3304.57,18149.38,6528.77,1.0,10,14,0.004801,0.00010677,0,664,0
ACC00864,105449.21,64494.62,16,19,16,19,6590.58,3394.45,20163.03,12106.72,1.0,19,16,0.007001,0.00013818,0,920,0
ACC00865,20980.02,85217.04,4,18,4,18,5245.01,4734.28,7114.85,19362.13,1.0476,18,4,0.004401,0.00018229,0,920,0
ACC00866,44731.65,66120.74,11,21,10,21,4066.51,3148.61,7874.72,8991.44,1.0,21,10,0.006201,0.0001565,0,990,0
ACC00867,53155.6,66799.02,11,12,11,12,4832.33,5566.59,11206.82,13215.76,1.0455,12,11,0.004601,0.00018381,1,990,0
ACC00868,92876.1,82877.28,17,22,17,22,5463.3,3767.15,28179.15,10739.07,1.0263,22,17,0.007802,0.00020708,0,990,0
ACC00869,679369.91,119250.74,27,26,27,25,25161.85,4586.57,78598.0,14704.88,1.359,25,27,0.010402,0.00022953,0,498,1
ACC00870,76217.78,74305.56,18,16,18,16,4234.32,4644.1,12680.97,17510.76,1.0,16,18,0.006801,0.00017861,1,498,0
ACC00871,51330.4,65764.86,14,9,14,9,3666.46,7307.21,11886.93,31386.19,1.0,9,14,0.004601,0.00015001,0,255,0
ACC00872,156910.42,145513.73,20,16,20,16,7845.52,9094.61,40142.0,77360.0,1.0286,16,20,0.007201,0.0001637,1,255,1
ACC00873,89344.43,84380.65,24,16,24,16,3722.68,5273.79,22298.41,20316.0,1.0256,16,24,0.008002,0.00018821,1,920,1
ACC00874,52965.79,106903.25,16,16,16,16,3310.36,6681.45,13070.24,41455.76,1.1034,16,16,0.006401,0.00016318,1,664,0
ACC00875,743587.13,89083.55,28,18,28,18,26556.68,4949.09,77049.0,26154.11,1.3529,18,28,0.009202,0.00023082,1,664,1
ACC00876,162572.01,43307.88,20,12,20,12,8128.6,3608.99,77320.0,13372.07,1.0323,12,20,0.006401,0.00011109,1,664,1
ACC00877,73059.24,100713.42,17,17,17,17,4297.6,5924.32,20785.9,19748.65,1.0303,17,17,0.006801,0.00021001,0,675,1
ACC00878,160981.89,47625.95,18,10,18,10,8943.44,4762.59,55728.0,13004.62,1.037,10,18,0.005601,0.00011084,0,675,1
ACC00879,150134.47,58027.04,13,16,13,16,11548.81,3626.69,74826.58,26641.21,1.0357,16,13,0.005801,0.00013367,0,920,0
ACC00880,152369.38,46729.38,15,12,15,12,10157.96,3894.11,54672.69,11424.72,1.0,12,15,0.005401,0.00011386,0,255,0
ACC00881,40923.09,60928.75,10,14,10,14,4092.31,4352.05,17802.84,10527.66,1.0435,14,10,0.004801,0.00016156,1,498,0
ACC00882,96019.53,48203.38,18,11,18,11,5334.42,4382.13,18460.4,23215.08,1.0357,11,18,0.005801,0.00010195,0,675,0
ACC00883,235873.47,110361.19,20,22,20,22,11793.67,5016.42,89420.0,40969.0,1.1351,22,20,0.008402,0.00023591,1,920,1
ACC00884,99230.13,105270.12,18,23,18,23,5512.78,4576.96,32149.57,19091.56,1.1081,23,18,0.008202,0.00024445,1,498,0
ACC00885,109189.16,122370.11,23,17,23,17,4747.35,7198.24,25698.81,27207.36,1.0526,17,23,0.008002,0.00032197,1,498,0
ACC00886,66858.99,83210.19,14,21,14,21,4775.64,3962.39,13600.72,19888.31,1.0606,21,14,0.007001,0.00014284,1,920,0
ACC00887,62149.25,74120.64,18,12,18,12,3452.74,6176.72,12011.82,27666.33,1.0714,12,18,0.006001,0.00019453,1,498,0
ACC00888,738172.49,749330.09,21,28,21,28,35151.07,26761.79,661308.3,81599.0,1.3611,28,21,0.009802,0.00086538,1,920,1
ACC00889,105958.12,54046.86,20,11,20,11,5297.91,4913.35,18043.02,10299.61,1.0333,11,20,0.006201,0.00012269,0,675,0
ACC00890,97947.1,46644.16,19,19,19,19,5155.11,2454.96,16589.75,9003.01,1.0,19,19,0.007602,0.00010593,0,664,0
ACC00891,136913.2,215307.28,12,15,12,15,11409.43,14353.82,82892.32,84584.0,1.0385,15,12,0.005401,0.00029625,1,498,1
ACC00892,73361.71,84609.37,20,13,20,13,3668.09,6508.41,15174.4,20075.66,1.1786,13,20,0.006601,0.00015393,0,498,0
ACC00893,24031.05,154721.64,11,21,11,21,2184.64,7367.7,4634.68,44816.5,1.0323,21,11,0.006401,0.00027025,1,498,0
ACC00894,24713.79,107231.94,7,16,7,16,3530.54,6702.0,6400.73,42813.75,1.0,16,7,0.004601,0.00019187,1,990,0
ACC00895,131020.65,105175.83,17,22,17,22,7707.1,4780.72,48821.0,16409.55,1.0,22,17,0.007802,0.00029118,1,990,1
ACC00896,112767.46,116606.27,24,18,24,18,4698.64,6478.13,44431.0,16944.59,1.05,18,24,0.008402,0.00017825,1,500,1
ACC00897,64013.92,27501.74,15,7,15,7,4267.59,3928.82,15721.39,9013.35,1.0476,7,15,0.004401,8.422e-05,0,255,0
ACC00898,86112.94,72632.8,23,15,23,15,3744.04,4842.19,28446.24,19772.68,1.027,15,23,0.007602,0.00015062,1,920,0
ACC00899,64699.03,63204.07,22,13,22,13,2940.86,4861.85,15804.16,26971.0,1.0606,13,22,0.007001,0.00010491,0,664,1
ACC00900,87883.0,53200.46,19,8,19,8,4625.42,6650.06,20906.07,21208.43,1.0,8,19,0.005401,7.39e-05,0,500,0
ACC00901,38969.83,62642.87,13,19,13,19,2997.68,3296.99,14829.11,11371.1,1.0667,19,13,0.006401,0.00015921,1,255,0
ACC00902,159374.16,115840.3,9,20,9,20,17708.24,5792.02,69434.0,15384.42,1.0741,20,9,0.005801,0.00039535,0,990,1
ACC00903,112736.19,35727.94,19,16,19,16,5933.48,2233.0,32820.0,5489.82,1.0294,16,19,0.007001,0.00011304,1,675,1
ACC00904,69430.94,68744.37,17,18,17,18,4084.17,3819.13,13542.88,13818.0,1.0606,18,17,0.007001,0.00018543,1,920,0
ACC00905,49997.14,50938.69,11,14,11,14,4545.19,3638.48,18597.58,10054.1,1.0417,14,11,0.005001,0.00012154,1,498,0
ACC00906,54534.77,69812.81,16,15,15,15,3408.42,4654.19,10621.94,18131.7,1.1071,15,15,0.006001,0.00014874,1,498,0
ACC00907,63525.57,91631.08,13,15,13,15,4886.58,6108.74,12964.21,26656.43,1.0769,15,13,0.005601,0.00025234,1,920,0
ACC00908,54251.21,53061.49,11,16,11,16,4931.93,3316.34,13250.76,8339.89,1.0,16,11,0.005401,0.00018742,1,675,0
ACC00909,119392.35,46343.83,13,10,13,10,9184.03,4634.38,67369.0,15376.79,1.0455,10,13,0.004601,0.00010135,1,675,1
ACC00910,188436.4,180785.35,12,18,12,18,15703.03,10043.63,80315.9,81955.0,1.1538,18,12,0.006001,0.00032591,1,498,1
ACC00911,58386.62,50722.21,15,12,15,12,3892.44,4226.85,13936.92,15362.38,1.0,12,15,0.005401,0.00012233,0,990,0
ACC00912,148711.57,72390.64,15,17,15,17,9914.1,4258.27,95000.0,11276.22,1.0667,17,15,0.006401,0.00015112,1,255,0
ACC00913,173327.86,245038.72,12,20,12,20,14443.99,12251.94,75456.0,72437.76,1.0667,20,12,0.006401,0.00045904,1,664,1
ACC00914,58836.9,987658.85,15,22,15,13,3922.46,44893.58,13228.69,98824.0,1.4231,13,15,0.005601,0.00031299,1,990,1
ACC00915,738088.71,101801.96,21,14,15,14,35147.08,7271.57,98765.0,46873.97,1.2963,14,15,0.005801,0.00016281,1,664,1
ACC00916,48220.08,33581.41,15,8,15,8,3214.67,4197.68,8257.54,15170.65,1.0,8,15,0.004601,0.00018786,0,664,0
ACC00917,100793.13,66996.44,23,13,23,13,4382.31,5153.57,20187.07,17109.49,1.0588,13,23,0.007201,0.0002109,1,500,0
ACC00918,69625.01,62113.38,20,16,20,16,3481.25,3882.09,12282.47,11114.88,1.0286,16,20,0.007201,0.00011038,1,920,0
ACC00919,53892.68,77131.96,13,19,13,19,4145.59,4059.58,7301.64,9848.23,1.0323,19,13,0.006401,0.00020484,0,990,0
ACC00920,53173.52,73741.46,13,20,13,20,4090.27,3687.07,16288.9,9879.92,1.0645,20,13,0.006601,0.00019713,0,920,0
ACC00921,169258.31,94793.93,25,16,25,16,6770.33,5924.62,35555.36,18860.51,1.1389,16,25,0.008202,0.00019193,1,500,0
ACC00922,116218.84,35864.3,18,13,18,13,6456.6,2758.79,64301.4,11016.35,1.069,13,18,0.006201,0.00010555,1,498,0
ACC00923,43329.89,122377.05,14,17,14,17,3094.99,7198.65,10472.16,69424.0,1.069,17,14,0.006201,0.00015223,0,498,1
ACC00924,75744.48,86580.64,13,16,13,16,5826.5,5411.29,16040.76,26299.0,1.0,16,13,0.005801,0.00017472,0,920,1
ACC00925,81162.84,20241.07,17,10,17,10,4774.28,2024.11,25573.12,5730.05,1.0385,10,17,0.005401,6.151e-05,0,255,0
ACC00926,49218.12,42642.4,18,12,18,12,2734.34,3553.53,7808.47,9773.06,1.0714,12,18,0.006001,0.00010743,1,255,0
ACC00927,61593.6,50089.17,19,13,19,13,3241.77,3853.01,7076.48,16222.85,1.0,13,19,0.006401,0.00014332,1,498,0
ACC00928,130277.85,51443.56,12,15,12,15,10856.49,3429.57,63707.0,16515.26,1.0385,15,12,0.005401,0.00011996,0,498,1
ACC00929,164501.75,25497.54,21,10,21,10,7833.42,2549.75,66236.0,6275.37,1.1071,10,21,0.006201,7.368e-05,0,500,1
ACC00930,52730.37,81177.9,14,14,14,14,3766.45,5798.42,11431.57,20933.33,1.037,14,14,0.005601,0.00016844,1,990,0
ACC00931,100106.11,38798.73,15,14,15,14,6673.74,2771.34,44596.0,5667.34,1.0357,14,15,0.005801,9.584e-05,1,500,1
ACC00932,64552.46,76550.93,17,16,17,16,3797.2,4784.43,16259.81,22856.41,1.0645,16,17,0.006601,0.00018133,0,920,0
ACC00933,54699.42,132496.93,14,18,14,18,3907.1,7360.94,15153.37,30070.61,1.0,18,14,0.006401,0.0002574,0,498,0
ACC00934,41231.37,70530.37,12,16,12,16,3435.95,4408.15,8386.39,11814.91,1.0769,16,12,0.005601,0.00014654,1,990,0
ACC00935,65239.45,60047.63,17,19,17,19,3837.61,3160.4,16629.3,8522.84,1.0286,19,17,0.007201,0.00017466,1,920,0
ACC00936,82950.65,172129.26,13,22,13,22,6380.82,7824.06,22521.2,54043.2,1.0294,22,13,0.007001,0.00021439,1,255,1
ACC00937,102048.52,46532.87,13,20,13,20,7849.89,2326.64,43082.0,6177.89,1.0,20,13,0.006601,0.00015714,1,675,1
ACC00938,85507.0,1197225.33,18,30,18,19,4750.39,39907.51,26963.61,98659.0,1.3333,19,18,0.007401,0.00032591,0,920,1
ACC00939,187466.73,151737.7,21,23,21,23,8926.99,6597.29,86577.0,64788.33,1.0476,23,21,0.008802,0.00031616,1,664,1
ACC00940,61912.99,175260.58,13,21,13,21,4762.54,8345.74,15290.73,68643.8,1.0,21,13,0.006801,0.00032503,1,990,0
ACC00941,68511.88,147382.58,15,17,15,17,4567.46,8669.56,21186.86,85354.92,1.0323,17,15,0.006401,0.00018059,1,675,0
ACC00942,64920.24,45028.37,14,11,14,11,4637.16,4093.49,20896.32,13222.14,1.0,11,14,0.005001,0.00010243,1,920,0
ACC00943,117384.83,76486.55,11,15,11,15,10671.35,5099.1,72596.0,14707.41,1.0,15,11,0.005201,0.00018335,0,990,1
ACC00944,60927.06,122613.92,12,18,12,18,5077.26,6811.88,19250.57,56128.91,1.0345,18,12,0.006001,0.00017825,1,920,0
ACC00945,50905.14,88168.4,19,21,19,21,2679.22,4198.5,12099.57,13069.22,1.0526,21,19,0.008002,0.00021003,0,664,0
ACC00946,38680.59,71963.44,12,15,12,15,3223.38,4797.56,7302.1,14228.86,1.0,15,12,0.005401,0.00013894,0,498,0
ACC00947,63055.9,141377.74,15,20,15,20,4203.73,7068.89,12111.71,66807.0,1.0,20,15,0.007001,0.00023929,1,990,1
ACC00948,73390.21,116979.88,10,23,10,23,7339.02,5086.08,18356.04,14377.77,1.0312,23,10,0.006601,0.00030789,1,664,0
ACC00949,58433.98,113067.01,20,13,20,13,2921.7,8697.46,11181.03,45867.21,1.0,13,20,0.006601,0.00017701,1,675,0
ACC00950,45093.01,77630.83,15,13,15,13,3006.2,5971.6,6774.91,15547.25,1.0769,13,15,0.005601,0.00015371,0,675,0
ACC00951,43915.65,77344.83,15,14,15,14,2927.71,5524.63,8641.47,24093.92,1.0,14,15,0.005801,0.00014922,1,675,0
ACC00952,56824.24,163850.07,10,19,10,19,5682.42,8623.69,12871.62,37024.41,1.0741,19,10,0.005801,0.00026608,0,990,0
ACC00953,62745.51,87215.03,19,15,19,15,3302.4,5814.34,15237.95,19749.04,1.0625,15,19,0.006801,0.00021055,1,990,0
ACC00954,93011.27,137099.8,16,15,16,15,5813.2,9139.99,38479.7,39265.0,1.0333,15,16,0.006201,0.00017353,1,500,1
ACC00955,68530.05,56369.73,12,15,12,15,5710.84,3757.98,16739.37,16694.24,1.0,15,12,0.005401,9.78e-05,0,664,0
ACC00956,78714.35,55257.25,18,8,18,8,4373.02,6907.16,23988.12,19203.47,1.0833,8,18,0.005201,0.00015879,0,675,0
ACC00957,42428.39,51182.56,8,18,8,18,5303.55,2843.48,15597.27,13370.99,1.0833,18,8,0.005201,0.00010933,1,920,0
ACC00958,62847.21,60494.37,15,16,14,16,4189.81,3780.9,7347.32,11638.7,1.0333,16,14,0.006001,0.00019928,0,990,0
ACC00959,143437.31,50321.08,18,13,18,13,7968.74,3870.85,47909.42,16371.07,1.0333,13,18,0.006201,0.00011471,0,498,0
ACC00960,126657.75,52106.1,19,13,19,13,6666.2,4008.16,37010.25,9027.48,1.0667,13,19,0.006401,0.00010942,0,500,0
ACC00961,196667.67,100001.66,17,22,17,22,11568.69,4545.53,74590.0,12142.83,1.1143,22,17,0.007802,0.0002661,0,990,1
ACC00962,134725.84,71446.82,11,13,11,13,12247.8,5495.91,78342.0,37983.23,1.0,13,11,0.004801,0.00012572,1,990,1
ACC00963,186646.36,70562.06,25,20,25,20,7465.85,3528.1,33975.23,13115.82,1.2162,20,25,0.009002,0.0001948,0,500,0
ACC00964,110727.06,90761.57,23,22,23,22,4814.22,4125.53,18363.24,10652.61,1.0714,22,23,0.009002,0.00021081,1,920,0
ACC00965,110706.84,162137.91,16,20,16,20,6919.18,8106.9,21685.57,37610.92,1.0,20,16,0.007201,0.00033241,1,675,0
ACC00966,98071.52,85271.54,18,20,18,20,5448.42,4263.58,19560.04,16976.85,1.1176,20,18,0.007602,0.00020652,1,990,0
ACC00967,71242.91,46184.96,11,13,11,13,6476.63,3552.69,25128.65,9255.21,1.0435,13,11,0.004801,0.00013515,0,990,0
ACC00968,62058.76,39972.97,15,15,15,15,4137.25,2664.86,15320.3,10119.24,1.1111,15,15,0.006001,0.00012209,1,920,0
ACC00969,140485.67,211327.97,23,16,23,16,6108.07,13208.0,14475.08,76526.0,1.0833,16,23,0.007802,0.00025697,1,990,1
ACC00970,141670.27,41246.63,16,9,16,9,8854.39,4582.96,57618.0,9961.76,1.0,9,16,0.005001,0.00010659,0,990,1
ACC00971,69923.92,93273.42,17,20,17,20,4113.17,4663.67,19575.31,21903.33,1.0278,20,17,0.007401,0.00014712,1,500,0
ACC00972,72145.9,42536.49,13,14,13,14,5549.68,3038.32,22010.26,12198.23,1.0385,14,13,0.005401,9.743e-05,1,498,0
ACC00973,72658.05,62371.44,10,12,10,12,7265.81,5197.62,28327.14,17745.98,1.0,12,10,0.004401,0.00010647,0,990,0
ACC00974,130793.32,120413.21,12,17,12,17,10899.44,7083.13,85536.0,35598.82,1.0357,17,12,0.005801,0.00019799,0,990,1
ACC00975,61916.83,146184.73,16,18,16,18,3869.8,8121.37,18630.53,56629.0,1.1724,18,16,0.006801,0.00024324,1,990,1
ACC00976,85472.49,60402.59,16,11,16,11,5342.03,5491.14,35228.0,17381.33,1.0,11,16,0.005401,0.00021509,1,500,1
ACC00977,780587.59,833200.01,15,24,15,24,52039.17,34716.67,696291.1,89922.0,1.5,24,15,0.007802,0.00088832,1,500,1
ACC00978,111908.27,89180.17,21,16,21,16,5328.97,5573.76,21758.01,33011.94,1.0278,16,21,0.007401,0.00027398,1,255,0
ACC00979,159424.55,134898.99,18,15,18,15,8856.92,8993.27,64912.32,66264.66,1.1,15,18,0.006601,0.00029886,1,500,1
ACC00980,109106.3,53190.28,17,12,17,12,6418.02,4432.52,22406.02,10126.83,1.0357,12,17,0.005801,0.00013739,1,498,0
ACC00981,45417.75,76846.12,12,20,12,20,3784.81,3842.31,8107.53,11004.64,1.0323,20,12,0.006401,0.00016943,1,990,0
ACC00982,62266.12,50932.08,12,13,12,13,5188.84,3917.85,10151.95,15941.02,1.0417,13,12,0.005001,0.00012369,1,990,0
ACC00983,85164.16,50504.37,21,16,21,16,4055.44,3156.52,10650.63,10980.48,1.0,16,21,0.007401,0.00012459,1,920,0
ACC00984,56187.64,21990.24,11,7,11,7,5107.97,3141.46,12061.36,9790.13,1.0,7,11,0.003601,8.129e-05,0,500,0
ACC00985,97741.87,81109.88,22,11,22,11,4442.81,7373.63,19359.08,34600.57,1.0,11,22,0.006601,0.00019049,0,500,0
ACC00986,139808.24,159736.07,17,21,17,21,8224.01,7606.48,53099.0,62935.0,1.0556,21,17,0.007602,0.00026569,0,675,1
ACC00987,100048.17,205296.54,18,18,18,18,5558.23,11405.36,15924.85,95000.0,1.0,18,18,0.007201,0.00031636,0,664,0
ACC00988,78288.63,68130.16,14,15,14,15,5592.04,4542.01,14791.78,15700.85,1.0,15,14,0.005801,0.00013135,1,500,0
ACC00989,113319.06,65245.82,22,12,22,12,5150.87,5437.15,21425.66,14021.52,1.0303,12,22,0.006801,0.00016918,1,664,0
ACC00990,63470.52,36558.39,16,13,16,13,3966.91,2812.18,12143.61,10456.71,1.0741,13,16,0.005801,0.00012981,0,990,0
ACC00991,27440.63,44616.33,10,16,10,16,2744.06,2788.52,5874.47,6167.9,1.04,16,10,0.005201,0.0001391,1,255,0
ACC00992,80910.14,95610.88,21,16,20,16,3852.86,5975.68,19416.95,22592.0,1.0882,16,20,0.007201,0.000172,1,664,1
ACC00993,53452.95,140315.26,14,22,14,22,3818.07,6377.97,14596.88,28045.49,1.0286,22,14,0.007201,0.00025371,1,500,0
ACC00994,64173.63,90847.9,19,12,19,12,3377.56,7570.66,10897.15,22462.29,1.1071,12,19,0.006201,0.0002038,1,920,0
ACC00995,93237.66,1054340.46,14,18,14,8,6659.83,58574.47,26880.0,98458.0,1.4545,8,14,0.004401,0.00028244,0,675,1
ACC00996,79216.85,86521.86,18,19,18,19,4400.94,4553.78,17057.7,22439.22,1.0278,19,18,0.007401,0.00019932,1,675,0
ACC00997,69100.32,83769.27,18,19,18,19,3838.91,4408.91,7430.0,16629.3,1.0882,19,18,0.007401,0.00022272,0,990,0
ACC00998,115795.72,208150.28,19,21,19,21,6094.51,9911.92,45338.51,95000.0,1.0,21,19,0.008002,0.00030422,1,920,0
ACC00999,77967.64,36847.59,19,14,19,14,4103.56,2631.97,16640.81,8339.96,1.0645,14,19,0.006601,0.00012103,1,500,0
ACC01000,38027.22,100224.88,9,15,9,15,4225.25,6681.66,11825.04,25344.29,1.0435,15,9,0.004801,0.00021426,0,664,0
ACC01001,135987.77,122867.97,16,23,15,23,8499.24,5342.09,91538.0,15216.41,1.0263,23,15,0.007602,0.00034813,1,990,1
ACC01002,599383.29,647633.91,16,21,16,21,37461.46,30839.71,550847.05,89109.0,1.5417,21,16,0.007401,0.00081351,1,990,1
ACC01003,52512.81,66993.23,16,12,16,12,3282.05,5582.77,11321.04,21389.99,1.0,12,16,0.005601,0.00017975,1,675,0
ACC01004,36660.29,73348.39,9,18,9,18,4073.37,4074.91,16947.99,11925.14,1.0385,18,9,0.005401,0.00020872,1,664,0
ACC01005,47716.32,119006.58,16,22,16,22,2982.27,5409.39,8254.73,27086.28,1.0857,22,16,0.007602,0.00023305,1,498,0
ACC01006,124462.47,105141.1,19,16,19,16,6550.66,6571.32,22877.0,45176.78,1.0294,16,19,0.007001,0.00024835,1,500,1
ACC01007,49493.44,38288.49,9,16,9,16,5499.27,2393.03,16476.79,5646.34,1.0417,16,9,0.005001,8.667e-05,0,498,0
ACC01008,46272.89,51306.56,15,10,15,10,3084.86,5130.66,9041.48,13061.87,1.087,10,15,0.005001,0.0001043,1,498,0
ACC01009,170531.2,116309.75,13,18,13,18,13117.78,6461.65,50587.0,23745.93,1.0333,18,13,0.006201,0.00015297,0,664,1
ACC01010,72650.07,29093.26,14,13,14,13,5189.29,2237.94,29386.86,8128.54,1.0,13,14,0.005401,7.828e-05,1,920,0
ACC01011,147448.83,96373.75,21,21,21,21,7021.37,4589.23,28027.08,19409.0,1.1053,21,21,0.008402,0.00020744,1,255,1
ACC01012,135799.94,48378.69,19,16,19,16,7147.37,3023.67,49500.0,10190.54,1.0,16,19,0.007001,0.00012693,0,920,1
ACC01013,48061.7,87718.44,11,17,11,17,4369.25,5159.91,10733.94,27261.31,1.0,17,11,0.005601,0.00016657,0,664,0
ACC01014,81149.29,73574.56,11,21,11,21,7377.21,3503.55,26154.11,10341.41,1.0667,21,11,0.006401,0.00021162,1,920,0
ACC01015,66318.44,561528.72,18,22,18,22,3684.36,25524.03,24151.42,483383.75,1.0526,22,18,0.008002,0.00068283,1,920,1
ACC01016,428981.7,61087.68,20,15,20,15,21449.08,4072.51,69792.0,13872.25,1.25,15,20,0.007001,0.0001809,1,664,1
ACC01017,39024.73,749816.68,16,10,16,10,2439.05,74981.67,10634.74,696291.1,1.04,10,16,0.005201,0.00080406,1,664,1
ACC01018,59732.19,82204.26,15,14,15,14,3982.15,5871.73,10850.12,19387.25,1.0,14,15,0.005801,0.00019837,0,500,0
ACC01019,53962.82,159524.28,15,20,15,20,3597.52,7976.21,16484.17,18622.38,1.0938,20,15,0.007001,0.00026804,1,990,0
ACC01020,63010.77,89433.67,20,14,20,14,3150.54,6388.12,12617.27,54011.0,1.0625,14,20,0.006801,0.00010314,0,920,1
ACC01021,88667.83,71364.8,11,17,11,17,8060.71,4197.93,49591.0,16384.39,1.0,17,11,0.005601,0.00013467,0,500,1
ACC01022,287440.34,694891.42,13,14,13,14,22110.8,49635.1,80138.0,633100.9,1.0,14,13,0.005401,0.00102655,0,498,1
ACC01023,113568.88,37687.93,12,8,12,8,9464.07,4710.99,26349.51,15995.48,1.0526,8,12,0.004001,9.209e-05,0,498,0
ACC01024,102348.55,91644.52,19,21,19,21,5386.77,4364.02,24676.75,17118.39,1.0526,21,19,0.008002,0.00022117,1,675,0
ACC01025,94643.86,39682.31,10,13,10,13,9464.39,3052.49,37657.43,8100.54,1.0455,13,10,0.004601,0.00010487,0,500,0
ACC01026,162329.36,65482.0,19,17,19,16,8543.65,3851.88,61195.0,8210.68,1.0588,16,19,0.007001,0.00016564,1,500,1
ACC01027,52921.1,62197.71,13,14,13,14,4070.85,4442.69,16416.52,19627.83,1.0385,14,13,0.005401,0.00013408,1,990,0
ACC01028,104158.02,71196.42,21,13,21,13,4959.91,5476.65,29968.92,18250.98,1.0303,13,21,0.006801,0.00017086,0,920,0
ACC01029,139298.53,66972.94,21,22,21,22,6633.26,3044.22,52632.0,7474.56,1.1026,22,21,0.008602,0.00013249,1,920,1
ACC01030,155081.68,43302.6,18,10,18,10,8615.65,4330.26,67683.0,9855.22,1.0769,10,18,0.005601,9.76e-05,0,498,1
ACC01031,41654.31,42487.58,14,12,14,12,2975.31,3540.63,6796.79,10968.41,1.0,12,14,0.005201,0.00010499,1,255,0
ACC01032,37225.47,58809.31,10,12,10,12,3722.55,4900.78,10234.38,9408.96,1.0,12,10,0.004401,0.0002917,0,500,0
ACC01033,81403.74,114232.05,15,22,15,22,5426.92,5192.37,21919.62,30889.47,1.0,22,15,0.007401,0.00022305,1,664,0
ACC01034,108754.09,1097374.61,20,23,20,13,5437.7,47711.94,20612.08,97429.0,1.303,13,20,0.006601,0.0002369,1,990,1
ACC01035,671279.87,660731.41,10,26,10,26,67127.99,25412.75,591594.45,70122.0,1.5652,26,10,0.007201,0.0009982,1,498,1
ACC01036,141321.12,106720.37,24,18,24,18,5888.38,5928.91,29488.97,25809.57,1.0769,18,24,0.008402,0.00017907,0,500,0
ACC01037,77370.97,55994.43,13,14,13,14,5951.61,3999.6,26881.41,14609.79,1.0385,14,13,0.005401,0.00012476,1,498,0
ACC01038,179421.14,79019.7,24,17,24,17,7475.88,4648.22,71099.0,20080.22,1.025,17,24,0.008202,0.00018689,1,675,1
ACC01039,59989.4,81018.95,19,17,19,17,3157.34,4765.82,9496.39,13722.78,1.0588,17,19,0.007201,0.00019203,1,500,0
ACC01040,83401.54,80729.51,15,15,15,15,5560.1,5381.97,17043.9,18915.29,1.0345,15,15,0.006001,0.00022121,1,675,0
ACC01041,68864.73,114729.45,13,12,13,12,5297.29,9560.79,17036.19,42099.0,1.0417,12,13,0.005001,0.00019693,1,255,1
ACC01042,111735.43,120789.37,15,18,15,18,7449.03,6710.52,22076.5,54491.0,1.0312,18,15,0.006601,0.00023946,1,675,1
ACC01043,84519.78,67838.07,10,9,10,9,8451.98,7537.56,34560.12,20625.89,1.0,9,10,0.003801,0.00015018,0,664,0
ACC01044,1204670.4,695841.62,27,29,26,29,44617.42,23994.54,518514.75,80372.0,1.6,29,26,0.011002,0.0008299,1,498,1
ACC01045,114965.45,60033.48,24,11,24,11,4790.23,5457.59,34919.91,27818.85,1.0938,11,24,0.007001,0.00011317,0,920,0
ACC01046,106074.68,69998.02,24,14,24,14,4419.78,4999.86,30761.48,22141.03,1.0857,14,24,0.007602,0.00016658,1,498,0
ACC01047,141524.81,45535.66,15,11,15,11,9434.99,4139.61,60427.92,9189.25,1.1818,11,15,0.005201,0.00011785,1,675,0
ACC01048,58041.85,61327.24,14,12,14,12,4145.85,5110.6,16974.03,15205.2,1.04,12,14,0.005201,0.00015683,0,920,0
ACC01049,57411.26,51765.24,11,11,10,11,5219.21,4705.93,19425.41,18432.95,1.0476,11,10,0.004201,0.00012692,0,664,0
ACC01050,90177.21,45539.4,15,9,15,9,6011.81,5059.93,28233.79,11191.3,1.0909,9,15,0.004801,0.0001326,1,664,0
ACC01051,31655.56,1002931.74,9,23,9,14,3517.28,43605.73,10469.22,98074.0,1.3913,14,9,0.004601,0.00026466,0,990,1
ACC01052,342422.74,42292.93,17,14,17,14,20142.51,3020.92,74130.0,10065.67,1.24,14,17,0.006201,0.00014403,0,498,1
ACC01053,136724.19,132639.67,19,16,19,16,7196.01,8289.98,40118.0,71602.0,1.0294,16,19,0.007001,0.00018648,1,675,1
ACC01054,135199.94,946127.98,17,20,17,12,7952.94,47306.4,45585.62,98467.0,1.2759,12,17,0.005801,0.00033106,0,498,1
ACC01055,54775.05,83055.03,14,17,14,17,3912.5,4885.59,8722.16,17745.5,1.0,17,14,0.006201,0.00014549,1,498,0
ACC01056,127470.95,96661.72,18,14,18,14,7081.72,6904.41,39606.7,40415.0,1.0323,14,18,0.006401,0.0002021,1,498,1
ACC01057,668427.2,679052.66,9,23,9,23,74269.69,29524.03,572822.45,81063.0,1.5238,23,9,0.006401,0.00095784,0,920,1
ACC01058,45816.79,42434.48,15,9,15,9,3054.45,4714.94,6287.49,18425.7,1.0435,9,15,0.004801,0.00011049,1,664,0
ACC01059,94768.08,72309.97,19,16,19,16,4987.79,4519.37,36997.37,11971.16,1.0294,16,19,0.007001,0.0001802,1,920,0
ACC01060,66122.66,105972.63,14,16,14,16,4723.05,6623.29,15578.04,46991.68,1.0345,16,14,0.006001,0.00022829,1,664,0
ACC01061,98953.89,55784.19,24,15,24,15,4123.08,3718.95,11886.23,11868.45,1.0,15,24,0.007802,0.00011232,1,498,0
ACC01062,88180.76,52131.73,22,21,21,21,4008.22,2482.46,14212.4,9453.63,1.1026,21,21,0.008402,0.00011788,1,990,0
ACC01063,133651.83,106048.58,18,15,18,15,7425.1,7069.91,41697.13,32607.53,1.0,15,18,0.006601,0.00017404,1,664,0
ACC01064,138768.68,46776.64,13,11,13,11,10674.51,4252.42,76920.0,19528.83,1.0,11,13,0.004801,0.00013455,1,920,1
ACC01065,88976.39,49370.44,17,17,17,17,5233.91,2904.14,15332.35,7617.04,1.0968,17,17,0.006801,0.00010704,0,920,0
ACC01066,48452.71,88912.22,12,17,12,17,4037.73,5230.13,9077.91,35004.86,1.0357,17,12,0.005801,0.00023699,0,498,0
ACC01067,23010.65,80281.56,9,18,9,18,2556.74,4460.09,5290.44,27739.64,1.0385,18,9,0.005401,0.00021845,0,990,0
ACC01068,37236.07,82681.89,11,14,11,14,3385.1,5905.85,12073.61,35531.85,1.0,14,11,0.005001,0.00015298,0,498,0
ACC01069,107847.85,123958.6,19,14,19,14,5676.2,8854.19,36755.0,51150.0,1.0645,14,19,0.006601,0.00021791,0,990,1
ACC01070,154146.8,139520.24,14,20,14,20,11010.49,6976.01,71162.0,68315.52,1.0625,20,14,0.006801,0.00034647,1,498,1
ACC01071,64100.19,139853.69,12,17,12,17,5341.68,8226.69,13052.27,39038.0,1.0357,17,12,0.005801,0.0002787,0,990,1
ACC01072,70663.07,8558.5,18,8,18,8,3925.73,1069.81,9509.84,2392.35,1.0833,8,18,0.005201,5.611e-05,0,500,0
ACC01073,109776.93,41212.37,15,13,15,13,7318.46,3170.18,45644.0,11416.28,1.037,13,15,0.005601,0.00013249,0,920,1
ACC01074,76613.14,118954.83,12,22,12,22,6384.43,5407.04,23269.62,33331.16,1.0,22,12,0.006801,0.00021066,0,498,0
ACC01075,94253.92,75864.68,13,18,13,18,7250.3,4214.7,21958.0,16236.88,1.069,18,13,0.006201,0.00021141,1,920,1
ACC01076,79906.18,82458.23,15,16,14,16,5327.08,5153.64,14751.84,23198.04,1.0333,16,14,0.006001,0.00017657,0,920,0
ACC01077,69094.04,90989.35,14,19,14,19,4935.29,4788.91,17056.92,16057.44,1.0312,19,14,0.006601,0.00020505,1,675,0
ACC01078,54092.06,96967.45,14,14,14,14,3863.72,6926.25,10196.79,36688.85,1.037,14,14,0.005601,0.00028509,0,920,0
ACC01079,22012.94,36601.08,11,13,11,13,2001.18,2815.47,6537.73,6595.17,1.0,13,11,0.004801,8.537e-05,1,920,0
ACC01080,1111279.2,112308.51,28,19,18,19,39688.54,5910.97,98039.0,18254.02,1.2703,19,18,0.007401,0.00024473,1,675,1
ACC01081,730823.42,191929.95,17,18,11,18,42989.61,10662.78,98893.0,64457.0,1.25,18,11,0.005801,0.00021206,0,500,1
ACC01082,61448.84,164414.77,14,11,14,11,4389.2,14946.8,11567.46,60181.89,1.0,11,14,0.005001,0.0001607,0,990,1
ACC01083,44340.47,142239.04,15,24,15,24,2956.03,5926.63,7366.93,21666.21,1.0541,24,15,0.007802,0.00025474,1,990,0
ACC01084,124804.11,49545.75,21,14,21,14,5943.05,3538.98,30909.63,12083.18,1.0,14,21,0.007001,0.00011777,0,990,0
ACC01085,74514.25,91693.99,18,21,18,21,4139.68,4366.38,12933.04,17947.59,1.0541,21,18,0.007802,0.00020628,1,675,0
ACC01086,86791.26,63314.59,22,12,22,12,3945.06,5276.22,10685.85,13468.4,1.0,12,22,0.006801,0.00014446,1,500,0
ACC01087,63914.61,34062.28,11,12,11,12,5810.42,2838.52,15646.39,6442.68,1.0,12,11,0.004601,0.00011441,0,990,0
ACC01088,694894.41,79334.65,16,18,10,18,43430.9,4407.48,95169.0,19158.49,1.2143,18,10,0.005601,0.00023118,0,500,1
ACC01089,134402.46,97955.09,16,20,16,20,8400.15,4897.75,81424.0,20652.16,1.0,20,16,0.007201,0.00034924,1,664,1
ACC01090,199589.77,201811.33,17,16,17,16,11740.57,12613.21,56659.0,66577.0,1.0312,16,17,0.006601,0.0002417,1,664,1
ACC01091,105513.74,112094.08,15,15,15,15,7034.25,7472.94,41664.7,42515.0,1.0714,15,15,0.006001,0.00018185,1,664,1
ACC01092,42067.5,130975.93,12,14,12,14,3505.62,9355.42,20948.13,72696.0,1.04,14,12,0.005201,0.00017238,0,920,1
ACC01093,156636.08,85129.78,22,13,22,13,7119.82,6548.44,48291.84,49297.92,1.0938,13,22,0.007001,0.00020841,1,675,1
ACC01094,169345.37,99778.1,18,23,18,23,9408.08,4338.18,79098.0,18680.79,1.0789,23,18,0.008202,0.00023798,0,990,1
ACC01095,119257.96,76008.19,22,21,22,21,5420.82,3619.44,16622.85,18725.53,1.0488,21,22,0.008602,0.00017554,1,990,0
ACC01096,58419.25,79264.65,14,16,14,16,4172.8,4954.04,9548.25,12560.07,1.0714,16,14,0.006001,0.0001991,1,498,0
ACC01097,130534.21,152202.61,10,18,10,18,13053.42,8455.7,47696.4,39632.74,1.0,18,10,0.005601,0.00024349,0,990,0
ACC01098,72086.38,101332.93,15,18,15,18,4805.76,5629.61,19656.94,29636.47,1.0,18,15,0.006601,0.0002021,0,920,0
ACC01099,57933.83,129900.23,15,18,15,18,3862.26,7216.68,15205.2,33762.87,1.0312,18,15,0.006601,0.00026688,0,920,0
ACC01100,162868.49,26291.25,16,12,16,12,10179.28,2190.94,49156.0,7366.74,1.0,12,16,0.005601,7.601e-05,0,498,1
ACC01101,93808.47,126329.44,17,24,17,24,5518.15,5263.73,28168.54,13830.83,1.025,24,17,0.008202,0.00031264,0,990,0
ACC01102,45961.38,54474.41,15,15,15,15,3064.09,3631.63,7789.73,12206.29,1.0,15,15,0.006001,0.00016825,1,920,0
ACC01103,68367.22,98262.29,16,14,16,14,4272.95,7018.74,15975.06,17296.72,1.0,14,16,0.006001,0.00019972,0,990,0
ACC01104,90698.85,92547.53,16,24,16,24,5668.68,3856.15,27787.62,10626.42,1.0526,24,16,0.008002,0.00018011,1,990,0
ACC01105,45233.89,29886.71,14,11,14,11,3230.99,2716.97,15953.82,6192.15,1.0417,11,14,0.005001,0.0001262,0,920,0
ACC01106,53028.37,72242.13,17,23,17,23,3119.32,3140.96,11200.86,9141.5,1.0,23,17,0.008002,0.00028483,1,990,0
ACC01107,119181.62,124812.38,15,18,15,18,7945.44,6934.02,37047.77,37216.57,1.0,18,15,0.006601,0.00030345,1,498,0
ACC01108,57318.38,102387.25,17,19,17,19,3371.67,5388.8,15841.01,28425.63,1.0,19,17,0.007201,0.0002302,1,990,0
ACC01109,103874.17,31147.76,16,8,16,8,6492.14,3893.47,26801.77,7730.08,1.0909,8,16,0.004801,0.0001209,0,990,0
ACC01110,59186.35,73192.08,16,16,16,15,3699.15,4574.5,11369.7,22313.69,1.0667,15,16,0.006201,0.00016898,0,990,0
ACC01111,165565.01,133224.68,15,14,15,14,11037.67,9516.05,78669.5,80275.0,1.0741,14,15,0.005801,0.00030503,1,498,1
ACC01112,110598.18,110575.11,21,14,21,14,5266.58,7898.22,26995.05,19945.96,1.0294,14,21,0.007001,0.00032735,1,498,0
ACC01113,176385.95,81659.94,21,17,21,17,8399.33,4803.53,53959.0,29023.35,1.0,17,21,0.007602,0.00015822,1,498,1
ACC01114,58708.52,89306.57,22,17,22,17,2668.57,5253.33,7271.89,38195.0,1.0263,17,22,0.007802,0.00013848,0,498,1
ACC01115,70523.2,87292.41,15,15,15,15,4701.55,5819.49,36442.49,17053.37,1.0,15,15,0.006001,0.00019123,0,920,0
ACC01116,26380.57,33601.87,11,10,11,10,2398.23,3360.19,6342.21,9939.05,1.05,10,11,0.004201,0.00010753,0,675,0
ACC01117,59359.44,85189.66,13,13,13,13,4566.11,6553.05,16858.23,52652.84,1.0,13,13,0.005201,0.00014103,0,500,0
ACC01118,56396.04,101745.84,13,22,13,22,4338.16,4624.81,12148.8,16284.44,1.0294,22,13,0.007001,0.00027533,1,255,0
ACC01119,52371.14,70279.14,13,10,13,10,4028.55,7027.91,8974.97,25394.05,1.0,10,13,0.004601,0.00012767,0,500,0
ACC01120,32943.19,67729.7,9,17,9,17,3660.35,3984.1,13396.22,15366.8,1.04,17,9,0.005201,0.00016694,0,990,0
ACC01121,68065.55,84740.11,14,14,14,14,4861.82,6052.87,13880.85,19833.91,1.0,14,14,0.005601,0.00018319,1,664,0
ACC01122,77571.24,60278.57,19,9,19,9,4082.7,6697.62,16894.83,22907.1,1.037,9,19,0.005601,0.00012508,0,255,0
ACC01123,122335.45,50545.43,21,12,21,12,5825.5,4212.12,23594.75,9471.04,1.1,12,21,0.006601,0.00010028,0,675,0
ACC01124,76643.32,85027.06,19,19,19,19,4033.86,4475.11,9696.96,24005.71,1.027,19,19,0.007602,0.000157,1,498,0
ACC01125,92307.92,141805.71,17,19,17,19,5429.88,7463.46,21769.0,74455.0,1.0286,19,17,0.007201,0.00016107,0,498,1
ACC01126,69449.85,108375.48,14,14,14,14,4960.7,7741.11,26393.69,55844.16,1.0,14,14,0.005601,0.00026252,1,920,0
ACC01127,45201.43,173255.92,11,16,11,16,4109.22,10828.49,9467.74,58925.22,1.0385,16,11,0.005401,0.00022979,0,664,1
ACC01128,85434.42,121425.16,17,20,17,20,5025.55,6071.26,16813.39,42193.0,1.0571,20,17,0.007401,0.00020211,1,920,1
ACC01129,1174290.2,83206.02,33,16,24,16,35584.55,5200.38,97752.0,37560.6,1.2564,16,24,0.008002,0.00011344,1,664,1
ACC01130,35287.76,134093.89,12,21,12,21,2940.65,6385.42,9958.81,30731.26,1.0,21,12,0.006601,0.00028049,0,675,0
ACC01131,90559.29,50151.27,25,13,25,13,3622.37,3857.79,16458.85,11048.4,1.027,13,25,0.007602,0.00019357,1,920,0
ACC01132,32431.11,808081.53,11,28,11,21,2948.28,28860.05,11522.96,98096.0,1.3,21,11,0.006401,0.00024131,0,500,1
ACC01133,57629.3,74428.75,15,18,15,18,3841.95,4134.93,13564.77,9667.58,1.0312,18,15,0.006601,0.00017041,0,990,0
ACC01134,61585.76,92547.38,20,17,20,17,3079.29,5443.96,9791.07,38580.53,1.0,17,20,0.007401,0.0001393,1,664,0
ACC01135,105717.93,100375.29,13,12,13,12,8132.15,8364.61,51144.0,52209.5,1.087,12,13,0.005001,0.00020919,1,990,1
ACC01136,65734.57,58961.88,15,12,15,12,4382.3,4913.49,16748.33,13923.33,1.08,12,15,0.005401,9.751e-05,1,500,0
ACC01137,235183.36,150141.81,19,20,19,20,12378.07,7507.09,62360.48,61987.0,1.0541,20,19,0.007802,0.0002054,1,664,1
ACC01138,82147.1,33458.39,19,13,19,13,4323.53,2573.72,12399.16,6177.86,1.0,13,19,0.006401,0.00013754,1,990,0
ACC01139,29201.11,97282.92,10,21,10,21,2920.11,4632.52,9414.43,13862.6,1.0333,21,10,0.006201,0.00019548,1,255,0
ACC01140,120603.73,50658.35,15,15,15,15,8040.25,3377.22,49080.68,11798.65,1.0345,15,15,0.006001,0.00012953,1,664,0
ACC01141,73411.11,109604.51,18,12,18,12,4078.4,9133.71,26637.97,73830.0,1.0345,12,18,0.006001,0.00012659,0,664,1
ACC01142,125691.37,137143.74,21,22,21,22,5985.3,6233.81,27169.65,36026.69,1.0488,22,21,0.008602,0.00023994,1,990,0
ACC01143,76239.7,60092.32,22,16,22,16,3465.44,3755.77,11476.49,11264.51,1.0,16,22,0.007602,0.00016495,1,920,0
ACC01144,69478.62,71263.88,20,13,20,13,3473.93,5481.84,8152.86,36528.5,1.0,13,20,0.006601,0.0001314,0,675,0
ACC01145,98180.42,84782.52,19,16,19,16,5167.39,5298.91,37038.29,21817.68,1.0606,16,19,0.007001,0.0001758,1,990,0
ACC01146,90518.29,41136.63,16,14,16,14,5657.39,2938.33,18737.0,7798.51,1.0345,14,16,0.006001,0.00010045,1,498,0
ACC01147,15619.42,167494.78,5,24,5,24,3123.88,6978.95,4584.53,64207.0,1.0357,24,5,0.005801,0.00027035,0,664,1
ACC01148,62190.52,48261.04,19,12,19,12,3273.19,4021.75,13196.71,21898.04,1.1923,12,19,0.006201,0.00011707,1,920,0
ACC01149,53984.2,115095.93,14,13,14,13,3856.01,8853.53,9742.21,79676.0,1.0,13,14,0.005401,0.00015934,1,498,0
ACC01150,56693.82,68395.67,16,13,16,13,3543.36,5261.21,14798.18,12378.13,1.0741,13,16,0.005801,0.00018785,0,990,0
ACC01151,48416.66,53821.67,13,16,13,16,3724.36,3363.85,10341.41,9799.03,1.1154,16,13,0.005801,0.00013373,0,990,0
ACC01152,119584.9,26494.05,16,10,16,10,7474.06,2649.41,39056.02,5227.69,1.0,10,16,0.005201,0.00010435,1,990,0
ACC01153,99562.39,65604.64,16,12,16,12,6222.65,5467.05,29100.69,16545.31,1.037,12,16,0.005601,0.00015245,0,500,0
ACC01154,469996.88,515374.27,19,30,19,30,24736.68,17179.14,391772.4,85211.0,1.3611,30,19,0.009802,0.00063902,1,920,1
ACC01155,82073.11,71701.02,15,16,15,16,5471.54,4481.31,26461.14,22419.12,1.0,16,15,0.006201,0.00014338,1,498,0
ACC01156,76520.22,86350.79,17,18,17,18,4501.19,4797.27,12269.12,21391.89,1.0294,18,17,0.007001,0.00013823,1,500,0
ACC01157,53465.34,124749.48,15,14,15,14,3564.36,8910.68,17988.3,44769.24,1.0357,14,15,0.005801,0.00021981,0,675,0
ACC01158,96160.32,72552.88,16,19,16,19,6010.02,3818.57,26714.69,14062.19,1.0,19,16,0.007001,0.00015844,0,498,0
ACC01159,76703.64,89128.35,9,12,9,12,8522.63,7427.36,16618.03,33474.0,1.05,12,9,0.004201,0.00013583,0,500,1
ACC01160,900326.12,2097477.01,16,43,16,32,56270.38,48778.54,838282.85,97763.0,1.7879,32,16,0.009602,0.00111905,1,498,1
ACC01161,299662.95,169515.38,29,17,29,17,10333.21,9971.49,86043.02,87799.0,1.122,17,29,0.009202,0.00040093,1,990,1
ACC01162,620737.25,147140.07,27,23,27,23,22990.27,6397.39,78760.0,36234.0,1.3514,23,27,0.010002,0.00026335,1,664,1
ACC01163,56971.18,94771.07,15,12,15,12,3798.08,7897.59,14346.41,50219.92,1.0,12,15,0.005401,0.00013989,0,990,0
ACC01164,94250.32,82589.75,20,14,20,14,4712.52,5899.27,14683.87,19765.37,1.0303,14,20,0.006801,0.00022651,0,255,0
ACC01165,67174.46,64787.13,12,19,12,19,5597.87,3409.85,28968.49,16922.52,1.0,19,12,0.006201,0.00015791,1,498,0
ACC01166,65233.62,45462.49,16,18,15,18,4077.1,2525.69,14328.88,5491.09,1.0303,18,15,0.006601,0.00010265,0,920,0
ACC01167,68869.66,74040.9,15,14,15,14,4591.31,5288.64,15689.5,19226.57,1.0357,14,15,0.005801,0.00014079,1,920,0
ACC01168,61833.44,78871.56,17,18,17,18,3637.26,4381.75,10428.27,15812.79,1.0938,18,17,0.007001,0.00017317,1,255,0
ACC01169,81708.49,46699.4,17,11,17,11,4806.38,4245.4,13473.41,18938.57,1.0,11,17,0.005601,9.948e-05,0,990,0
ACC01170,144407.97,72253.41,15,13,14,13,9627.2,5557.95,85878.0,24309.92,1.0769,13,14,0.005401,0.00024252,0,498,1
ACC01171,93173.22,73372.19,22,14,22,14,4235.15,5240.87,19031.86,14302.07,1.0588,14,22,0.007201,0.00015497,0,498,0
ACC01172,38604.94,101229.52,14,18,14,18,2757.5,5623.86,7693.79,21821.95,1.0323,18,14,0.006401,0.00020759,1,675,0
ACC01173,128255.62,64908.32,22,16,22,16,5829.8,4056.77,43910.0,28111.0,1.027,16,22,0.007602,0.00011964,0,498,1
ACC01174,67037.76,55812.84,10,9,10,9,6703.78,6201.43,35603.68,20343.2,1.0,9,10,0.003801,0.00010601,0,664,0
ACC01175,64704.65,48330.99,16,16,16,16,4044.04,3020.69,13764.99,7397.8,1.0,16,16,0.006401,0.00010698,1,500,0
ACC01176,53307.22,119553.56,16,21,16,21,3331.7,5693.03,17010.67,14224.89,1.1212,21,16,0.007401,0.00026386,0,675,0
ACC01177,77310.36,83569.46,18,18,18,18,4295.02,4642.75,11147.65,24488.91,1.0909,18,18,0.007201,0.0001404,1,500,0
ACC01178,80216.61,65231.71,19,13,19,13,4221.93,5017.82,15682.48,16050.35,1.0,13,19,0.006401,0.00015288,0,990,0
ACC01179,89833.6,77076.71,14,19,14,19,6416.69,4056.67,24873.56,12588.08,1.0312,19,14,0.006601,0.00016288,1,255,0
ACC01180,31063.61,99689.53,10,22,10,22,3106.36,4531.34,12160.25,41163.43,1.0,22,10,0.006401,0.00017507,1,500,0
ACC01181,13113.87,44996.74,6,8,6,8,2185.64,5624.59,4666.62,16915.13,1.0,8,6,0.002801,9.577e-05,0,498,0
ACC01182,59492.98,56172.58,16,12,16,12,3718.31,4681.05,10642.77,25547.55,1.037,12,16,0.005601,8.955e-05,1,500,0
ACC01183,171429.16,65803.17,11,14,11,14,15584.47,4700.23,69632.0,9342.4,1.0417,14,11,0.005001,0.0001663,1,498,1
ACC01184,134615.41,90198.6,18,23,18,23,7478.63,3921.68,31076.64,10502.85,1.025,23,18,0.008202,0.0002495,1,500,0
ACC01185,52135.39,72348.12,13,17,13,16,4010.41,4255.77,19158.01,10222.32,1.0714,16,13,0.005801,0.00020396,1,498,0
ACC01186,67468.25,110292.35,13,17,13,17,5189.87,6487.79,13906.57,47148.43,1.0,17,13,0.006001,0.00020306,1,920,0
ACC01187,97795.29,35960.39,16,12,16,12,6112.21,2996.7,34238.41,8023.46,1.0769,12,16,0.005601,9.001e-05,1,498,0
ACC01188,81906.17,1201392.38,14,28,14,17,5850.44,42906.87,24768.41,97485.0,1.3548,17,14,0.006201,0.00029091,1,990,1
ACC01189,143696.55,101327.87,19,16,19,16,7562.98,6332.99,36430.87,31693.0,1.129,16,19,0.007001,0.00014717,1,500,1
ACC01190,39965.91,36159.03,12,14,12,14,3330.49,2582.79,16286.2,7171.19,1.04,14,12,0.005201,0.00013892,1,255,0
ACC01191,80146.99,140184.45,16,18,16,18,5009.19,7788.03,23437.36,40652.58,1.0625,18,16,0.006801,0.00028288,0,920,0
ACC01192,29566.62,138577.43,14,19,14,19,2111.9,7293.55,4909.04,69262.0,1.0312,19,14,0.006601,0.00016408,0,990,1
ACC01193,90394.62,119837.72,18,17,18,17,5021.92,7049.28,21174.82,46259.25,1.0,17,18,0.007001,0.00019367,1,664,0
ACC01194,83107.32,49848.35,16,16,16,16,5194.21,3115.52,17235.38,18184.06,1.0667,16,16,0.006401,0.00010552,1,990,0
ACC01195,86940.67,69509.71,18,12,18,12,4830.04,5792.48,25776.43,22465.02,1.0345,12,18,0.006001,0.00015943,0,500,0
ACC01196,88848.21,770610.05,17,25,17,20,5226.37,30824.4,20135.76,97906.0,1.1351,20,17,0.007401,0.00040823,1,664,1
ACC01197,490972.81,101150.72,22,13,21,13,22316.95,7780.82,76447.0,31183.66,1.4,13,21,0.006801,0.00013925,1,920,1
ACC01198,32768.93,79756.5,14,11,14,11,2340.64,7250.59,4619.42,34405.0,1.0417,11,14,0.005001,0.00010924,0,498,1
ACC01199,85277.54,118534.82,18,17,18,17,4737.64,6972.64,17745.5,48496.0,1.0294,17,18,0.007001,0.00013858,0,255,1
ACC01200,72976.46,77188.88,19,12,19,12,3840.87,6432.41,9595.13,26655.1,1.069,12,19,0.006201,0.00014444,1,675,0
ACC01201,82517.25,470465.76,21,9,21,9,3929.39,52273.97,19060.77,443303.25,1.0,9,21,0.006001,0.00053326,1,990,1
ACC01202,118882.82,67207.67,18,17,18,16,6604.6,3953.39,22767.01,23392.24,1.0938,16,18,0.006801,0.00013372,0,498,0
ACC01203,50520.59,99843.82,13,21,13,21,3886.2,4754.47,17701.41,24779.58,1.0625,21,13,0.006801,0.00021741,1,664,0
ACC01204,124900.5,133066.89,15,18,15,18,8326.7,7392.6,44287.77,20135.76,1.0645,18,15,0.006601,0.00026477,1,990,0
ACC01205,69992.9,46172.6,13,13,13,13,5384.07,3551.74,15923.04,11646.48,1.0833,13,13,0.005201,0.0001309,0,498,0
ACC01206,40670.29,35695.87,14,11,14,11,2905.02,3245.08,7543.1,8125.88,1.0417,11,14,0.005001,0.00011536,1,675,0
ACC01207,194758.57,104232.62,19,24,19,24,10250.45,4343.03,86574.0,20548.0,1.1316,24,19,0.008602,0.00017532,1,675,1
ACC01208,549734.03,51696.29,25,16,25,16,21989.36,3231.02,72696.0,7108.09,1.2812,16,25,0.008202,0.00011689,1,920,1
ACC01209,65870.49,510728.15,11,17,11,17,5988.23,30042.83,20174.57,415649.7,1.037,17,11,0.005601,0.00073595,0,498,1
ACC01210,717670.27,832067.37,8,28,8,28,89708.78,29716.69,698681.3,86813.0,1.7143,28,8,0.007201,0.00100947,1,920,1
ACC01211,166102.11,42174.53,25,13,25,13,6644.08,3244.19,36716.0,6445.44,1.0,13,25,0.007602,0.00011369,1,920,1
ACC01212,168926.4,98995.34,20,12,19,12,8446.32,8249.61,46515.0,44654.4,1.0667,12,19,0.006201,0.0001872,1,498,1
ACC01213,63502.6,88148.59,14,16,14,16,4535.9,5509.29,16372.29,25646.0,1.0,16,14,0.006001,0.00018297,1,664,1
ACC01214,135090.17,1024979.3,17,21,17,12,7946.48,48808.54,62754.0,98602.0,1.4074,12,17,0.005801,0.00024506,1,990,1
ACC01215,87815.08,73192.14,19,15,19,15,4621.85,4879.48,13651.37,19031.86,1.0303,15,19,0.006801,0.00021181,0,498,0
ACC01216,155238.98,60313.04,18,14,18,14,8624.39,4308.07,87357.86,16235.16,1.0667,14,18,0.006401,0.00019583,1,664,0
ACC01217,118591.94,52389.41,21,16,21,16,5647.24,3274.34,16327.82,10985.6,1.0278,16,21,0.007401,0.00022416,1,990,0
ACC01218,526033.92,538336.47,20,21,20,21,26301.7,25635.07,443303.25,75552.0,1.2812,21,20,0.008202,0.00063877,1,664,1
ACC01219,61139.83,108049.34,14,20,14,20,4367.13,5402.47,8890.8,15342.16,1.0625,20,14,0.006801,0.00023447,0,255,0
ACC01220,152196.53,109400.23,17,7,17,7,8952.74,15628.6,88211.0,84682.56,1.0435,7,17,0.004801,0.00029135,1,990,1
ACC01221,103493.09,111954.24,23,19,23,19,4499.7,5892.33,17702.95,46314.19,1.05,19,23,0.008402,0.00022432,1,498,0
ACC01222,47686.22,178597.31,9,13,9,13,5298.47,13738.25,14594.27,56990.54,1.0,13,9,0.004401,0.00035487,1,990,0
ACC01223,90017.48,78377.51,15,21,15,21,6001.17,3732.26,21489.85,15656.76,1.0909,21,15,0.007201,0.00019057,1,500,0
ACC01224,133809.33,67388.44,14,17,14,17,9557.81,3964.03,64813.0,12090.5,1.0333,17,14,0.006201,0.00021343,1,990,1
ACC01225,143423.57,159668.48,15,20,15,20,9561.57,7983.42,81955.0,78676.8,1.0606,20,15,0.007001,0.00032815,1,500,1
ACC01226,71957.29,102733.02,9,11,9,11,7995.25,9339.37,18044.5,60837.78,1.0526,11,9,0.004001,0.00013301,0,675,0
ACC01227,66831.53,51852.46,14,8,14,8,4773.68,6481.56,28400.5,17232.85,1.0,8,14,0.004401,0.00011524,0,500,0
ACC01228,82109.14,63810.96,16,13,16,13,5131.82,4908.54,15532.14,33197.0,1.0,13,16,0.005801,9.429e-05,0,920,1
ACC01229,84231.65,67656.58,14,14,14,14,6016.55,4832.61,27538.14,9184.96,1.037,14,14,0.005601,0.00021596,1,990,0
ACC01230,86512.65,164898.35,21,14,21,14,4119.65,11778.45,17178.42,62786.0,1.0294,14,21,0.007001,0.00024394,1,990,1
ACC01231,54301.59,67603.63,11,14,11,14,4936.51,4828.83,31738.57,15577.94,1.0417,14,11,0.005001,0.00017659,0,920,0
ACC01232,73282.16,104795.52,18,14,18,14,4071.23,7485.39,13775.06,40421.0,1.0,14,18,0.006401,0.00023263,0,498,1
ACC01233,101210.56,138313.09,10,18,10,18,10121.06,7684.06,62173.39,28132.54,1.037,18,10,0.005601,0.00028246,1,920,0
ACC01234,181296.62,150931.29,15,18,15,17,12086.44,8385.07,87796.24,89588.0,1.0645,17,15,0.006401,0.00028665,1,498,1
ACC01235,68194.43,126528.37,20,15,20,15,3409.72,8435.22,7257.2,26740.88,1.0606,15,20,0.007001,0.000279,1,255,0
ACC01236,140529.76,91420.0,21,13,21,13,6691.89,7032.31,43102.11,32542.25,1.0968,13,21,0.006801,0.00016697,1,675,0
ACC01237,38808.62,69978.98,7,19,7,19,5544.09,3683.1,15965.41,15115.77,1.04,19,7,0.005201,0.00019912,0,920,0
ACC01238,82299.36,78517.72,14,13,14,13,5878.53,6039.82,30009.0,34929.57,1.0385,13,14,0.005401,0.00013618,1,990,1
ACC01239,50002.5,65051.48,12,16,12,16,4166.88,4065.72,17944.86,20415.26,1.0,16,12,0.005601,0.00011283,0,498,0
ACC01240,99702.65,42633.13,17,12,17,12,5864.86,3552.76,24596.09,6431.68,1.0,12,17,0.005801,0.00017483,1,664,0
ACC01241,90841.75,137930.58,21,24,21,24,4325.8,5747.11,19091.56,35603.68,1.0227,24,21,0.009002,0.00029594,1,498,0
ACC01242,41205.5,96465.4,10,17,10,17,4120.55,5674.44,8225.13,47273.0,1.0385,17,10,0.005401,0.00014858,0,664,1
ACC01243,57118.15,47828.55,17,8,17,8,3359.89,5978.57,19461.06,10330.74,1.0417,8,17,0.005001,0.00010816,1,255,0
ACC01244,1267472.68,751144.61,30,22,19,16,42249.09,34142.94,97718.0,98955.0,1.5758,16,19,0.007001,0.00038388,0,255,1
ACC01245,75310.33,157537.5,19,12,19,12,3963.7,13128.13,10783.36,68713.0,1.069,12,19,0.006201,0.00029152,1,920,1
ACC01246,167501.27,754423.64,23,20,23,14,7282.66,37721.18,56848.0,97667.0,1.2647,14,23,0.007401,0.00029589,1,498,1
ACC01247,844709.23,100283.38,31,21,24,21,27248.68,4775.4,97439.0,17719.35,1.2093,21,24,0.009002,0.00019233,1,675,1
ACC01248,51497.24,73710.79,14,14,14,14,3678.37,5265.06,7741.66,12366.52,1.2174,14,14,0.005601,0.00014355,0,675,0
ACC01249,991631.35,67490.41,25,13,16,13,39665.25,5191.57,98557.0,15509.24,1.4074,13,16,0.005801,0.00017264,1,255,1
ACC01250,121744.55,43842.73,12,11,12,11,10145.38,3985.7,53517.96,16874.25,1.0,11,12,0.004601,8.275e-05,1,920,1
ACC01251,456450.32,43400.17,27,16,27,16,16905.57,2712.51,53114.0,6762.71,1.3871,16,27,0.008602,0.00010769,0,990,1
ACC01252,158297.28,50727.59,29,9,29,9,5458.53,5636.4,44854.0,13686.88,1.0,9,29,0.007602,0.00016572,1,500,1
ACC01253,26188.0,85079.33,12,14,12,14,2182.33,6077.1,5433.5,18130.56,1.0,14,12,0.005201,0.00019444,0,664,0
ACC01254,54271.07,61204.76,9,11,9,11,6030.12,5564.07,25538.45,13299.57,1.0526,11,9,0.004001,0.00017633,0,664,0
ACC01255,127229.1,113961.79,22,14,22,14,5783.14,8140.13,47823.02,48799.0,1.0588,14,22,0.007201,0.00020453,1,664,1
ACC01256,116603.55,33265.64,18,13,18,13,6477.98,2558.9,27953.92,7348.39,1.0,13,18,0.006201,9.652e-05,1,498,0
ACC01257,100693.88,531281.71,15,22,15,22,6712.93,24149.17,52790.3,419171.35,1.0278,22,15,0.007401,0.00067545,1,498,1
ACC01258,102936.78,134585.32,16,22,16,22,6433.55,6117.51,25892.15,59798.4,1.0,22,16,0.007602,0.00024216,1,990,0
ACC01259,49880.38,51085.58,17,11,17,11,2934.14,4644.14,8613.8,7783.26,1.0,11,17,0.005601,0.00013636,0,990,0
ACC01260,45326.43,46671.32,12,16,12,16,3777.2,2916.96,14772.32,7907.28,1.037,16,12,0.005601,0.0001372,1,498,0
ACC01261,55670.99,93657.22,15,21,15,21,3711.4,4459.87,9197.84,19671.17,1.0909,21,15,0.007201,0.00018234,1,498,0
ACC01262,78530.56,335601.57,15,20,15,20,5235.37,16780.08,21607.74,85615.0,1.0606,20,15,0.007001,0.00039537,1,500,1
ACC01263,49613.31,49567.84,10,15,10,15,4961.33,3304.52,13226.97,7195.65,1.087,15,10,0.005001,0.00011054,1,920,0
ACC01264,123239.43,55152.83,12,16,12,16,10269.95,3447.05,42192.96,13710.92,1.0,16,12,0.005601,0.00018228,1,500,0
ACC01265,58592.67,42272.63,13,11,13,11,4507.13,3842.97,9052.11,9738.13,1.0909,11,13,0.004801,0.0001108,1,990,0
ACC01266,906767.24,120978.51,24,20,16,20,37781.97,6048.93,98467.0,35175.81,1.2571,20,16,0.007201,0.00022683,0,500,1
ACC01267,135993.27,45164.84,19,12,19,12,7157.54,3763.74,31059.32,6477.1,1.0333,12,19,0.006201,0.00011044,1,664,0
ACC01268,73355.57,50724.15,11,18,11,18,6668.69,2818.01,34192.19,8869.04,1.0,18,11,0.005801,0.00011097,0,498,0
ACC01269,35754.77,182453.29,9,20,9,20,3972.75,9122.66,12622.29,37286.0,1.0741,20,9,0.005801,0.00026266,0,675,1
ACC01270,91189.52,82404.43,20,12,20,12,4559.48,6867.04,15861.65,25063.69,1.0,12,20,0.006401,0.00016676,1,990,1
ACC01271,66731.95,34743.5,20,10,20,10,3336.6,3474.35,10365.75,7664.49,1.0345,10,20,0.006001,0.0001079,1,990,0
ACC01272,181377.18,152112.85,25,15,25,15,7255.09,10140.86,70227.84,71690.92,1.0526,15,25,0.008002,0.00024223,1,498,1
ACC01273,52880.58,126129.7,16,19,16,19,3305.04,6638.41,9971.23,42276.21,1.0606,19,16,0.007001,0.00019703,0,664,0
ACC01274,60418.89,84821.52,15,18,15,18,4027.93,4712.31,27911.09,22068.85,1.0645,18,15,0.006601,0.00014904,1,990,0
ACC01275,273089.07,38082.18,22,12,22,12,12413.14,3173.51,77587.0,7355.24,1.0303,12,22,0.006801,0.00011623,1,498,1
ACC01276,114945.68,108303.92,21,11,21,11,5473.6,9845.81,44621.0,30525.54,1.0667,11,21,0.006401,0.00016565,0,920,1
ACC01277,80074.31,118730.95,8,20,8,20,10009.29,5936.55,49726.18,50741.0,1.037,20,8,0.005601,0.00026547,1,990,1
ACC01278,146443.07,899217.89,14,23,14,16,10460.22,39096.43,87799.0,98040.0,1.3704,16,14,0.006001,0.00041617,1,990,1
ACC01279,77339.53,113597.42,17,19,17,19,4549.38,5978.81,13906.45,17004.19,1.0588,19,17,0.007201,0.00021985,1,664,0
ACC01280,48900.22,57353.26,12,15,12,15,4075.02,3823.55,12562.09,11035.11,1.0,15,12,0.005401,0.00016324,1,920,0
ACC01281,68548.63,66631.36,14,17,14,17,4896.33,3919.49,19833.91,12218.33,1.0333,17,14,0.006201,0.00017813,1,920,0
ACC01282,95377.13,67942.03,17,16,17,16,5610.42,4246.38,23540.77,18441.05,1.1,16,17,0.006601,0.00015621,1,664,0
ACC01283,65332.12,62359.45,17,12,17,12,3843.07,5196.62,9826.06,15646.39,1.0741,12,17,0.005801,0.00012487,0,990,0
ACC01284,72284.76,67127.61,15,16,15,16,4818.98,4195.48,32479.75,14034.01,1.0,16,15,0.006201,0.00011615,1,675,0
ACC01285,75422.18,64523.51,17,14,17,14,4436.6,4608.82,23101.48,19287.86,1.069,14,17,0.006201,0.00018547,1,990,0
ACC01286,136047.62,80454.81,22,20,22,20,6183.98,4022.74,22091.48,16279.85,1.05,20,22,0.008402,0.00018884,0,920,0
ACC01287,87743.28,22041.36,20,8,20,8,4387.16,2755.17,14466.23,4529.64,1.037,8,20,0.005601,7.586e-05,0,498,0
ACC01288,58089.42,70207.67,14,19,14,19,4149.24,3695.14,13768.57,15443.87,1.0645,19,14,0.006601,0.0001912,1,920,0
ACC01289,168029.94,113811.2,15,18,15,18,11202.0,6322.84,38810.2,34889.0,1.0645,18,15,0.006601,0.00017026,1,920,1
ACC01290,51843.54,122957.34,14,24,14,24,3703.11,5123.22,9674.11,32285.3,1.0,24,14,0.007602,0.00051539,1,675,0
ACC01291,55014.18,28822.87,15,9,15,9,3667.61,3202.54,16492.46,6926.31,1.0,9,15,0.004801,9.059e-05,0,675,0
ACC01292,62947.24,66267.32,17,16,17,16,3702.78,4141.71,11036.79,10058.42,1.1,16,17,0.006601,0.00012479,1,990,0
ACC01293,75569.76,71629.23,13,14,13,14,5813.06,5116.37,26743.17,23093.56,1.0,14,13,0.005401,0.00013776,0,664,0
ACC01294,50389.28,722000.54,12,21,12,15,4199.11,34380.98,17184.75,98482.0,1.2692,15,12,0.005401,0.00034288,0,500,1
ACC01295,97501.25,63772.47,14,16,14,16,6964.38,3985.78,55169.94,9722.22,1.0345,16,14,0.006001,0.00012689,0,498,0
ACC01296,24248.95,115571.96,11,14,11,14,2204.45,8255.14,7010.67,60568.0,1.0417,14,11,0.005001,0.00015399,0,664,1
ACC01297,45899.31,108069.81,15,14,15,14,3059.95,7719.27,7184.2,29020.86,1.0,14,15,0.005801,0.00015979,0,675,0
ACC01298,71396.45,78806.34,16,17,16,17,4462.28,4635.67,13851.61,13843.59,1.0645,17,16,0.006601,0.00019046,1,498,0
ACC01299,74103.9,38957.62,14,11,14,10,5293.14,3541.6,14655.33,8900.78,1.0417,10,14,0.004801,9.23e-05,0,675,0
ACC01300,153235.77,58604.91,17,13,17,13,9013.87,4508.07,68900.79,17745.61,1.0345,13,17,0.006001,0.00012234,0,675,0
ACC01301,66237.37,59524.03,14,11,14,11,4731.24,5411.28,15579.67,19308.14,1.0,11,14,0.005001,0.00014929,1,920,0
ACC01302,57843.09,58566.02,12,15,12,15,4820.26,3904.4,16435.11,9669.59,1.0,15,12,0.005401,0.00015407,0,675,0
ACC01303,75321.61,55395.03,11,13,11,13,6847.42,4261.16,49065.0,10029.03,1.0435,13,11,0.004801,0.0001412,1,664,1
ACC01304,67603.05,45999.54,18,13,18,13,3755.73,3538.43,14016.54,12298.32,1.0,13,18,0.006201,9.473e-05,1,675,0
ACC01305,85983.4,286321.15,20,15,20,15,4299.17,19088.08,12259.17,94215.0,1.0606,15,20,0.007001,0.00036899,0,498,1
ACC01306,30115.68,78958.45,8,16,8,16,3764.46,4934.9,8149.66,19686.49,1.0,16,8,0.004801,0.00016747,1,498,0
ACC01307,61915.2,92769.81,15,14,15,14,4127.68,6626.41,11554.89,47058.0,1.0357,14,15,0.005801,0.0001865,0,255,1
ACC01308,101850.62,52682.0,16,8,16,8,6365.66,6585.25,31071.73,12387.63,1.0435,8,16,0.004801,0.00014146,1,664,0
ACC01309,126749.4,44720.24,17,10,17,10,7455.85,4472.02,53558.41,11554.89,1.0385,10,17,0.005401,0.00012384,0,255,0
ACC01310,124276.8,101574.0,22,13,22,13,5648.95,7813.38,20933.33,28408.0,1.0606,13,22,0.007001,0.00016677,1,990,1
ACC01311,103508.9,87688.98,17,22,17,22,6088.76,3985.86,33728.07,17139.73,1.0833,22,17,0.007802,0.00016787,1,990,0
ACC01312,93694.19,135166.35,19,15,19,15,4931.27,9011.09,19765.21,54946.17,1.0303,15,19,0.006801,0.00026697,0,675,0
ACC01313,64341.55,93175.61,14,12,14,12,4595.83,7764.63,14635.22,27267.12,1.04,12,14,0.005201,0.00021072,1,990,0
ACC01314,257619.53,101312.66,19,13,19,13,13558.92,7793.28,94215.0,39436.0,1.0667,13,19,0.006401,0.00016692,1,498,1
ACC01315,33021.52,77986.36,7,17,7,17,4717.36,4587.43,9431.9,14780.65,1.0,17,7,0.004801,0.00015345,0,498,0
ACC01316,104759.38,100374.41,10,12,10,12,10475.94,8364.53,63231.36,64548.68,1.0476,12,10,0.004401,0.00023237,1,498,1
ACC01317,55596.41,90569.3,12,20,12,20,4633.03,4528.46,16604.76,16090.86,1.0323,20,12,0.006401,0.00021736,1,498,0
ACC01318,49967.03,53797.43,15,12,15,12,3331.14,4483.12,7207.82,12436.16,1.0385,12,15,0.005401,0.00014039,0,498,0
ACC01319,59869.3,78384.53,20,15,20,15,2993.47,5225.64,7694.5,21335.92,1.0294,15,20,0.007001,0.0001622,0,498,0
ACC01320,562769.06,982029.1,14,32,13,32,40197.79,30688.41,501427.1,391772.4,1.3529,32,13,0.009002,0.00130216,1,990,1
ACC01321,57714.62,47146.7,13,13,13,13,4439.59,3626.67,10557.4,12532.61,1.0,13,13,0.005201,0.00010682,1,675,0
ACC01322,85774.46,68023.32,19,15,19,15,4514.45,4534.89,16305.64,16054.16,1.0625,15,19,0.006801,0.00012372,0,990,0
ACC01323,186919.43,104871.06,18,18,18,18,10384.41,5826.17,77939.0,18099.18,1.0286,18,18,0.007201,0.00020369,1,920,1
ACC01324,98453.36,59408.05,17,10,17,10,5791.37,5940.81,16242.24,32538.55,1.0385,10,17,0.005401,0.00012543,0,255,0
ACC01325,85058.1,73068.35,19,14,18,14,4476.74,5219.17,20522.35,23308.79,1.0,14,18,0.006401,0.00018652,1,255,0
ACC01326,227567.8,140171.28,18,18,18,18,12642.66,7787.29,87947.0,37591.47,1.0588,18,18,0.007201,0.00029174,1,990,1
ACC01327,109947.06,74016.2,18,20,18,20,6108.17,3700.81,33245.57,11491.24,1.0,20,18,0.007602,0.00019257,0,498,0
ACC01328,59856.39,49429.22,14,11,14,11,4275.46,4493.57,12741.78,18336.79,1.087,11,14,0.005001,0.00012279,1,920,0
ACC01329,72065.38,58543.92,14,15,14,15,5147.53,3902.93,17247.92,6383.77,1.0,15,14,0.005801,0.00014114,0,500,0
ACC01330,121849.88,64209.4,13,14,13,14,9373.07,4586.39,69555.0,12899.1,1.0,14,13,0.005401,0.00018513,1,498,1
ACC01331,660404.59,636622.8,21,30,21,30,31447.84,21220.76,535969.1,79699.0,1.4167,30,21,0.010202,0.00091428,1,920,1
ACC01332,106012.49,100009.83,10,14,10,14,10601.25,7143.56,59547.9,37309.77,1.0435,14,10,0.004801,0.00021305,0,990,0
ACC01333,109396.65,22989.13,14,5,14,5,7814.05,4597.83,44204.74,7982.54,1.0,5,14,0.003801,4.952e-05,0,675,0
ACC01334,928587.73,43898.43,26,14,17,14,35714.91,3135.6,98306.0,11569.33,1.3793,14,17,0.006201,9.641e-05,0,500,1
ACC01335,79032.66,121839.82,13,22,13,22,6079.44,5538.17,16636.89,26745.0,1.0294,22,13,0.007001,0.00025042,0,990,0
ACC01336,39565.06,42197.24,13,15,13,15,3043.47,2813.15,7223.13,6856.45,1.0,15,13,0.005601,0.00011109,0,664,0
ACC01337,51983.93,43246.58,16,10,16,10,3249.0,4324.66,10642.07,9190.67,1.04,10,16,0.005201,0.00016553,0,255,0
ACC01338,145285.21,97158.17,20,13,20,13,7264.26,7473.71,55711.04,56848.0,1.0312,13,20,0.006601,0.00019449,1,255,1
ACC01339,59487.52,42323.47,12,13,12,13,4957.29,3255.65,21222.37,10837.4,1.0417,13,12,0.005001,0.0001131,0,664,0
ACC01340,30817.52,110776.23,12,19,12,19,2568.13,5830.33,8380.42,30426.5,1.0333,19,12,0.006201,0.00019582,1,920,0
ACC01341,101179.49,96779.06,9,21,9,21,11242.17,4608.53,42874.98,18480.07,1.0345,21,9,0.006001,0.00019661,1,498,0
ACC01342,57150.49,140192.95,11,14,11,14,5195.5,10013.78,18606.85,44734.74,1.0417,14,11,0.005001,0.00024012,0,675,0
ACC01343,111830.19,161442.66,13,17,13,17,8602.32,9496.63,83686.0,59283.0,1.0,17,13,0.006001,0.00026147,1,500,1
ACC01344,55049.68,83499.11,13,21,13,21,4234.59,3976.15,9354.06,18896.03,1.1333,21,13,0.006801,0.00016206,1,920,0
ACC01345,116278.04,65528.65,14,17,14,17,8305.57,3854.63,69993.0,12889.94,1.0,17,14,0.006201,0.00016404,0,498,1
ACC01346,131528.71,191072.74,16,23,16,23,8220.54,8307.51,31018.0,79913.0,1.0263,23,16,0.007802,0.0002817,0,498,1
ACC01347,59351.01,99868.28,16,17,16,17,3709.44,5874.6,11803.99,42649.02,1.0645,17,16,0.006601,0.00024937,0,920,0
ACC01348,50359.73,142058.83,11,19,11,19,4578.16,7476.78,14087.2,61426.0,1.0,19,11,0.006001,0.00028876,1,664,1
ACC01349,45262.49,40331.65,14,16,14,16,3233.03,2520.73,6646.84,7553.05,1.0714,16,14,0.006001,0.0001178,0,664,0
ACC01350,68743.86,75984.35,19,13,19,13,3618.1,5844.95,14689.97,14802.59,1.0323,13,19,0.006401,0.00019288,0,498,0
ACC01351,160386.57,313514.82,15,16,15,16,10692.44,19594.68,60516.0,91538.0,1.1071,16,15,0.006201,0.0004166,1,675,1
ACC01352,110971.1,56075.59,16,15,16,15,6935.69,3738.37,58925.22,9436.87,1.1071,15,16,0.006201,0.00019037,0,675,0
ACC01353,42057.29,97841.44,16,19,16,19,2628.58,5149.55,12920.9,31228.17,1.0938,19,16,0.007001,0.00024085,0,675,0
ACC01354,38114.1,86526.06,12,15,12,15,3176.17,5768.4,8056.26,18674.03,1.0385,15,12,0.005401,0.00018107,0,920,0
ACC01355,31812.13,81797.01,8,19,8,19,3976.52,4305.11,9096.68,10631.28,1.0,19,8,0.005401,0.00019451,0,990,0
ACC01356,29604.16,54540.65,7,14,7,14,4229.17,3895.76,15122.47,10988.19,1.0,14,7,0.004201,0.00012846,1,990,0
ACC01357,79657.24,150747.51,21,18,21,18,3793.2,8374.86,17130.5,68371.0,1.1143,18,21,0.007802,0.00023253,1,990,1
ACC01358,78137.85,127696.52,17,19,17,19,4596.34,6720.87,21492.46,20993.88,1.0286,19,17,0.007201,0.00019491,1,920,0
ACC01359,41926.4,106620.75,10,24,10,24,4192.64,4442.53,9784.91,18264.88,1.0,24,10,0.006801,0.00022352,0,920,0
ACC01360,1178221.26,157416.15,22,21,11,21,53555.51,7496.01,97763.0,36891.0,1.3438,21,11,0.006401,0.00026415,1,498,1
ACC01361,89466.49,41075.09,16,13,16,13,5591.66,3159.62,20947.0,6571.96,1.0,13,16,0.005801,0.00010581,1,498,1
ACC01362,919874.08,99015.33,20,22,12,22,45993.7,4500.7,98594.0,15164.63,1.3548,22,12,0.006801,0.00021708,1,920,1
ACC01363,96337.25,70215.54,22,20,22,20,4378.97,3510.78,18126.9,9886.34,1.1351,20,22,0.008402,0.00019916,1,664,0
ACC01364,113801.08,134533.97,22,16,22,16,5172.78,8408.37,17429.43,68810.66,1.0556,16,22,0.007602,0.00018744,1,255,0
ACC01365,60174.84,52912.34,17,11,17,11,3539.7,4810.21,10750.08,9874.19,1.0769,11,17,0.005601,0.00017441,1,990,0
ACC01366,75210.35,165683.95,15,21,15,21,5014.02,7889.71,11682.32,54494.0,1.0286,21,15,0.007201,0.00023303,1,500,1
ACC01367,35154.1,95855.23,11,15,11,15,3195.83,6390.35,7440.39,21637.89,1.04,15,11,0.005201,0.0002032,1,920,0
ACC01368,108741.4,777617.52,21,12,21,12,5178.16,64801.46,18739.63,702059.5,1.0312,12,21,0.006601,0.00087232,1,664,1
ACC01369,121680.2,96253.53,18,12,18,12,6760.01,8021.13,24367.05,19127.0,1.0,12,18,0.006001,0.00020523,0,664,0
ACC01370,56689.59,51032.3,18,15,18,15,3149.42,3402.15,12956.39,11787.54,1.0312,15,18,0.006601,0.00010409,1,500,0
ACC01371,125630.29,74979.62,15,18,15,18,8375.35,4165.53,62294.0,10335.88,1.0312,18,15,0.006601,0.00015507,1,498,1
ACC01372,130356.1,148305.28,16,23,16,23,8147.26,6448.06,55679.59,35392.83,1.0541,23,16,0.007802,0.00030264,1,500,0
ACC01373,161791.45,26881.43,17,7,17,7,9517.14,3840.2,72461.0,12976.48,1.0,7,17,0.004801,9.296e-05,0,990,1
ACC01374,125755.28,46547.37,21,11,21,11,5988.35,4231.58,35374.95,11274.6,1.1034,11,21,0.006401,0.00012535,1,675,0
ACC01375,76228.88,56718.53,14,16,14,16,5444.92,3544.91,12388.15,6498.65,1.0345,16,14,0.006001,0.00017394,1,920,0
ACC01376,43498.1,60572.77,14,15,14,15,3107.01,4038.18,13141.26,20012.98,1.1154,15,14,0.005801,0.00012065,1,920,0
ACC01377,68305.05,78826.29,19,12,19,12,3595.0,6568.86,11017.14,24614.79,1.0333,12,19,0.006201,0.00017211,1,498,0
ACC01378,82260.39,86920.78,16,16,16,16,5141.27,5432.55,16864.88,22552.61,1.0,16,16,0.006401,0.0001447,0,990,0
ACC01379,149181.14,51406.03,16,15,16,15,9323.82,3427.07,51569.0,16638.44,1.1071,15,16,0.006201,0.00011686,0,920,1
ACC01380,48283.36,46768.39,14,9,14,9,3448.81,5196.49,12376.35,23049.89,1.0,9,14,0.004601,7.839e-05,0,990,0
ACC01381,157626.03,134124.43,17,10,17,10,9272.12,13412.44,89561.0,85978.56,1.125,10,17,0.005401,0.00022598,1,498,1
ACC01382,36593.91,93440.36,13,24,13,24,2814.92,3893.35,6596.3,9527.22,1.0,24,13,0.007401,0.00022972,0,664,0
ACC01383,78842.17,64104.09,16,19,15,19,4927.64,3373.9,15582.74,8749.32,1.0294,19,15,0.006801,0.00015027,1,498,0
ACC01384,112794.35,43165.58,18,14,18,14,6266.35,3083.26,20761.89,11885.3,1.0323,14,18,0.006401,9.828e-05,1,498,0
ACC01385,69532.04,37294.06,20,14,20,14,3476.6,2663.86,19654.1,12282.25,1.0625,14,20,0.006801,8.815e-05,0,498,0
ACC01386,66203.28,60804.24,17,13,17,13,3894.31,4677.25,20196.36,18295.34,1.0714,13,17,0.006001,0.00016228,1,920,0
ACC01387,41353.18,77767.68,12,17,12,17,3446.1,4574.57,8940.82,25573.12,1.0,17,12,0.005801,0.00015099,1,498,0
ACC01388,64739.62,88253.2,19,20,19,20,3407.35,4412.66,8302.78,8485.42,1.0541,20,19,0.007802,0.00021,0,920,0
ACC01389,81625.07,150081.71,15,15,15,15,5441.67,10005.45,21653.14,68345.17,1.0345,15,15,0.006001,0.00016184,1,664,0
ACC01390,34287.5,50421.64,8,13,8,13,4285.94,3878.59,9760.95,8993.55,1.0,13,8,0.004201,0.00011073,1,664,0
ACC01391,150464.29,88158.7,15,17,15,17,10030.95,5185.81,80390.0,25819.53,1.1034,17,15,0.006401,0.0001897,0,500,1
ACC01392,145734.69,143790.08,11,15,11,14,13248.61,9586.01,74847.0,71853.12,1.1304,14,11,0.005001,0.00043715,1,920,1
ACC01393,192082.14,42691.54,22,13,22,13,8731.01,3283.96,85615.0,10743.9,1.0938,13,22,0.007001,0.00015227,1,990,1
ACC01394,102631.88,89435.38,15,15,15,15,6842.13,5962.36,34865.29,28000.15,1.0714,15,15,0.006001,0.00020032,1,498,0
ACC01395,74031.83,54383.08,12,12,12,12,6169.32,4531.92,15382.44,25386.75,1.0,12,12,0.004801,0.00012789,1,500,0
ACC01396,194813.78,49837.5,20,10,20,10,9740.69,4983.75,89152.0,14065.82,1.0345,10,20,0.006001,0.00010072,1,675,1
ACC01397,119565.44,64904.0,11,13,11,13,10869.59,4992.62,61697.0,19868.46,1.0,13,11,0.004801,0.00016585,1,990,1
ACC01398,106546.25,124371.58,17,20,17,20,6267.43,6218.58,27912.62,66863.0,1.0571,20,17,0.007401,0.00021224,1,498,1
ACC01399,175489.37,738338.7,24,29,24,23,7312.06,25459.96,74820.0,98076.0,1.2619,23,24,0.009402,0.00028401,1,675,1
ACC01400,53578.2,107711.62,9,18,9,18,5953.13,5983.98,18307.46,33962.37,1.08,18,9,0.005401,0.00021109,0,990,0
ACC01401,87750.53,51454.81,15,13,15,13,5850.04,3958.06,21674.85,12594.83,1.0,13,15,0.005601,0.00011622,0,990,0
ACC01402,164899.68,94456.71,19,12,19,12,8678.93,7871.39,65542.0,37261.77,1.1071,12,19,0.006201,0.00019944,0,920,1
ACC01403,62265.01,63053.61,15,13,15,13,4151.0,4850.28,13648.54,10954.99,1.0,13,15,0.005601,0.00016822,0,990,0
ACC01404,105844.32,102391.02,18,18,18,18,5880.24,5688.39,33095.58,33771.0,1.0909,18,18,0.007201,0.00020811,1,664,1
ACC01405,130266.98,58384.27,15,13,15,13,8684.47,4491.1,54815.52,14096.61,1.12,13,15,0.005601,0.00014991,0,500,0
ACC01406,134064.77,47486.64,17,15,17,15,7886.16,3165.78,32977.0,13035.79,1.1034,15,17,0.006401,0.00010902,1,920,1
ACC01407,84720.2,54797.29,14,13,14,13,6051.44,4215.18,18012.03,9355.05,1.0,13,14,0.005401,0.00014917,1,498,0
ACC01408,50161.64,103145.02,14,15,14,15,3582.97,6876.33,13493.64,30854.0,1.0,15,14,0.005801,0.00018146,0,675,1
ACC01409,79770.83,57819.97,18,17,18,17,4431.71,3401.17,16176.51,11817.85,1.0294,17,18,0.007001,0.00011647,1,920,0
ACC01410,141543.15,170752.75,13,19,13,19,10887.93,8986.99,63967.54,65273.0,1.1034,19,13,0.006401,0.00026783,1,498,1
ACC01411,88064.88,89601.96,18,17,18,17,4892.49,5270.7,15050.89,14637.15,1.0294,17,18,0.007001,0.00017859,1,664,0
ACC01412,54975.94,99034.69,11,17,11,17,4997.81,5825.57,14823.44,21263.03,1.037,17,11,0.005601,0.0002139,0,500,0
ACC01413,30343.32,1189053.15,11,27,11,16,2758.48,44039.01,4943.43,98838.0,1.52,16,11,0.005401,0.00025215,1,664,1
ACC01414,75651.33,105762.85,12,28,12,28,6304.28,3777.24,44743.13,15441.0,1.0811,28,12,0.008002,0.00023302,1,990,0
ACC01415,62407.29,44241.32,16,17,16,17,3900.46,2602.43,21853.02,7659.96,1.0312,17,16,0.006601,0.0001301,1,990,0
ACC01416,129694.77,51099.92,13,16,13,16,9976.52,3193.74,91941.75,15236.74,1.0357,16,13,0.005801,0.00012366,0,664,0
ACC01417,77583.29,61601.56,23,20,23,20,3373.19,3080.08,8568.72,9094.29,1.0488,20,23,0.008602,0.00018833,1,990,0
ACC01418,115585.66,75927.2,22,16,22,16,5253.89,4745.45,26139.24,12618.76,1.027,16,22,0.007602,0.00014846,1,664,0
ACC01419,163221.71,79517.51,20,17,20,17,8161.09,4677.5,36528.5,19649.13,1.0,17,20,0.007401,0.00017448,1,498,0
ACC01420,85115.61,795192.27,18,23,18,16,4728.65,34573.58,18874.47,97555.0,1.2059,16,18,0.006801,0.00021495,1,664,1
ACC01421,40787.53,67477.4,13,15,13,15,3137.5,4498.49,6276.34,16843.04,1.0,15,13,0.005601,0.00012992,0,990,0
ACC01422,145260.22,51092.01,19,15,19,15,7645.27,3406.13,85781.0,9007.45,1.0,15,19,0.006801,0.00010356,0,675,1
ACC01423,177563.72,75751.27,23,16,23,16,7720.16,4734.45,78755.0,14508.0,1.0541,16,23,0.007802,0.00022358,1,990,1
ACC01424,76023.89,108239.32,14,13,14,13,5430.28,8326.1,14223.75,62210.66,1.0385,13,14,0.005401,0.00016834,0,498,0
ACC01425,51468.95,72245.41,13,18,13,18,3959.15,4013.63,13069.18,16585.08,1.0333,18,13,0.006201,0.00018972,1,500,0
ACC01426,66293.9,90943.02,17,15,17,15,3899.64,6062.87,16890.54,34238.41,1.1429,15,17,0.006401,0.00017733,1,498,0
ACC01427,100492.48,52555.97,18,10,18,10,5582.92,5255.6,23662.24,14242.9,1.037,10,18,0.005601,0.00015175,1,990,0
ACC01428,91360.85,74955.1,20,17,20,17,4568.04,4409.12,20296.37,10688.76,1.0,17,20,0.007401,0.00017231,1,500,0
ACC01429,53399.86,80476.12,13,18,13,18,4107.68,4470.9,10248.72,14764.89,1.0333,18,13,0.006201,0.00018304,0,990,0
ACC01430,83143.09,71925.35,16,16,16,16,5196.44,4495.33,19839.39,14730.49,1.0323,16,16,0.006401,0.00016591,0,675,0
ACC01431,55014.66,75645.78,13,20,13,20,4231.9,3782.29,18134.55,23135.69,1.1379,20,13,0.006601,0.00013605,0,990,1
ACC01432,72820.0,67734.83,20,18,20,18,3641.0,3763.05,10271.52,11488.88,1.027,18,20,0.007602,0.00019033,1,498,0
ACC01433,54511.84,82756.53,17,18,17,18,3206.58,4597.59,7511.68,18070.66,1.0294,18,17,0.007001,0.00015596,0,990,0
ACC01434,26653.99,74046.72,9,18,9,18,2961.55,4113.71,5696.1,15442.86,1.0385,18,9,0.005401,0.00013832,1,675,0
ACC01435,65919.28,85679.39,16,16,15,16,4119.95,5354.96,24273.18,31693.68,1.1034,16,15,0.006201,0.00021326,1,255,0
ACC01436,121152.25,53611.39,19,12,19,12,6376.43,4467.62,29368.09,16486.79,1.0333,12,19,0.006201,0.00011395,0,664,0
ACC01437,37417.81,11727.17,14,6,14,6,2672.7,1954.53,9461.89,4192.86,1.0,6,14,0.004001,6.381e-05,1,675,0
ACC01438,38645.84,99006.61,7,21,7,21,5520.83,4714.6,11362.73,19438.22,1.0769,21,7,0.005601,0.00016151,1,498,0
ACC01439,151423.49,39032.63,19,11,19,11,7969.66,3548.42,30809.75,8017.35,1.0345,11,19,0.006001,9.548e-05,0,990,0
ACC01440,223615.29,94817.08,19,18,19,18,11769.23,5267.62,85627.0,18112.33,1.0882,18,19,0.007401,0.00020078,0,498,1
ACC01441,44972.27,173583.89,13,16,13,16,3459.41,10848.99,11970.04,64563.0,1.0,16,13,0.005801,0.00023966,1,675,1
ACC01442,69352.86,137782.65,14,21,14,21,4953.78,6561.08,17106.9,32692.66,1.0294,21,14,0.007001,0.00030396,1,675,1
ACC01443,84077.47,90224.63,18,15,18,15,4670.97,6014.98,26853.18,16437.25,1.1,15,18,0.006601,0.00022065,0,920,0
ACC01444,183839.06,81354.6,20,19,20,19,9191.95,4281.82,59820.2,18391.37,1.0541,19,20,0.007802,0.00036454,1,500,0
ACC01445,32615.18,90296.6,9,15,9,15,3623.91,6019.77,8213.43,26649.59,1.0,15,9,0.004801,0.00016985,1,664,0
ACC01446,73283.54,71192.29,15,15,15,15,4885.57,4746.15,16063.09,19468.44,1.0714,15,15,0.006001,0.00032164,0,664,0
ACC01447,81214.57,44034.97,16,13,16,13,5075.91,3387.31,14559.55,12493.54,1.0357,13,16,0.005801,9.569e-05,0,920,0
ACC01448,611229.31,642804.53,16,25,16,25,38201.83,25712.18,538023.0,73026.0,1.3667,25,16,0.008202,0.00081989,1,990,1
ACC01449,50946.01,118174.85,12,22,12,22,4245.5,5371.58,10608.36,17241.66,1.0968,22,12,0.006801,0.00027569,0,500,0
ACC01450,121587.83,164527.65,13,17,13,17,9352.91,9678.1,77368.32,78980.16,1.1111,17,13,0.006001,0.00035265,1,664,1
ACC01451,8202.29,123302.93,5,22,5,22,1640.46,5604.68,6067.02,22847.17,1.0,22,5,0.005401,0.00020384,1,498,1
ACC01452,69059.82,87859.21,13,21,13,21,5312.29,4183.77,17087.07,13176.09,1.0,21,13,0.006801,0.00016115,1,675,0
ACC01453,130451.83,62819.2,19,16,19,16,6865.89,3926.2,21133.83,10452.02,1.0938,16,19,0.007001,0.00016861,1,990,0
ACC01454,73706.17,70275.26,14,14,14,14,5264.73,5019.66,18267.78,14469.74,1.0769,14,14,0.005601,0.00015995,1,500,0
ACC01455,63904.01,69947.57,17,17,17,17,3759.06,4114.56,19162.47,12409.71,1.0968,17,17,0.006801,0.0001464,0,498,0
ACC01456,836167.2,30215.22,27,12,20,12,30969.16,2517.93,98247.0,6310.65,1.2188,12,20,0.006401,0.00010695,1,664,1
ACC01457,141158.1,117316.2,21,21,20,21,6721.81,5586.49,28474.17,39993.01,1.0769,21,20,0.008202,0.00022431,0,500,0
ACC01458,81633.98,88588.57,19,21,19,21,4296.53,4218.5,10190.54,11442.81,1.0256,21,19,0.008002,0.00022854,1,664,0
ACC01459,66200.32,53510.12,13,16,13,16,5092.33,3344.38,21469.17,12510.33,1.0357,16,13,0.005801,0.00014178,0,664,0
ACC01460,88003.26,51139.79,16,18,16,18,5500.2,2841.1,18996.13,7303.83,1.0,18,16,0.006801,0.00014179,1,990,0
ACC01461,54201.58,78556.15,14,21,14,21,3871.54,3740.77,18746.25,20453.92,1.0606,21,14,0.007001,0.00036912,1,500,0
ACC01462,32347.07,51918.7,6,10,6,10,5391.18,5191.87,7448.27,19901.8,1.0,10,6,0.003201,0.00011061,0,498,0
ACC01463,66968.81,81590.3,21,19,21,19,3188.99,4294.23,9441.89,18037.97,1.0526,19,21,0.008002,0.00017424,1,675,0
ACC01464,127989.2,102512.45,15,16,15,16,8532.61,6407.03,34796.54,30588.04,1.0333,16,15,0.006201,0.00019852,0,990,1
ACC01465,62631.34,78248.22,14,14,14,14,4473.67,5589.16,13527.75,30698.95,1.037,14,14,0.005601,0.00014862,1,500,0
ACC01466,73548.33,112903.08,16,17,16,17,4596.77,6641.36,10586.77,23406.01,1.0312,17,16,0.006601,0.00019665,1,920,0
ACC01467,56001.06,61251.1,15,15,14,15,3733.4,4083.41,14740.83,23004.29,1.0,15,14,0.005801,0.00013564,1,990,0
ACC01468,56333.31,48422.91,12,14,12,14,4694.44,3458.78,12805.77,13638.67,1.0,14,12,0.005201,0.00012377,0,920,0
ACC01469,70136.17,60965.18,17,16,17,16,4125.66,3810.32,16763.58,18591.66,1.1,16,17,0.006601,0.00023309,1,675,0
ACC01470,34774.33,52523.49,9,13,9,13,3863.81,4040.27,19642.06,15144.05,1.0,13,9,0.004401,0.00013529,0,990,0
ACC01471,45613.7,106141.23,17,19,17,19,2683.16,5586.38,8863.3,13877.39,1.0,19,17,0.007201,0.00035686,0,990,0
ACC01472,146507.38,73677.9,15,12,15,12,9767.16,6139.82,80774.0,18351.85,1.08,12,15,0.005401,0.00017257,1,920,1
ACC01473,48782.31,522365.56,12,10,12,10,4065.19,52236.56,11326.21,501427.1,1.0,10,12,0.004401,0.0010581,0,990,1
ACC01474,77000.66,60526.99,16,11,16,11,4812.54,5502.45,11547.06,15781.14,1.0385,11,16,0.005401,0.00016432,1,498,0
ACC01475,46097.78,68067.31,17,20,17,20,2711.63,3403.37,7203.03,11511.35,1.0882,20,17,0.007401,0.00015764,0,498,0
ACC01476,98228.49,45101.71,17,9,17,9,5778.15,5011.3,27455.5,14486.15,1.0,9,17,0.005201,0.00014365,1,500,0
ACC01477,101940.13,82131.41,23,24,23,24,4432.18,3422.14,14271.96,14385.65,1.0444,24,23,0.009402,0.00016049,1,675,0
ACC01478,139470.91,143138.68,15,15,15,15,9298.06,9542.58,65840.32,67184.0,1.0714,15,15,0.006001,0.00023413,1,920,1
ACC01479,125101.04,72226.17,13,16,13,16,9623.16,4514.14,87385.0,21618.94,1.0,16,13,0.005801,0.00019548,1,675,1
ACC01480,1140774.53,86197.07,30,15,20,15,38025.82,5746.47,98907.0,20611.77,1.3235,15,20,0.007001,0.00017297,1,498,1
ACC01481,98521.66,136948.63,11,22,11,22,8956.51,6224.94,55869.8,57010.0,1.0645,22,11,0.006601,0.00028897,1,990,1
ACC01482,59087.13,74403.85,13,22,13,22,4545.16,3381.99,22782.92,11516.27,1.0294,22,13,0.007001,0.00015327,1,990,0
ACC01483,151840.82,93818.09,23,19,23,19,6601.77,4937.79,30588.04,30700.97,1.05,19,23,0.008402,0.00018076,1,920,0
ACC01484,115010.04,32401.47,13,13,13,13,8846.93,2492.42,28379.0,7297.86,1.0,13,13,0.005201,0.00010391,0,498,1
ACC01485,62451.21,88003.72,13,12,13,12,4803.94,7333.64,10990.18,34227.0,1.0,12,13,0.005001,0.00017202,0,500,1
ACC01486,51724.44,60811.83,15,15,15,15,3448.3,4054.12,9927.53,18005.18,1.0345,15,15,0.006001,0.00015994,0,990,0
ACC01487,111069.12,112270.69,16,19,16,19,6941.82,5908.98,25731.46,35786.07,1.0,19,16,0.007001,0.00018041,1,920,0
ACC01488,86202.65,103498.25,14,14,14,14,6157.33,7392.73,20993.88,23225.63,1.037,14,14,0.005601,0.0002126,1,664,0
ACC01489,56028.08,66078.85,17,11,17,11,3295.77,6007.17,11115.54,30613.03,1.037,11,17,0.005601,0.00013579,1,498,0
ACC01490,121676.06,151201.95,10,13,10,13,12167.61,11630.92,73276.56,74772.0,1.0455,13,10,0.004601,0.00024246,1,920,1
ACC01491,124955.02,98802.53,19,21,19,21,6576.58,4704.88,28944.01,16952.68,1.1111,21,19,0.008002,0.00026071,1,500,0
ACC01492,61026.97,63504.2,13,16,13,16,4694.38,3969.01,12816.48,17898.12,1.0,16,13,0.005801,0.000167,0,990,0
ACC01493,124260.7,89817.41,16,16,16,16,7766.29,5613.59,35307.56,24888.38,1.1034,16,16,0.006401,0.0002077,0,990,0
ACC01494,105285.12,77265.03,16,19,16,19,6580.32,4066.58,35217.62,13213.51,1.0294,19,16,0.007001,0.00016378,1,664,0
ACC01495,30389.71,109582.03,14,18,14,18,2170.69,6087.89,5051.66,34145.95,1.0323,18,14,0.006401,0.00023861,1,675,0
ACC01496,1136040.13,131709.29,29,16,19,16,39173.8,8231.83,98692.0,50197.99,1.4062,16,19,0.007001,0.0002263,1,990,1
ACC01497,115149.47,443075.76,12,14,12,14,9595.79,31648.27,73913.0,356704.1,1.1818,14,12,0.005201,0.00077943,0,664,1
ACC01498,119877.3,137687.32,19,26,19,26,6309.33,5295.67,36971.47,37874.52,1.0714,26,19,0.009002,0.00031128,1,990,0
ACC01499,86665.02,130531.8,13,23,13,23,6666.54,5675.3,25683.17,15894.74,1.0,23,13,0.007201,0.00031501,0,498,0
ACC01500,607702.46,768538.74,16,27,16,27,37981.4,28464.4,560990.2,86674.0,1.4333,27,16,0.008602,0.00080463,1,664,1
ACC01501,136687.81,75687.21,14,19,14,19,9763.41,3983.54,46295.34,11458.43,1.0,19,14,0.006601,0.00018659,1,990,0
ACC01502,71179.65,92462.67,12,17,12,17,5931.64,5438.98,19533.27,21732.94,1.16,17,12,0.005801,0.00021469,0,675,0
ACC01503,121042.06,140761.87,15,22,15,22,8069.47,6398.27,76859.0,73784.64,1.1212,22,15,0.007401,0.00020664,1,675,1
ACC01504,49158.64,74536.61,15,18,15,18,3277.24,4140.92,17259.22,15269.17,1.0312,18,15,0.006601,0.00015486,0,990,0
ACC01505,502385.8,528698.29,17,26,17,26,29552.11,20334.55,452713.95,63970.0,1.4828,26,17,0.008602,0.00084273,1,498,1
ACC01506,99864.85,45429.24,15,11,15,11,6657.66,4129.93,32109.25,14998.51,1.0,11,15,0.005201,0.00010897,0,664,0
ACC01507,53317.92,68616.34,12,21,12,21,4443.16,3267.44,14730.85,8821.43,1.0,21,12,0.006601,0.00018657,0,498,0
ACC01508,140193.23,188707.06,15,18,15,18,9346.22,10483.73,74172.48,75717.74,1.0645,18,15,0.006601,0.00021472,1,664,1
ACC01509,45456.24,818144.17,12,21,12,14,3788.02,38959.25,15835.22,98657.0,1.32,14,12,0.005201,0.00018135,1,675,1
ACC01510,129834.27,47234.63,23,14,23,14,5644.97,3373.9,23906.56,28167.89,1.0571,14,23,0.007401,0.00010139,0,990,0
ACC01511,66984.35,44674.15,15,11,15,11,4465.62,4061.29,33074.91,16691.05,1.04,11,15,0.005201,0.00010871,0,675,0
ACC01512,39849.05,76564.58,14,15,14,14,2846.36,5104.31,6982.12,25778.81,1.0741,14,14,0.005601,0.00010167,0,920,0
ACC01513,1077208.69,77476.3,29,19,20,19,37145.13,4077.7,98518.0,10092.35,1.2632,19,20,0.007802,0.00020213,0,990,1
ACC01514,120973.3,92062.07,18,16,17,16,6720.74,5753.88,66099.0,14629.31,1.0625,16,17,0.006601,0.00023416,0,498,1
ACC01515,52303.5,130223.12,15,16,15,15,3486.9,8138.94,12071.77,60873.0,1.0333,15,15,0.006001,0.00015768,1,675,1
ACC01516,80160.17,77895.15,21,19,21,19,3817.15,4099.74,13495.62,13837.28,1.0811,19,21,0.008002,0.00019467,0,498,0
ACC01517,178288.5,82500.32,15,26,15,26,11885.9,3173.09,75438.06,19948.09,1.0789,26,15,0.008202,0.00018538,1,498,0
ACC01518,48730.98,92573.6,14,20,14,20,3480.78,4628.68,8265.78,17328.06,1.0625,20,14,0.006801,0.00021493,1,920,0
ACC01519,115396.97,96993.24,19,19,19,19,6073.52,5104.91,24589.83,15417.14,1.0857,19,19,0.007602,0.0001793,0,990,0
ACC01520,66104.28,27444.19,14,11,14,11,4721.73,2494.93,20766.81,6227.77,1.0417,11,14,0.005001,6.654e-05,0,675,0
ACC01521,118535.75,84003.03,17,12,17,12,6972.69,7000.25,23612.06,27624.0,1.0741,12,17,0.005801,0.00015119,1,920,1
ACC01522,169674.47,205397.43,17,18,17,18,9980.85,11410.97,73722.24,75258.12,1.129,18,17,0.007001,0.00036035,1,498,1
ACC01523,125993.78,39926.29,21,16,21,16,5999.7,2495.39,28301.71,6376.15,1.0571,16,21,0.007401,0.00011392,1,498,0
ACC01524,592489.27,95628.02,27,16,27,16,21944.05,5976.75,73649.0,31377.14,1.3871,16,27,0.008602,0.00015361,0,500,1
ACC01525,108374.77,50793.34,20,15,20,15,5418.74,3386.22,28018.27,12239.8,1.0,15,20,0.007001,0.00010547,0,990,0
ACC01526,47960.6,79500.0,10,14,10,14,4796.06,5678.57,16388.33,18459.47,1.0435,14,10,0.004801,0.00021197,0,990,0
ACC01527,94189.38,38356.08,14,12,14,12,6727.81,3196.34,19226.57,10299.33,1.04,12,14,0.005201,0.00013801,1,920,0
ACC01528,83972.64,70914.14,15,18,15,18,5598.18,3939.67,36466.91,13842.94,1.0645,18,15,0.006601,0.00013979,0,990,0
ACC01529,46036.81,78478.37,13,16,13,16,3541.29,4904.9,12140.54,14241.09,1.0741,16,13,0.005801,0.00014882,1,920,0
ACC01530,83002.8,76729.96,15,17,15,17,5533.52,4513.53,11791.41,19801.17,1.0,17,15,0.006401,0.00016213,0,990,0
ACC01531,145603.34,103821.4,18,19,18,19,8089.07,5464.28,43748.0,18755.85,1.0571,19,18,0.007401,0.00018419,0,990,1
ACC01532,69735.35,126563.15,16,21,16,21,4358.46,6026.82,15577.94,27824.69,1.0571,21,16,0.007401,0.00018168,1,990,0
ACC01533,51700.65,114312.92,11,17,11,17,4700.06,6724.29,15112.29,22150.01,1.037,17,11,0.005601,0.00023484,1,498,0
ACC01534,44215.23,73735.98,15,17,15,17,2947.68,4337.41,6549.0,24112.95,1.0323,17,15,0.006401,0.00021098,1,920,0
ACC01535,82746.03,74842.69,16,14,16,14,5171.63,5345.91,27368.1,20237.1,1.0,14,16,0.006001,0.0001449,0,255,0
ACC01536,41736.47,45455.37,11,10,11,10,3794.22,4545.54,11113.21,14602.75,1.05,10,11,0.004201,0.00014367,0,498,0
ACC01537,96187.95,83755.28,21,18,21,18,4580.38,4653.07,13056.25,14414.58,1.0833,18,21,0.007802,0.00022138,1,675,0
ACC01538,61973.23,70605.61,14,14,14,14,4426.66,5043.26,20550.86,18563.91,1.037,14,14,0.005601,0.00017943,0,498,0
ACC01539,31912.3,118853.36,14,14,14,14,2279.45,8489.53,5720.11,27227.79,1.0,14,14,0.005601,0.00029119,1,664,0
ACC01540,61732.7,849634.0,10,14,10,14,6173.27,60688.14,18569.07,788985.45,1.0,14,10,0.004801,0.00087113,0,920,1
ACC01541,205134.42,111985.96,15,13,15,13,13675.63,8614.3,66090.22,67439.0,1.037,13,15,0.005601,0.00021136,1,675,1
ACC01542,65312.29,90971.25,14,19,14,19,4665.16,4787.96,18737.94,32608.45,1.0,19,14,0.006601,0.00017088,1,664,0
ACC01543,90258.67,122798.61,9,17,9,17,10028.74,7223.45,61485.0,59025.6,1.04,17,9,0.005201,0.00027997,1,664,1
ACC01544,55746.25,62372.08,13,16,13,16,4288.17,3898.25,21183.4,19143.43,1.0,16,13,0.005801,0.00012102,1,920,0
ACC01545,25033.67,58891.53,12,12,12,12,2086.14,4907.63,9240.02,18348.64,1.0909,12,12,0.004801,0.00010975,1,920,0
ACC01546,65986.82,71876.34,12,12,12,12,5498.9,5989.69,20311.83,39718.15,1.0435,12,12,0.004801,0.00014975,0,920,0
ACC01547,119958.63,95039.53,20,17,20,17,5997.93,5590.56,20334.81,14805.77,1.0278,17,20,0.007401,0.00030059,1,664,0
ACC01548,89917.87,84940.76,20,19,20,19,4495.89,4470.57,19598.06,17689.0,1.0541,19,20,0.007802,0.00017751,1,990,1
ACC01549,58914.25,127848.05,13,21,13,21,4531.87,6088.0,19102.81,18302.71,1.0303,21,13,0.006801,0.00036905,1,920,0
ACC01550,79921.3,88990.56,17,17,17,17,4701.25,5234.74,14635.65,11986.69,1.0968,17,17,0.006801,0.00016022,0,498,0
ACC01551,124229.89,67371.08,13,18,13,18,9556.15,3742.84,76402.0,16786.49,1.0,18,13,0.006201,0.0001689,1,990,1
ACC01552,72195.39,33069.23,12,10,12,10,6016.28,3306.92,16115.68,7844.84,1.0,10,12,0.004401,8.537e-05,1,498,0
ACC01553,166628.33,143201.77,18,17,18,17,9257.13,8423.63,73877.3,75385.0,1.0606,17,18,0.007001,0.00021378,1,664,1
ACC01554,137042.8,107610.55,20,17,20,17,6852.14,6330.03,41547.46,25587.09,1.0278,17,20,0.007401,0.00022652,1,498,0
ACC01555,58407.58,37804.13,12,15,12,15,4867.3,2520.28,13851.53,5763.95,1.08,15,12,0.005401,0.00011316,1,664,0
ACC01556,171055.6,91616.19,19,18,19,18,9002.93,5089.79,79740.0,21928.35,1.0278,18,19,0.007401,0.00015276,0,990,1
ACC01557,76523.54,131412.17,27,11,27,11,2834.21,11946.56,9810.15,72419.0,1.0556,11,27,0.007602,0.00013555,1,498,1
ACC01558,91777.88,97681.86,18,14,18,14,5098.77,6977.28,29846.0,40536.15,1.0323,14,18,0.006401,0.00014667,1,498,1
ACC01559,221458.92,143444.12,21,20,21,20,10545.66,7172.21,87213.0,39999.0,1.0789,20,21,0.008202,0.00024813,1,500,1
ACC01560,36343.98,101499.74,11,19,11,19,3304.0,5342.09,9569.83,35999.07,1.0714,19,11,0.006001,0.00022553,1,920,0
ACC01561,99234.94,141186.67,12,15,12,15,8269.58,9412.44,35391.0,55549.18,1.0385,15,12,0.005401,0.00026933,0,675,1
ACC01562,75717.48,891077.67,14,27,14,20,5408.39,33002.88,38000.83,98571.0,1.3226,20,14,0.006801,0.00035009,0,990,1
ACC01563,67398.13,138763.14,12,16,12,16,5616.51,8672.7,19739.62,43062.2,1.037,16,12,0.005601,0.00025744,1,664,0
ACC01564,33091.82,86932.55,10,17,10,17,3309.18,5113.68,7673.26,18034.34,1.0,17,10,0.005401,0.00017038,1,990,0
ACC01565,177619.25,851900.17,14,23,14,16,12687.09,37039.14,95000.0,98335.0,1.2333,16,14,0.006001,0.00029945,1,920,1
ACC01566,97377.27,43830.0,17,9,17,9,5728.07,4870.0,24594.73,15218.52,1.0,9,17,0.005201,8.982e-05,0,990,0
ACC01567,75563.22,59794.65,22,14,22,14,3434.69,4271.05,7659.27,18142.89,1.0,14,22,0.007201,0.00013209,1,664,0
ACC01568,106996.65,61558.61,19,14,19,14,5631.4,4397.04,21928.22,11570.54,1.0,14,19,0.006601,0.00012101,0,664,0
ACC01569,126180.78,78343.68,13,11,13,11,9706.21,7122.15,84813.26,34261.88,1.1429,11,13,0.004801,0.00020405,1,498,0
ACC01570,57689.25,58816.65,16,15,16,15,3605.58,3921.11,11948.49,18349.7,1.0333,15,16,0.006201,0.00012196,0,990,0
ACC01571,103551.43,91482.72,16,11,16,11,6471.96,8316.61,34007.45,48048.38,1.0385,11,16,0.005401,0.00018033,1,990,0
ACC01572,129653.28,81286.04,12,18,12,18,10804.44,4515.89,64846.0,10158.71,1.0,18,12,0.006001,0.00018029,0,498,1
ACC01573,106358.05,71200.26,15,16,15,16,7090.54,4450.02,30476.13,16621.29,1.069,16,15,0.006201,0.00015732,0,990,0
ACC01574,153349.54,127450.9,21,19,21,19,7302.36,6707.94,27065.43,30827.0,1.0256,19,21,0.008002,0.00020777,1,990,0
ACC01575,46280.19,83766.37,14,17,14,17,3305.73,4927.43,8678.2,26801.77,1.0333,17,14,0.006201,0.00018661,0,990,0
ACC01576,93939.64,31349.78,14,14,14,14,6709.97,2239.27,16522.13,11715.07,1.037,14,14,0.005601,8.215e-05,0,498,0
ACC01577,47351.88,44317.95,11,14,11,14,4304.72,3165.57,13153.38,9208.75,1.087,14,11,0.005001,9.857e-05,0,920,0
ACC01578,92794.42,52028.02,14,13,14,13,6628.17,4002.16,20257.88,8988.67,1.0385,13,14,0.005401,0.00011604,1,675,0
ACC01579,70128.84,65028.51,14,17,14,17,5009.2,3825.21,20730.6,11242.99,1.069,17,14,0.006201,0.00015056,1,990,0
ACC01580,66190.19,64419.04,17,12,17,12,3893.54,5368.25,21404.38,18813.12,1.1154,12,17,0.005801,0.00013042,1,920,0
ACC01581,111734.33,66088.81,12,20,12,20,9311.19,3304.44,77163.0,9020.86,1.0,20,12,0.006401,0.00015517,0,500,1
ACC01582,112037.87,99248.73,13,16,13,16,8618.3,6203.05,70206.0,39026.47,1.0,16,13,0.005801,0.00015075,1,498,1
ACC01583,811733.52,150478.3,32,14,32,14,25366.67,10748.45,77765.0,70227.84,1.4375,14,32,0.009202,0.00028697,1,498,1
ACC01584,72723.77,67483.33,14,20,14,20,5194.56,3374.17,29461.08,9880.79,1.0625,20,14,0.006801,0.00014344,1,920,0
ACC01585,102038.14,137665.68,16,25,16,25,6377.38,5506.63,46309.98,29332.0,1.025,25,16,0.008202,0.00024331,1,498,1
ACC01586,101385.16,45819.18,19,11,19,11,5336.06,4165.38,32634.12,11189.19,1.0345,11,19,0.006001,0.00013402,1,990,0
ACC01587,48223.88,79741.13,10,17,10,17,4822.39,4690.65,10318.18,13990.15,1.0,17,10,0.005401,0.0001814,1,500,0
ACC01588,53838.21,69922.66,13,19,13,19,4141.4,3680.14,10061.26,14433.79,1.0,19,13,0.006401,0.00014249,0,990,0
ACC01589,82571.66,101438.45,18,22,18,22,4587.31,4610.84,22428.7,23806.94,1.0811,22,18,0.008002,0.00018149,1,498,0
ACC01590,70890.41,143581.5,16,18,16,18,4430.65,7976.75,17658.66,34996.86,1.0303,18,16,0.006801,0.00030311,1,920,0
ACC01591,81650.5,53694.73,20,12,20,12,4082.53,4474.56,20277.92,19291.04,1.0323,12,20,0.006401,0.00016206,1,990,0
ACC01592,75585.4,586407.75,18,15,18,15,4199.19,39093.85,19560.07,535969.1,1.0645,15,18,0.006601,0.00075739,0,920,1
ACC01593,37900.5,92064.86,11,14,11,14,3445.5,6576.06,12312.83,47174.0,1.1364,14,11,0.005001,9.756e-05,0,500,1
ACC01594,101239.77,38185.86,19,14,19,14,5328.41,2727.56,27363.85,9542.35,1.0,14,19,0.006601,0.00012028,0,664,0
ACC01595,100647.23,33424.01,17,11,17,11,5920.43,3038.55,26155.18,8504.92,1.12,11,17,0.005601,7.512e-05,0,664,0
ACC01596,20290.72,50399.02,11,11,11,11,1844.61,4581.73,3346.42,11280.2,1.0476,11,11,0.004401,0.00012473,0,498,0
ACC01597,40921.08,22683.64,14,14,14,14,2922.93,1620.26,6915.26,5899.67,1.12,14,14,0.005601,7.984e-05,1,500,0
ACC01598,1185535.55,48688.48,23,15,12,15,51545.02,3245.9,98284.0,14847.99,1.4615,15,12,0.005401,0.00010304,1,664,1
ACC01599,111019.67,174817.49,22,17,22,17,5046.35,10283.38,38030.0,79245.0,1.0,17,22,0.007802,0.00029032,1,255,1
ACC01600,32703.43,52607.87,11,11,11,11,2973.04,4782.53,8170.69,20310.01,1.0,11,11,0.004401,0.00012318,0,500,0
ACC01601,51058.33,37403.61,19,13,19,13,2687.28,2877.2,8189.44,6085.93,1.0323,13,19,0.006401,0.00011751,0,920,0
ACC01602,78132.76,70761.11,11,18,11,18,7102.98,3931.17,22753.27,21126.05,1.0357,18,11,0.005801,0.00018136,0,500,0
ACC01603,103108.22,63565.04,16,11,15,11,6444.26,5778.64,26430.34,33268.85,1.0385,11,15,0.005201,0.00013668,1,498,0
ACC01604,137256.17,28418.86,25,8,25,8,5490.25,3552.36,27413.21,6952.74,1.0312,8,25,0.006601,7.937e-05,0,498,0
ACC01605,102148.37,60591.66,19,16,19,16,5376.23,3786.98,15900.22,11947.5,1.0606,16,19,0.007001,0.00015435,1,990,0
ACC01606,34584.04,186421.27,8,28,8,28,4323.01,6657.9,8908.83,61062.5,1.0286,28,8,0.007201,0.00033022,0,675,0
ACC01607,52054.43,127303.27,13,19,13,19,4004.19,6700.17,9991.91,35374.95,1.0667,19,13,0.006401,0.00019947,1,675,0
ACC01608,67567.44,80405.89,14,21,14,21,4826.25,3828.85,13645.36,20550.86,1.0,21,14,0.007001,0.00018093,0,498,0
ACC01609,81341.15,108196.13,16,16,16,16,5083.82,6762.26,16927.79,33741.11,1.1034,16,16,0.006401,0.00020684,0,498,0
ACC01610,73991.84,54064.48,12,16,12,16,6165.99,3379.03,27117.36,9232.88,1.0769,16,12,0.005601,0.00012565,1,990,0
ACC01611,87106.64,114612.08,14,19,14,19,6221.9,6032.21,30372.27,18149.38,1.0312,19,14,0.006601,0.00020608,1,498,0
ACC01612,139686.56,43921.2,16,11,16,11,8730.41,3992.84,88504.0,11453.08,1.0385,11,16,0.005401,0.00013576,0,990,1
ACC01613,42866.61,135002.62,13,19,13,19,3297.43,7105.4,11268.81,26007.1,1.0,19,13,0.006401,0.00027699,0,990,0
ACC01614,118079.37,95171.37,15,21,15,20,7871.96,4531.97,23874.0,17843.14,1.0588,20,15,0.007001,0.00019476,0,498,0
ACC01615,137704.57,151716.07,22,19,22,19,6259.3,7985.06,78676.8,80315.9,1.1714,19,22,0.008202,0.00029636,1,920,1
ACC01616,57911.51,53175.76,18,17,18,17,3217.31,3127.99,12264.64,11779.72,1.0606,17,18,0.007001,0.00015009,0,498,0
ACC01617,73430.55,893407.07,16,22,16,14,4589.41,40609.41,12645.32,98594.0,1.3571,14,16,0.006001,0.00027298,1,675,1
ACC01618,52365.37,87417.79,16,17,16,17,3272.84,5142.22,12673.73,16527.03,1.0312,17,16,0.006601,0.00021686,1,255,0
ACC01619,54100.34,100413.74,17,17,17,17,3182.37,5906.69,9509.52,47280.03,1.0303,17,17,0.006801,0.00017077,1,498,0
ACC01620,30488.02,140917.26,10,23,10,23,3048.8,6126.84,6086.03,25644.0,1.0312,23,10,0.006601,0.00026184,1,500,1
ACC01621,52154.98,108107.96,11,15,11,15,4741.36,7207.2,24740.05,43367.0,1.0,15,11,0.005201,0.00010162,1,664,1
ACC01622,100453.36,82132.4,15,16,15,16,6696.89,5133.27,27739.64,23146.72,1.0333,16,15,0.006201,0.00017659,0,920,0
ACC01623,100281.61,83951.1,18,16,18,16,5571.2,5246.94,34332.43,20797.27,1.0,16,18,0.006801,0.00016144,1,990,0
ACC01624,103890.61,62531.75,18,10,18,10,5771.7,6253.18,27898.31,21667.72,1.037,10,18,0.005601,0.00010896,1,920,0
ACC01625,94839.91,100163.38,18,15,18,15,5268.88,6677.56,18042.97,43803.6,1.0312,15,18,0.006601,0.00020323,1,920,0
ACC01626,105140.56,78931.39,17,16,17,16,6184.74,4933.21,40679.83,25624.97,1.1786,16,17,0.006601,0.00018287,0,675,0
ACC01627,73508.38,1093625.72,22,24,22,14,3341.29,45567.74,11429.85,98039.0,1.3939,14,22,0.007201,0.0002873,0,920,1
ACC01628,73701.74,605921.81,11,21,11,16,6700.16,28853.42,34377.94,98462.0,1.1852,16,11,0.005401,0.0002677,1,498,1
ACC01629,54903.59,61618.38,11,14,11,14,4991.24,4401.31,13215.07,28628.37,1.087,14,11,0.005001,0.00013098,1,664,0
ACC01630,81008.83,158620.47,20,15,20,15,4050.44,10574.7,14099.14,94076.02,1.0,15,20,0.007001,0.00023774,0,255,0
ACC01631,65179.62,71107.46,10,15,10,15,6517.96,4740.5,34139.0,21897.41,1.0,15,10,0.005001,0.0003107,0,920,1
ACC01632,54565.6,112663.44,15,13,15,13,3637.71,8666.42,14399.29,29990.0,1.0769,13,15,0.005601,0.00017484,0,990,1
ACC01633,114932.98,636362.23,21,12,21,12,5473.0,53030.19,35619.59,589244.15,1.0,12,21,0.006601,0.00077223,1,675,1
ACC01634,110916.84,166104.28,17,14,17,14,6524.52,11864.59,71765.4,73230.0,1.1071,14,17,0.006201,0.00029678,1,664,1
ACC01635,72208.62,117217.58,15,14,15,14,4813.91,8372.68,47979.0,40355.0,1.0357,14,15,0.005801,0.00016696,1,920,1
ACC01636,561413.02,590629.51,16,24,16,24,35088.31,24609.56,412097.65,75977.0,1.2903,24,16,0.008002,0.00097766,1,920,1
ACC01637,58483.1,46016.71,14,10,14,10,4177.36,4601.67,11059.07,7493.56,1.0,10,14,0.004801,0.00011589,0,500,0
ACC01638,92079.06,23590.57,17,11,17,11,5416.42,2144.6,31742.37,3383.27,1.0,11,17,0.005601,8.469e-05,1,664,0
ACC01639,52845.8,87952.35,11,11,11,11,4804.16,7995.67,23542.18,19672.97,1.0,11,11,0.004401,0.00021686,1,920,0
ACC01640,175485.45,126443.29,21,15,21,15,8356.45,8429.55,28640.26,69367.0,1.0286,15,21,0.007201,0.00016328,1,664,1
ACC01641,179102.29,109211.27,19,20,19,20,9426.44,5460.56,60931.0,37105.65,1.0541,20,19,0.007802,0.00014462,1,664,1
ACC01642,55382.56,105712.46,12,17,12,16,4615.21,6218.38,12096.92,29570.41,1.16,16,12,0.005601,0.00025189,0,675,0
ACC01643,51380.2,41592.5,14,12,14,12,3670.01,3466.04,9921.42,7926.32,1.0,12,14,0.005201,8.983e-05,0,920,0
ACC01644,165723.77,79616.68,25,13,25,13,6628.95,6124.36,38431.68,39232.34,1.0556,13,25,0.007602,0.0001786,1,255,1
ACC01645,73731.56,41720.99,15,11,15,11,4915.44,3792.82,30312.93,10615.67,1.0,11,15,0.005201,0.00011952,1,664,0
ACC01646,32618.45,74334.46,12,12,12,12,2718.2,6194.54,7717.97,24948.18,1.0,12,12,0.004801,0.00014773,1,498,0
ACC01647,83492.88,136082.49,13,15,13,15,6422.53,9072.17,42118.44,48051.38,1.1667,15,13,0.005601,0.00037042,1,664,1
ACC01648,84096.36,51727.84,22,17,22,17,3822.56,3042.81,14186.38,6326.65,1.0541,17,22,0.007802,0.00014064,0,500,0
ACC01649,32827.04,96513.67,8,15,8,15,4103.38,6434.24,8586.76,22346.44,1.0952,15,8,0.004601,0.00021583,0,990,0
ACC01650,31244.35,45050.58,12,13,12,13,2603.7,3465.43,8512.42,8270.55,1.087,13,12,0.005001,7.716e-05,1,498,0
ACC01651,30103.64,113285.46,13,17,13,17,2315.66,6663.85,9780.24,60033.17,1.0345,17,13,0.006001,0.00020795,1,498,0
ACC01652,63331.22,108431.3,12,18,12,18,5277.6,6023.96,23973.71,25659.24,1.0345,18,12,0.006001,0.00017326,1,675,1
ACC01653,111864.52,713085.19,14,18,14,12,7990.32,39615.84,22203.12,97320.0,1.28,12,14,0.005201,0.00023475,1,920,1
ACC01654,122738.76,20078.16,24,5,24,5,5114.11,4015.63,25547.55,7394.74,1.0357,5,24,0.005801,5.95e-05,1,990,0
ACC01655,65097.4,70532.58,14,18,14,18,4649.81,3918.48,17381.33,24158.47,1.0323,18,14,0.006401,0.0001515,0,664,0
ACC01656,86315.76,94187.86,13,18,13,18,6639.67,5232.66,20732.32,17886.51,1.0333,18,13,0.006201,0.00023005,1,664,0
ACC01657,181005.87,146312.15,23,17,23,17,7869.82,8606.6,88705.0,85156.8,1.1111,17,23,0.008002,0.0002844,1,675,1
ACC01658,118002.4,86659.91,22,18,22,18,5363.75,4814.44,18459.95,25549.06,1.0811,18,22,0.008002,0.00015062,1,675,0
ACC01659,49202.54,102412.08,11,15,11,15,4472.96,6827.47,11622.87,25016.69,1.0,15,11,0.005201,0.00019077,0,498,0
ACC01660,46465.64,125459.85,13,21,13,21,3574.28,5974.28,7708.41,23319.1,1.0625,21,13,0.006801,0.000245,1,498,0
ACC01661,40936.22,96603.46,11,10,11,10,3721.47,9660.35,10952.24,69748.0,1.0,10,11,0.004201,0.00014014,1,664,1
ACC01662,81182.11,119853.27,12,20,12,20,6765.18,5992.66,32350.14,44255.09,1.0323,20,12,0.006401,0.00024925,1,664,0
ACC01663,37390.29,43556.7,14,11,14,11,2670.74,3959.7,7079.67,9966.36,1.0417,11,14,0.005001,0.00013881,0,920,0
ACC01664,179148.28,137572.94,17,17,16,17,10538.13,8092.53,89588.0,86004.48,1.1333,17,16,0.006601,0.00024691,1,990,1
ACC01665,89885.47,28144.56,21,10,21,10,4280.26,2814.46,21817.68,5760.73,1.0,10,21,0.006201,7.468e-05,1,498,0
ACC01666,86599.46,102602.16,17,15,17,15,5094.09,6840.14,32608.45,17733.84,1.0,15,17,0.006401,0.00018228,1,664,0
ACC01667,95422.98,57921.64,16,16,16,16,5963.94,3620.1,25175.98,11909.12,1.0,16,16,0.006401,0.00016147,1,500,0
ACC01668,59425.11,86801.35,11,17,11,17,5402.28,5105.96,22346.44,13821.78,1.037,17,11,0.005601,0.00017318,0,990,0
ACC01669,56618.83,15355.5,16,7,16,7,3538.68,2193.64,11328.81,4270.74,1.0,7,16,0.004601,5.906e-05,0,500,0
ACC01670,158014.48,107429.58,19,18,19,18,8316.55,5968.31,52145.0,22679.35,1.0571,18,19,0.007401,0.000286,1,498,1
ACC01671,113166.69,127294.57,11,19,11,19,10287.88,6699.71,60653.0,21885.12,1.0714,19,11,0.006001,0.00029245,1,675,1
ACC01672,39105.21,60884.24,13,12,13,12,3008.09,5073.69,11561.58,16943.48,1.1364,12,13,0.005001,0.00020981,0,920,0
ACC01673,76582.23,939914.07,17,16,17,16,4504.84,58744.63,14844.07,838282.85,1.0312,16,17,0.006601,0.00108159,1,498,1
ACC01674,942252.77,44535.63,29,15,21,15,32491.47,2969.04,98957.0,8037.93,1.2571,15,21,0.007201,0.00010185,0,664,1
ACC01675,686605.47,703384.51,13,30,13,30,52815.81,23446.15,574334.85,84440.0,1.3871,30,13,0.008602,0.00087873,1,990,1
ACC01676,68609.58,73227.09,18,13,18,13,3811.64,5632.85,13772.1,19968.54,1.069,13,18,0.006201,0.00022949,0,500,0
ACC01677,93228.8,184953.65,23,19,23,19,4053.43,9734.4,38564.39,46439.0,1.05,19,23,0.008402,0.00021139,1,664,1
ACC01678,102766.24,64358.93,20,18,20,18,5138.31,3575.5,37930.0,14635.65,1.1176,18,20,0.007602,0.00014325,1,664,0
ACC01679,153603.4,224628.23,18,20,18,20,8533.52,11231.41,82292.56,83972.0,1.0857,20,18,0.007602,0.00031001,1,498,1
ACC01680,73656.44,80140.82,16,11,16,11,4603.53,7285.53,24769.61,44653.5,1.0,11,16,0.005401,0.00011095,1,990,0
ACC01681,91286.71,51963.94,18,13,18,13,5071.48,3997.23,14181.09,7125.88,1.0333,13,18,0.006201,0.0001397,1,664,0
ACC01682,43608.33,89662.88,10,17,10,17,4360.83,5274.29,11559.58,29088.8,1.0385,17,10,0.005401,0.00022828,0,920,0
ACC01683,80189.27,61952.72,14,19,14,19,5727.8,3260.67,14298.49,8637.68,1.0,19,14,0.006601,0.00011795,0,990,0
ACC01684,167659.19,52752.25,16,12,16,12,10478.7,4396.02,71928.94,10625.69,1.037,12,16,0.005601,0.00011992,0,664,0
ACC01685,88990.55,67386.08,15,16,15,16,5932.7,4211.63,25624.97,15810.0,1.069,16,15,0.006201,0.00016554,1,664,1
ACC01686,69086.64,90070.83,16,20,16,20,4317.92,4503.54,10047.36,15799.12,1.0588,20,16,0.007201,0.00021185,0,664,0
ACC01687,85157.89,1168121.44,10,24,10,13,8515.79,48671.73,40184.0,97718.0,1.5455,13,10,0.004601,0.00037852,0,920,1
ACC01688,92698.5,85761.75,23,15,23,15,4030.37,5717.45,17944.45,21173.65,1.0556,15,23,0.007602,0.00019747,0,664,0
ACC01689,230470.75,45358.69,22,14,22,14,10475.94,3239.91,80213.0,8113.15,1.0588,14,22,0.007201,9.767e-05,1,990,1
ACC01690,93175.17,53442.33,25,16,25,16,3727.01,3340.15,11663.09,14417.88,1.0513,16,25,0.008202,0.00014635,1,255,0
ACC01691,77643.58,52232.98,15,11,15,11,5176.24,4748.45,14203.59,9826.72,1.0,11,15,0.005201,0.00015198,0,255,0
ACC01692,121881.13,36008.27,19,9,19,9,6414.8,4000.92,26525.95,9118.49,1.037,9,19,0.005601,0.00010081,0,664,0
ACC01693,84941.44,70385.08,17,15,17,15,4996.56,4692.34,17695.97,17734.45,1.0,15,17,0.006401,0.00013779,0,990,0
ACC01694,214994.9,169914.26,12,13,12,13,17916.24,13070.33,85507.0,72171.84,1.0417,13,12,0.005001,0.00024828,1,664,1
ACC01695,86814.1,638019.89,18,18,18,13,4823.01,35445.55,15242.71,98813.0,1.2,13,18,0.006201,0.00026839,1,675,1
ACC01696,63209.76,116139.6,16,24,16,24,3950.61,4839.15,16358.4,14425.97,1.0526,24,16,0.008002,0.0003571,1,498,0
ACC01697,56249.3,74810.55,13,18,13,18,4326.87,4156.14,17951.33,14060.88,1.0333,18,13,0.006201,0.00015526,1,500,0
ACC01698,83011.45,175608.22,17,18,17,18,4883.03,9756.01,13932.94,46371.0,1.0606,18,17,0.007001,0.00029863,1,920,1
ACC01699,58505.13,56927.51,19,14,19,14,3079.22,4066.25,8389.76,7831.49,1.0312,14,19,0.006601,0.00015318,1,675,0
ACC01700,22448.25,86603.48,10,15,10,15,2244.83,5773.57,7349.02,14770.65,1.1364,15,10,0.005001,0.00018516,1,990,0
ACC01701,68469.04,52511.43,16,11,16,11,4279.31,4773.77,13493.92,26815.58,1.0,11,16,0.005401,0.00013379,0,664,0
ACC01702,913205.49,59182.1,22,13,14,13,41509.34,4552.47,98886.0,11261.58,1.2963,13,14,0.005401,0.00018159,1,498,1
ACC01703,151355.25,87613.45,21,13,21,13,7207.39,6739.5,47303.92,17174.54,1.0,13,21,0.006801,0.00017778,1,990,0
ACC01704,66343.24,78834.37,13,21,13,21,5103.33,3754.02,19407.93,19651.15,1.0968,21,13,0.006801,0.00017843,0,498,0
ACC01705,52465.23,118651.78,14,19,14,19,3747.52,6244.83,7532.3,19593.92,1.0,19,14,0.006601,0.00022037,1,990,0
ACC01706,127872.37,39850.73,26,11,26,10,4918.17,3622.79,21351.11,11542.01,1.0882,10,26,0.007201,0.00011616,1,990,0
ACC01707,91074.32,89080.44,19,19,19,19,4793.39,4688.44,30325.59,15210.94,1.0556,19,19,0.007602,0.00018991,1,990,0
ACC01708,69013.97,76421.8,16,15,16,15,4313.37,5094.79,12767.58,32625.43,1.0,15,16,0.006201,0.00018633,1,675,0
ACC01709,98612.98,91130.52,13,15,13,15,7585.61,6075.37,42996.88,21183.4,1.037,15,13,0.005601,0.00018416,1,500,0
ACC01710,71536.83,54444.38,17,11,17,11,4208.05,4949.49,14115.27,20780.0,1.12,11,17,0.005601,0.00012528,0,500,0
ACC01711,783195.47,61942.2,22,18,16,18,35599.79,3441.23,97320.0,12717.83,1.2121,18,16,0.006801,0.00016255,0,675,1
ACC01712,97121.63,64927.04,21,15,21,15,4624.84,4328.47,17156.26,16266.35,1.0909,15,21,0.007201,0.0001155,0,675,0
ACC01713,76353.5,124478.77,19,13,19,13,4018.61,9575.29,23442.75,55679.59,1.0323,13,19,0.006401,0.00025601,1,498,0
ACC01714,54454.25,856927.95,15,23,15,16,3630.28,37257.74,11995.79,98518.0,1.2258,16,15,0.006201,0.00030154,1,498,1
ACC01715,127401.65,72832.82,15,20,15,20,8493.44,3641.64,31433.48,14480.79,1.0938,20,15,0.007001,0.00016375,0,255,0
ACC01716,22193.27,122026.25,7,16,7,16,3170.47,7626.64,10500.29,61406.0,1.0,16,7,0.004601,0.0001454,0,498,1
ACC01717,101847.34,96420.18,15,20,15,20,6789.82,4821.01,47862.0,23177.57,1.0294,20,15,0.007001,0.00020561,1,664,1
ACC01718,107891.4,86082.11,20,18,20,18,5394.57,4782.34,19686.49,18106.1,1.027,18,20,0.007602,0.00020713,1,498,0
ACC01719,97734.68,70947.91,16,17,16,17,6108.42,4173.41,20904.29,19034.79,1.0312,17,16,0.006601,0.00017434,1,990,0
ACC01720,52510.96,27936.01,8,10,8,10,6563.87,2793.6,18575.9,6419.55,1.0588,10,8,0.003601,6.46e-05,0,920,0
ACC01721,75241.66,844757.32,19,18,19,18,3960.09,46930.96,20229.65,770395.85,1.1935,18,19,0.007401,0.00099421,1,920,1
ACC01722,42556.19,38003.24,11,7,11,7,3868.74,5429.03,10517.96,10051.4,1.0,7,11,0.003601,8.652e-05,0,990,0
ACC01723,82669.45,46339.58,21,14,21,14,3936.64,3309.97,23036.18,13678.08,1.0606,14,21,0.007001,9.867e-05,1,498,0
ACC01724,158910.96,135635.84,10,17,10,17,15891.1,7978.58,86327.0,82873.92,1.125,17,10,0.005401,0.00037935,1,500,1
ACC01725,222177.47,38991.17,29,15,29,15,7661.29,2599.41,24357.67,10453.12,1.0732,15,29,0.008802,0.00014484,0,920,0
ACC01726,131612.1,55145.61,21,11,21,11,6267.24,5013.24,41228.18,22691.97,1.1034,11,21,0.006401,0.00019233,0,498,0
ACC01727,82944.34,115068.32,12,15,12,15,6912.03,7671.22,39252.0,21177.99,1.0385,15,12,0.005401,0.00026118,0,255,1
ACC01728,64968.35,39692.12,15,13,15,13,4331.22,3053.24,11657.8,8611.04,1.0769,13,15,0.005601,0.00011684,1,500,0
ACC01729,12985.99,80601.44,6,20,6,20,2164.33,4030.07,3391.56,21050.83,1.0,20,6,0.005201,0.00021942,1,498,0
ACC01730,63873.21,130180.24,14,19,14,19,4562.37,6851.59,14624.66,24438.4,1.0645,19,14,0.006601,0.00025558,0,920,0
ACC01731,111277.06,80805.17,25,18,25,18,4451.08,4489.18,13728.38,18022.56,1.1026,18,25,0.008602,0.00016684,1,675,0
ACC01732,50466.48,39901.91,14,14,14,14,3604.75,2850.14,11142.73,7215.43,1.037,14,14,0.005601,0.00010943,0,664,0
ACC01733,36173.19,98363.57,8,14,8,13,4521.65,7025.97,12327.54,17236.67,1.0,13,8,0.004201,0.00020317,0,500,0
ACC01734,84263.85,47757.53,14,11,14,11,6018.85,4341.59,23093.56,16901.53,1.0417,11,14,0.005001,0.00010301,0,664,0
ACC01735,66272.61,109738.95,13,19,13,19,5097.89,5775.73,13368.56,15355.92,1.0667,19,13,0.006401,0.00020846,1,500,0
ACC01736,139730.91,55020.26,21,11,21,11,6653.85,5001.84,74357.0,13279.88,1.0667,11,21,0.006401,0.00015589,1,990,1
ACC01737,98230.17,38370.72,18,13,18,13,5457.23,2951.59,34618.0,8996.07,1.0333,13,18,0.006201,7.79e-05,1,664,1
ACC01738,71010.66,53005.08,14,13,14,13,5072.19,4077.31,15953.94,11425.2,1.0,13,14,0.005401,0.00018469,1,920,0
ACC01739,69530.21,62968.83,15,17,15,17,4635.35,3704.05,19528.83,15488.88,1.0323,17,15,0.006401,0.00018541,1,920,0
ACC01740,52686.56,34001.52,12,12,12,12,4390.55,2833.46,13812.81,4595.24,1.0,12,12,0.004801,8.768e-05,1,255,0
ACC01741,154596.93,86866.37,19,22,19,22,8136.68,3948.47,87300.0,12064.48,1.025,22,19,0.008202,0.00022081,1,498,1
ACC01742,137373.49,52833.54,14,13,14,13,9812.39,4064.12,75433.0,12719.96,1.08,13,14,0.005401,0.00011154,0,675,1
ACC01743,122271.52,41019.55,5,15,5,15,24454.3,2734.64,93108.39,5674.7,1.0,15,5,0.004001,0.00010939,0,990,0
ACC01744,35647.16,62472.99,12,10,12,10,2970.6,6247.3,6889.45,22153.89,1.0,10,12,0.004401,0.00013913,0,664,0
ACC01745,141630.87,150112.33,17,16,17,16,8331.23,9382.02,86004.48,87796.24,1.0312,16,17,0.006601,0.0002874,1,920,1
ACC01746,57715.01,99559.68,13,14,13,14,4439.62,7111.41,10004.62,21202.84,1.0,14,13,0.005401,0.00029776,1,664,0
ACC01747,120384.79,116679.45,14,19,14,19,8598.91,6141.02,56019.33,17193.22,1.0,19,14,0.006601,0.00024564,0,500,0
ACC01748,91678.36,137501.53,22,15,22,15,4167.2,9166.77,12256.22,40719.66,1.0,15,22,0.007401,0.00038604,1,990,0
ACC01749,52875.32,47407.13,10,11,10,11,5287.53,4309.74,17019.24,13299.19,1.0,11,10,0.004201,9.99e-05,1,664,0
ACC01750,62007.41,88166.25,14,15,14,15,4429.1,5877.75,14044.19,39633.95,1.0357,15,14,0.005801,0.00015892,1,990,0
ACC01751,92057.77,79088.94,17,15,17,15,5415.16,5272.6,19841.03,27059.21,1.0323,15,17,0.006401,0.00029476,0,920,0
ACC01752,91176.2,47555.97,14,16,14,15,6512.59,2972.25,29807.0,11239.37,1.0345,15,14,0.005801,0.00011315,0,664,1
ACC01753,95991.47,43762.03,21,11,21,11,4571.02,3978.37,9797.86,9805.79,1.1034,11,21,0.006401,0.00013164,1,920,0
ACC01754,155270.3,318214.63,15,19,15,19,10351.35,16748.14,77250.0,89442.0,1.0625,19,15,0.006801,0.00039843,1,498,1
ACC01755,56374.36,25324.67,13,9,13,9,4336.49,2813.85,9204.78,7012.59,1.0,9,13,0.004401,0.00012944,0,500,0
ACC01756,153062.0,114571.01,12,11,12,11,12755.17,10415.55,95000.0,77049.0,1.0455,11,12,0.004601,9.5e-05,0,664,1
ACC01757,83735.38,62227.57,20,13,20,13,4186.77,4786.74,27633.58,22178.38,1.0,13,20,0.006601,0.00016864,1,675,0
ACC01758,69510.54,86257.26,17,16,17,16,4088.86,5391.08,32761.98,23743.52,1.0312,16,17,0.006601,0.00014129,1,990,0
ACC01759,90124.47,100671.55,18,17,18,17,5006.92,5921.86,12718.28,27597.75,1.0606,17,18,0.007001,0.00024677,1,500,0
ACC01760,869862.72,38212.42,26,12,19,12,33456.26,3184.37,98657.0,6620.05,1.2667,12,19,0.006201,9.228e-05,1,498,1
ACC01761,49585.83,59980.74,10,15,10,15,4958.58,3998.72,15064.73,17886.16,1.0,15,10,0.005001,0.00016983,0,990,0
ACC01762,78861.26,85358.03,15,16,15,16,5257.42,5334.88,16682.17,14574.22,1.0333,16,15,0.006201,0.00024026,0,920,0
ACC01763,91941.57,127730.5,14,16,14,16,6567.25,7983.16,11497.22,63928.84,1.0714,16,14,0.006001,0.00030508,1,990,0
ACC01764,109586.26,152755.15,14,14,14,14,7827.59,10911.08,75750.0,89489.41,1.037,14,14,0.005601,0.00040612,1,675,1
ACC01765,76947.35,72143.9,13,15,13,15,5919.03,4809.59,21759.83,13183.8,1.037,15,13,0.005601,0.00013048,0,498,0
ACC01766,89758.11,56145.11,19,16,19,16,4724.11,3509.07,25055.05,9545.94,1.0294,16,19,0.007001,0.00014606,1,990,0
ACC01767,729873.82,79852.26,26,17,21,16,28072.07,4697.19,98627.0,16492.46,1.1622,16,21,0.007401,0.00015287,0,990,1
ACC01768,109749.99,68040.3,15,14,15,14,7316.67,4860.02,71355.0,12540.96,1.0357,14,15,0.005801,0.00014407,1,990,1
ACC01769,86042.06,68858.26,16,15,16,15,5377.63,4590.55,43461.41,10469.5,1.069,15,16,0.006201,0.00016154,1,990,0
ACC01770,98139.14,76188.49,17,14,17,14,5772.89,5442.03,45248.0,22080.0,1.0,14,17,0.006201,0.00018163,0,500,1
ACC01771,60546.17,90175.77,13,9,13,9,4657.4,10019.53,10271.33,20833.77,1.0,9,13,0.004401,0.00016179,0,990,0
ACC01772,106466.98,90011.46,16,15,16,15,6654.19,6000.76,17304.67,34748.76,1.0333,15,16,0.006201,0.00017486,1,498,0
ACC01773,171742.32,228039.4,23,24,23,24,7467.06,9501.64,29059.09,78598.0,1.093,24,23,0.009402,0.00027719,1,498,1
ACC01774,59662.92,85878.0,18,19,18,19,3314.61,4519.89,8508.33,25635.37,1.0278,19,18,0.007401,0.00014759,1,990,0
ACC01775,69605.36,95903.54,15,21,15,21,4640.36,4566.84,13600.95,18759.91,1.0909,21,15,0.007201,0.00017871,1,920,0
ACC01776,49166.52,171197.11,14,13,14,13,3511.89,13169.01,13613.99,67877.8,1.0385,13,14,0.005401,0.00037101,1,664,0
ACC01777,96179.01,66060.51,12,13,12,13,8014.92,5081.58,20294.62,20592.65,1.087,13,12,0.005001,0.00018821,1,498,0
ACC01778,72421.77,66305.7,22,18,22,18,3291.9,3683.65,13290.53,9971.1,1.0526,18,22,0.008002,0.00012886,0,920,0
ACC01779,81430.59,45282.71,19,18,19,18,4285.82,2515.71,16177.06,6898.34,1.0,18,19,0.007401,0.00011815,1,920,0
ACC01780,157617.86,188524.69,18,17,17,17,8756.55,11089.69,70300.8,71765.4,1.0606,17,17,0.006801,0.00035289,1,664,1
ACC01781,175225.87,98406.61,18,20,18,19,9734.77,4920.33,65952.86,20305.09,1.1176,19,18,0.007401,0.00024241,0,990,0
ACC01782,65056.04,55607.39,14,14,14,14,4646.86,3971.96,34046.0,8518.41,1.0,14,14,0.005601,0.00014666,0,498,1
ACC01783,120707.18,71277.42,17,17,17,17,7100.42,4192.79,32271.67,14480.25,1.0,17,17,0.006801,0.00017895,1,920,0
ACC01784,105046.43,88975.8,17,25,17,25,6179.2,3559.03,18389.3,13577.63,1.0244,25,17,0.008402,0.00024019,1,498,0
ACC01785,145532.86,79709.11,29,13,29,13,5018.37,6131.47,30615.92,28618.6,1.0769,13,29,0.008402,0.00012963,0,920,0
ACC01786,484746.76,85643.02,27,19,27,19,17953.58,4507.53,74584.0,14113.18,1.3939,19,27,0.009202,0.00018262,1,920,1
ACC01787,62608.98,103415.89,15,21,15,21,4173.93,4924.57,14584.18,17943.42,1.0286,21,15,0.007201,0.00017676,0,990,0
ACC01788,81446.22,106623.97,16,23,16,23,5090.39,4635.82,18061.68,20239.0,1.0833,23,16,0.007802,0.00019912,0,255,1
ACC01789,52788.18,50157.83,13,9,13,9,4060.63,5573.09,13013.44,12599.33,1.0,9,13,0.004401,0.00011095,1,990,0
ACC01790,46881.93,40182.27,15,15,15,15,3125.46,2678.82,8019.28,6326.06,1.0714,15,15,0.006001,0.0001062,0,675,0
ACC01791,51339.31,81367.84,12,18,12,18,4278.28,4520.44,8610.98,14468.35,1.0345,18,12,0.006001,0.00016171,1,990,0
ACC01792,53497.96,63937.91,14,14,14,14,3821.28,4566.99,10417.36,16147.51,1.037,14,14,0.005601,0.00014467,1,920,0
ACC01793,86643.37,63515.84,12,11,12,11,7220.28,5774.17,21897.41,23685.03,1.0455,11,12,0.004601,0.00020904,0,675,0
ACC01794,53174.98,191244.01,16,19,16,19,3323.44,10065.47,6152.36,75694.0,1.0938,19,16,0.007001,0.00030028,1,920,1
ACC01795,53442.61,127226.07,19,13,19,13,2812.77,9786.62,9974.82,60543.0,1.0323,13,19,0.006401,0.00021721,0,500,1
ACC01796,95444.52,74400.31,24,16,24,16,3976.86,4650.02,10253.08,20194.0,1.0256,16,24,0.008002,0.00014373,0,990,1
ACC01797,60939.92,73927.6,18,20,18,20,3385.55,3696.38,13547.51,13972.43,1.0,20,18,0.007602,0.00018999,0,990,0
ACC01798,59737.92,55439.27,14,15,14,15,4266.99,3695.95,9344.46,10180.24,1.1154,15,14,0.005801,0.00013605,0,255,0
ACC01799,141993.29,67389.81,14,18,14,18,10142.38,3743.88,57747.0,10147.49,1.0,18,14,0.006401,0.00013738,1,990,1
ACC01800,30839.5,53147.39,14,13,14,12,2202.82,4088.26,7120.98,14762.39,1.0385,12,14,0.005201,0.00016469,1,498,0
ACC01801,80052.55,48118.95,17,13,17,13,4708.97,3701.46,14984.61,8679.42,1.0345,13,17,0.006001,0.00017028,0,498,0
ACC01802,49713.21,88775.35,17,15,17,15,2924.31,5918.36,8437.41,18436.23,1.0323,15,17,0.006401,0.00014733,0,664,0
ACC01803,72719.51,33216.55,9,11,9,11,8079.95,3019.69,41135.5,11276.01,1.0,11,9,0.004001,9.969e-05,1,255,0
ACC01804,104977.22,43861.57,21,11,21,11,4998.92,3987.42,23993.23,9052.08,1.0323,11,21,0.006401,0.00011887,1,498,0
ACC01805,87267.35,91335.31,16,15,16,15,5454.21,6089.02,28896.36,52236.0,1.069,15,16,0.006201,0.0001938,1,664,1
ACC01806,183698.81,49896.37,20,12,20,12,9184.94,4158.03,64987.0,16255.57,1.0323,12,20,0.006401,0.00013376,1,990,1
ACC01807,125336.48,134617.75,18,17,18,17,6963.14,7918.69,24995.27,34796.54,1.0606,17,18,0.007001,0.00031486,0,990,0
ACC01808,158897.95,57583.49,23,15,23,15,6908.61,3838.9,84293.0,7762.32,1.0857,15,23,0.007602,0.00013739,1,990,1
ACC01809,62204.21,24628.67,15,11,15,11,4146.95,2238.97,11715.07,4707.87,1.0,11,15,0.005201,7.938e-05,0,498,0
ACC01810,38529.33,56260.53,12,9,12,9,3210.78,6251.17,7574.73,13512.3,1.0,9,12,0.004201,0.00014763,0,664,0
ACC01811,56444.7,135866.87,14,15,14,15,4031.76,9057.79,13191.8,70678.0,1.0,15,14,0.005801,0.00024898,0,990,1
ACC01812,40098.31,85660.82,12,17,12,17,3341.53,5038.87,7712.45,21156.27,1.0357,17,12,0.005801,0.00020799,1,920,0
ACC01813,94970.18,42168.11,12,12,12,12,7914.18,3514.01,36433.28,11855.94,1.0435,12,12,0.004801,0.00010639,0,990,0
ACC01814,66823.73,83504.64,17,18,17,18,3930.81,4639.15,11898.92,33478.3,1.0606,18,17,0.007001,0.00014286,1,920,0
ACC01815,32860.67,136280.49,14,17,14,17,2347.19,8016.5,7298.65,36263.52,1.0333,17,14,0.006201,0.00026956,0,675,0
ACC01816,57707.38,112924.28,11,17,11,17,5246.13,6642.6,18196.61,32561.26,1.0769,17,11,0.005601,0.00032404,1,675,0
ACC01817,230932.28,59661.82,21,15,21,15,10996.78,3977.45,89442.0,11147.65,1.0,15,21,0.007201,0.00016314,1,664,1
ACC01818,90593.55,67653.91,18,11,18,11,5032.97,6150.36,13061.87,24158.4,1.0357,11,18,0.005801,0.00011956,0,920,0
ACC01819,44754.27,43155.7,12,14,12,14,3729.52,3082.55,9840.03,16120.61,1.0,14,12,0.005201,0.00013919,0,498,0
ACC01820,99391.48,88337.89,19,16,19,16,5231.13,5521.12,19901.8,17107.13,1.0606,16,19,0.007001,0.00018502,1,498,0
ACC01821,73879.21,50011.1,17,19,17,19,4345.84,2632.16,21921.28,4931.16,1.0909,19,17,0.007201,0.00013089,1,920,0
ACC01822,40867.21,120619.78,10,21,10,21,4086.72,5743.8,11783.85,12047.32,1.0333,21,10,0.006201,0.00025226,1,664,0
ACC01823,93127.0,66475.85,20,14,19,14,4656.35,4748.28,17302.95,12749.86,1.0625,14,19,0.006601,0.00017602,1,990,0
ACC01824,59132.78,59433.4,17,14,17,14,3478.4,4245.24,10583.73,8557.99,1.069,14,17,0.006201,0.00015262,0,498,0
ACC01825,44547.01,103307.21,12,21,12,21,3712.25,4919.39,13708.17,16201.99,1.0312,21,12,0.006601,0.00021649,1,664,0
ACC01826,1215282.22,63677.09,31,19,21,19,39202.65,3351.43,98848.0,8870.38,1.3158,19,21,0.008002,0.0001114,0,920,1
ACC01827,105181.08,82500.74,10,14,10,14,10518.11,5892.91,38798.4,39606.7,1.0435,14,10,0.004801,0.00018655,1,498,1
ACC01828,68125.98,44675.85,17,14,17,14,4007.41,3191.13,22241.95,12982.61,1.0,14,17,0.006201,0.00013237,0,990,0
ACC01829,84187.24,98559.5,13,16,13,16,6475.94,6159.97,34243.63,37525.15,1.16,16,13,0.005801,0.00022138,0,920,0
ACC01830,87047.34,170466.61,16,26,15,26,5440.46,6556.41,14320.69,49308.0,1.0769,26,15,0.008202,0.00025016,1,675,1
ACC01831,42388.76,44198.14,12,14,12,14,3532.4,3157.01,12320.81,7247.62,1.04,14,12,0.005201,8.281e-05,1,498,0
ACC01832,33338.73,126460.97,9,13,9,13,3704.3,9727.77,6432.25,65788.0,1.1,13,9,0.004401,0.00016121,0,920,1
ACC01833,51674.97,45927.77,13,16,13,16,3975.0,2870.49,15170.67,7731.12,1.0357,16,13,0.005801,0.00013333,1,664,0
ACC01834,126664.09,66957.41,19,14,19,14,6666.53,4782.67,42191.63,15009.3,1.0312,14,19,0.006601,0.00017465,0,664,1
ACC01835,142162.29,48958.34,10,12,10,12,14216.23,4079.86,68380.0,15899.13,1.0,12,10,0.004401,0.00012835,1,500,1
ACC01836,81433.14,18505.33,16,7,16,7,5089.57,2643.62,17370.6,4885.52,1.0,7,16,0.004601,6.105e-05,0,500,0
ACC01837,65985.24,26972.84,15,9,15,9,4399.02,2996.98,15203.28,8745.47,1.0435,9,15,0.004801,9.172e-05,0,498,0
ACC01838,36848.98,94665.86,10,19,10,19,3684.9,4982.41,14161.68,23151.44,1.0357,19,10,0.005801,0.0001955,1,675,0
ACC01839,76700.43,115332.42,15,17,15,17,5113.36,6784.26,24035.14,28272.25,1.0323,17,15,0.006401,0.00025076,1,920,0
ACC01840,144359.03,52994.91,16,12,16,12,9022.44,4416.24,38517.0,9603.14,1.0769,12,16,0.005601,0.00015321,0,990,1
ACC01841,86785.26,87660.24,17,20,17,20,5105.02,4383.01,13414.79,20560.0,1.1562,20,17,0.007401,0.00016332,1,675,1
ACC01842,28613.7,114810.25,12,16,12,16,2384.47,7175.64,13094.46,29501.95,1.0769,16,12,0.005601,0.00019933,1,990,0
ACC01843,82444.58,92334.6,18,25,18,25,4580.25,3693.38,30079.81,11038.92,1.1944,25,18,0.008602,0.0002155,1,920,0
ACC01844,58551.48,40559.22,10,10,10,10,5855.15,4055.92,17611.12,7305.54,1.0526,10,10,0.004001,0.00012394,0,664,0
ACC01845,39815.16,69449.89,12,14,12,14,3317.93,4960.71,17826.82,16098.72,1.04,14,12,0.005201,0.00013089,1,664,0
ACC01846,1318352.52,201970.4,26,17,15,17,50705.87,11880.61,97899.0,77263.0,1.4828,17,15,0.006401,0.00033203,1,920,1
ACC01847,71160.93,49207.05,18,9,18,9,3953.38,5467.45,10095.88,16313.41,1.0,9,18,0.005401,0.00011093,0,990,0
ACC01848,109256.9,28765.89,12,10,12,10,9104.74,2876.59,56686.06,4927.07,1.0476,10,12,0.004401,0.00014124,1,498,0
ACC01849,58543.11,67143.07,14,18,14,18,4181.65,3730.17,10496.12,11002.32,1.0667,18,14,0.006401,0.00013146,0,664,0
ACC01850,59168.64,96166.16,12,17,12,17,4930.72,5656.83,23203.85,20431.61,1.0,17,12,0.005801,0.00015671,1,664,1
ACC01851,142974.12,1035806.52,21,28,21,28,6808.29,36993.09,48461.0,861879.9,1.0652,28,21,0.009802,0.00151559,1,498,1
ACC01852,87315.98,79048.84,21,10,21,10,4157.9,7904.88,20462.42,36725.86,1.0333,10,21,0.006201,0.00018337,1,920,0
ACC01853,140274.96,126294.11,15,22,15,21,9351.66,5740.64,76880.0,19293.66,1.0882,21,15,0.007201,0.00023129,1,498,1
ACC01854,735078.47,60181.02,24,14,18,14,30628.27,4298.64,97667.0,23840.87,1.2258,14,18,0.006401,0.00017621,1,498,1
ACC01855,77100.59,89903.11,23,17,23,17,3352.2,5288.42,10709.36,17019.24,1.1429,17,23,0.008002,0.0001704,1,500,0
ACC01856,47878.07,66807.8,17,11,17,11,2816.36,6073.44,7796.49,17305.07,1.0769,11,17,0.005601,0.00012645,1,255,0
ACC01857,96950.63,53109.12,15,9,15,9,6463.38,5901.01,22928.45,12470.89,1.0,9,15,0.004801,8.184e-05,1,990,0
ACC01858,191697.49,129353.17,25,18,25,18,7667.9,7186.29,92399.0,29447.61,1.0238,18,25,0.008602,0.00027929,1,498,1
ACC01859,51111.12,76493.58,17,16,17,16,3006.54,4780.85,13487.57,10709.36,1.0312,16,17,0.006601,0.00018724,1,675,0
ACC01860,112151.73,128937.24,20,16,20,16,5607.59,8058.58,51004.8,52067.4,1.1613,16,20,0.007201,0.00023852,1,920,1
ACC01861,44247.35,75676.83,11,17,11,17,4022.49,4451.58,18291.24,19407.5,1.037,17,11,0.005601,0.00017315,1,990,0
ACC01862,68983.19,67289.55,13,18,13,18,5306.4,3738.31,11626.73,12933.04,1.0333,18,13,0.006201,0.0001788,0,920,0
ACC01863,57112.47,76570.41,13,20,13,19,4393.27,3828.52,29570.41,11732.74,1.0312,19,13,0.006401,0.0002193,0,990,0
ACC01864,97023.42,213452.18,20,18,20,18,4851.17,11858.45,19388.2,95000.0,1.027,18,20,0.007602,0.00032031,1,500,0
ACC01865,34241.25,921007.64,11,27,11,19,3112.84,34111.39,8248.75,98886.0,1.3103,19,11,0.006001,0.00035527,1,500,1
ACC01866,52163.24,67963.98,13,13,13,13,4012.56,5228.0,20768.04,14751.84,1.0,13,13,0.005201,0.00017818,1,920,0
ACC01867,44955.85,145040.42,15,18,15,18,2997.06,8057.8,8657.64,60705.72,1.0312,18,15,0.006601,0.00021951,0,920,0
ACC01868,25108.02,50950.46,14,14,14,14,1793.43,3639.32,3635.32,8576.06,1.037,14,14,0.005601,0.00013266,1,990,0
ACC01869,75100.41,80596.25,10,12,10,12,7510.04,6716.35,20206.99,41176.0,1.0476,12,10,0.004401,8.956e-05,1,675,1
ACC01870,49804.95,102496.23,5,18,5,18,9960.99,5694.24,30412.51,14339.99,1.0,18,5,0.004601,0.00029609,1,675,0
ACC01871,36851.49,92429.81,12,14,12,14,3070.96,6602.13,7416.77,18291.24,1.0,14,12,0.005201,0.00028147,0,500,0
ACC01872,94281.59,22998.04,13,11,13,11,7252.43,2090.73,25569.73,7803.9,1.0,11,13,0.004801,6.049e-05,0,920,0
ACC01873,53018.57,45084.87,12,12,12,12,4418.21,3757.07,9016.17,16416.07,1.0435,12,12,0.004801,0.0001106,1,990,0
ACC01874,154793.84,155355.47,13,18,13,18,11907.22,8630.86,73946.88,75456.0,1.0333,18,13,0.006201,0.00034965,1,500,1
ACC01875,142053.92,37325.57,13,10,13,10,10927.22,3732.56,75572.0,18106.63,1.0455,10,13,0.004601,0.00011171,0,498,1
ACC01876,131823.37,70212.09,22,17,22,17,5991.97,4130.12,16579.26,14324.4,1.0541,17,22,0.007802,0.00016169,1,920,0
ACC01877,84790.13,114294.23,20,12,20,12,4239.51,9524.52,12071.24,73649.0,1.1034,12,20,0.006401,9.845e-05,1,664,1
ACC01878,89132.23,77719.75,19,16,19,16,4691.17,4857.48,29185.8,16974.03,1.0294,16,19,0.007001,0.00028256,1,675,0
ACC01879,60652.43,1170264.18,13,22,13,11,4665.57,53193.83,10358.38,98497.0,1.4583,11,13,0.004801,0.00019156,1,920,1
ACC01880,49625.61,149657.91,13,19,13,19,3817.35,7876.73,18655.5,53517.96,1.0323,19,13,0.006401,0.00023482,0,498,0
ACC01881,130943.85,41775.33,19,13,19,13,6891.78,3213.49,35429.99,9250.25,1.0,13,19,0.006401,0.00011782,0,498,0
ACC01882,78562.41,93998.22,18,18,18,18,4364.58,5222.12,15497.17,29841.01,1.0909,18,18,0.007201,0.00020891,1,990,0
ACC01883,136261.74,110799.07,25,17,25,17,5450.47,6517.59,24063.29,54107.0,1.1053,17,25,0.008402,0.00019691,1,500,1
ACC01884,64177.03,24219.94,19,8,19,8,3377.74,3027.49,9227.29,5574.36,1.0,8,19,0.005401,5.913e-05,0,675,0
ACC01885,120249.24,81283.14,18,16,18,16,6680.51,5080.2,41163.43,38161.45,1.0303,16,18,0.006801,0.00017263,1,498,0
ACC01886,136872.24,41201.92,14,11,14,11,9776.59,3745.63,82118.0,19562.0,1.0,11,14,0.005001,9.705e-05,0,255,1
ACC01887,47407.69,72932.45,10,15,10,15,4740.77,4862.16,15332.88,14186.38,1.0,15,10,0.005001,0.00015084,1,500,0
ACC01888,33452.82,43836.32,10,13,10,13,3345.28,3372.02,8777.73,8634.49,1.0,13,10,0.004601,0.00013799,0,920,0
ACC01889,43491.44,57686.1,10,16,10,16,4349.14,3605.38,11733.47,10845.76,1.04,16,10,0.005201,0.00014241,0,500,0
ACC01890,74851.11,47960.13,11,13,11,13,6804.65,3689.24,30955.32,14302.64,1.0,13,11,0.004801,0.00012101,1,255,0
ACC01891,67203.01,84702.74,11,19,11,19,6109.36,4458.04,27207.36,15084.95,1.0,19,11,0.006001,0.00026113,0,920,0
ACC01892,150783.42,128022.01,15,11,15,11,10052.23,11638.36,35665.23,62459.0,1.04,11,15,0.005201,0.00020233,0,920,1
ACC01893,120449.19,73656.41,23,15,23,15,5236.92,4910.43,18462.67,20277.92,1.1515,15,23,0.007602,0.00013313,0,664,0
ACC01894,46094.9,59326.14,15,13,15,13,3072.99,4563.55,15469.4,14328.88,1.037,13,15,0.005601,0.00010537,1,500,0
ACC01895,39019.15,47901.14,11,12,11,12,3547.2,3991.76,8123.99,10289.03,1.0455,12,11,0.004601,9.879e-05,0,255,0
ACC01896,199751.91,73958.03,22,15,22,15,9079.63,4930.54,74797.0,14996.66,1.0,15,22,0.007401,0.00027544,0,675,1
ACC01897,110747.54,31512.74,13,10,13,10,8519.04,3151.27,63216.0,7324.54,1.0952,10,13,0.004601,8.979e-05,0,500,1
ACC01898,74485.42,99687.39,15,19,15,18,4965.69,5246.7,23797.68,31433.48,1.0625,18,15,0.006601,0.00022104,0,990,0
ACC01899,145839.29,82873.48,20,17,20,17,7291.96,4874.91,75888.0,18398.69,1.0571,17,20,0.007401,0.00020304,1,500,1
ACC01900,38410.92,103446.68,10,18,10,18,3841.09,5747.04,7920.27,49993.0,1.037,18,10,0.005601,0.00012644,1,920,1
ACC01901,97161.79,107807.15,18,17,18,17,5397.88,6341.6,17109.49,18381.08,1.0294,17,18,0.007001,0.00022565,1,990,0
ACC01902,65786.99,106011.23,18,16,18,16,3654.83,6625.7,19405.23,23070.78,1.0,16,18,0.006801,0.00020311,0,500,0
ACC01903,64613.97,62813.15,17,17,17,17,3800.82,3694.89,15090.58,10490.06,1.1333,17,17,0.006801,0.00015008,1,500,0
ACC01904,115600.8,37991.92,16,10,16,10,7225.05,3799.19,38711.89,9546.67,1.0,10,16,0.005201,8.256e-05,0,664,0
ACC01905,85637.3,68918.36,15,19,15,19,5709.15,3627.28,29344.58,10387.08,1.0625,19,15,0.006801,0.0001645,1,498,0
ACC01906,207660.09,133378.63,19,15,19,15,10929.48,8891.91,64056.72,65364.0,1.0303,15,19,0.006801,0.00024519,1,990,1
ACC01907,80645.58,108054.8,16,15,16,15,5040.35,7203.65,11662.58,61650.07,1.0,15,16,0.006201,0.00020791,1,255,0
ACC01908,29398.56,69407.0,10,16,10,16,2939.86,4337.94,6969.31,17838.05,1.0833,16,10,0.005201,0.00021982,0,498,0
ACC01909,55162.77,57990.2,17,11,17,11,3244.87,5271.84,13090.61,14821.97,1.0,11,17,0.005601,0.00013188,1,990,0
ACC01910,89756.22,83120.32,17,13,16,13,5279.78,6393.87,21548.64,26982.71,1.0345,13,16,0.005801,0.00011248,0,675,0
ACC01911,48233.82,82863.06,14,14,14,14,3445.27,5918.79,8333.1,37435.31,1.037,14,14,0.005601,0.00014507,0,498,0
ACC01912,31570.63,99749.61,14,15,14,15,2255.04,6649.97,5185.23,24914.71,1.0741,15,14,0.005801,0.00028525,0,675,0
ACC01913,49611.45,113882.79,18,12,18,12,2756.19,9490.23,6888.53,68301.0,1.0345,12,18,0.006001,0.00013685,1,675,1
ACC01914,92415.81,94005.76,18,19,18,19,5134.21,4947.67,31415.0,27223.53,1.0278,19,18,0.007401,0.00016166,0,664,1
ACC01915,86429.48,75982.04,14,16,14,16,6173.53,4748.88,29294.31,11544.43,1.0345,16,14,0.006001,0.0002076,1,920,0
ACC01916,94234.06,93759.26,16,20,16,20,5889.63,4687.96,52491.32,18686.32,1.0286,20,16,0.007201,0.00017949,0,498,0
ACC01917,86242.4,105140.12,17,17,17,17,5073.08,6184.71,35062.7,50701.52,1.0303,17,17,0.006801,0.00018695,1,498,0
ACC01918,70364.74,112759.89,15,18,15,18,4690.98,6264.44,16212.65,23439.54,1.0312,18,15,0.006601,0.00018005,0,990,0
ACC01919,63408.91,85341.21,12,19,12,19,5284.08,4491.64,26028.81,14660.78,1.069,19,12,0.006201,0.00028222,1,498,0
ACC01920,69539.85,42316.28,17,16,17,16,4090.58,2644.77,12597.25,7572.53,1.0312,16,17,0.006601,9.922e-05,0,498,0
ACC01921,34074.98,61219.77,11,15,11,15,3097.73,4081.32,16527.03,15876.14,1.0,15,11,0.005201,0.00013159,0,664,0
ACC01922,97979.61,51888.44,15,15,15,15,6531.97,3459.23,23777.27,8639.16,1.0,15,15,0.006001,0.00011325,1,990,0
ACC01923,59934.24,85008.05,13,18,13,18,4610.33,4722.67,17838.05,17944.44,1.069,18,13,0.006201,0.00032238,0,675,0
ACC01924,147034.52,154222.42,14,19,14,19,10502.47,8116.97,85495.0,78760.0,1.0645,19,14,0.006601,0.00020682,0,664,1
ACC01925,52459.36,84877.61,12,15,12,15,4371.61,5658.51,9127.74,21149.39,1.0385,15,12,0.005401,0.00015197,0,920,0
ACC01926,46979.68,38169.14,13,16,13,16,3613.82,2385.57,13676.63,6470.8,1.0,16,13,0.005801,9.654e-05,1,664,0
ACC01927,58213.96,455322.0,16,27,16,26,3638.37,16863.78,13781.72,81546.0,1.0488,26,16,0.008402,0.00046225,1,675,1
ACC01928,34771.14,85978.65,12,12,12,12,2897.59,7164.89,11542.36,27925.19,1.0,12,12,0.004801,0.00017903,1,500,0
ACC01929,50013.09,65810.63,10,10,10,10,5001.31,6581.06,11845.88,11734.83,1.0,10,10,0.004001,0.0001357,1,664,0
ACC01930,18444.15,73707.72,7,11,7,11,2634.88,6700.7,5998.21,17385.71,1.0588,11,7,0.003601,0.00013563,0,500,0
ACC01931,58611.56,339632.65,15,19,15,19,3907.44,17875.4,21016.43,93605.0,1.0303,19,15,0.006801,0.00045938,1,498,1
ACC01932,74382.76,49449.23,18,13,18,13,4132.38,3803.79,9635.07,7173.48,1.0333,13,18,0.006201,0.00016137,1,664,0
ACC01933,36022.73,140303.32,16,26,16,26,2251.42,5396.28,4615.81,17670.68,1.0769,26,16,0.008402,0.00028212,1,664,0
ACC01934,143418.27,61820.44,17,14,17,14,8436.37,4415.75,45153.65,19030.31,1.0,14,17,0.006201,0.00013189,0,498,0
ACC01935,95792.85,37981.83,16,9,16,9,5987.05,4220.2,42672.87,7024.41,1.0,9,16,0.005001,8.697e-05,1,498,0
ACC01936,148937.14,84915.18,15,19,15,19,9929.14,4469.22,69508.0,35056.0,1.0303,19,15,0.006801,0.00014822,1,500,1
ACC01937,119715.55,108951.34,15,20,15,20,7981.04,5447.57,27616.79,26769.33,1.0,20,15,0.007001,0.00024269,0,675,1
ACC01938,62069.77,79477.59,14,21,13,21,4433.55,3784.65,17938.99,10848.13,1.129,21,13,0.006801,0.00016316,0,664,0
ACC01939,35323.64,70025.12,13,16,13,16,2717.2,4376.57,6304.6,22234.32,1.16,16,13,0.005801,0.00013718,1,990,0
ACC01940,91162.0,29227.73,19,10,19,10,4798.0,2922.77,19055.64,6127.16,1.0,10,19,0.005801,7.405e-05,1,990,0
ACC01941,88801.45,95341.82,18,18,18,18,4933.41,5296.77,37525.15,21551.78,1.0588,18,18,0.007201,0.00016259,0,255,0
ACC01942,25519.58,73116.35,11,17,11,17,2319.96,4300.96,5757.01,27043.1,1.0769,17,11,0.005601,0.00019328,1,920,0
ACC01943,46352.51,851796.43,12,15,12,15,3862.71,56786.43,19481.5,779563.35,1.08,15,12,0.005401,0.00090783,1,675,1
ACC01944,42140.14,128382.76,14,20,14,20,3010.01,6419.14,9239.45,29252.65,1.0303,20,14,0.006801,0.00029821,0,920,0
ACC01945,106906.14,70113.27,23,18,23,18,4648.09,3895.18,36162.7,19064.52,1.025,18,23,0.008202,0.00017427,0,990,0
ACC01946,109665.53,75878.18,24,16,24,16,4569.4,4742.39,26132.7,17716.21,1.1111,16,24,0.008002,0.00019377,1,500,0
ACC01947,55462.17,156402.67,14,22,14,22,3961.58,7109.21,18659.95,33384.59,1.0286,22,14,0.007201,0.00028001,1,675,0
ACC01948,28120.7,79486.81,8,17,8,17,3515.09,4675.69,6710.28,13337.19,1.087,17,8,0.005001,0.00015046,0,990,0
ACC01949,63928.28,120204.89,14,21,14,21,4566.31,5724.04,23634.39,43208.96,1.0294,21,14,0.007001,0.00023706,0,990,0
ACC01950,84811.29,105705.79,19,16,19,16,4463.75,6606.61,29733.53,24682.02,1.0938,16,19,0.007001,0.00026766,1,990,0
ACC01951,107118.94,76726.46,15,19,15,19,7141.26,4038.23,63420.0,17747.23,1.0303,19,15,0.006801,0.00023061,0,920,1
ACC01952,164650.71,43063.49,22,13,22,13,7484.12,3312.58,37512.0,8005.32,1.129,13,22,0.007001,0.00014192,0,664,1
ACC01953,46936.03,107792.2,11,25,11,25,4266.91,4311.69,10774.28,16810.98,1.0,25,11,0.007201,0.0001999,1,500,0
ACC01954,41436.39,50828.29,11,9,11,9,3766.94,5647.59,12680.19,12902.94,1.0,9,11,0.004001,0.00012204,0,920,0
ACC01955,199969.43,57956.99,16,19,16,19,12498.09,3050.37,86732.0,6739.47,1.0,19,16,0.007001,0.00014741,1,920,1
ACC01956,118462.26,69131.41,16,17,16,17,7403.89,4066.55,55844.16,10950.02,1.0312,17,16,0.006601,0.00019095,0,498,0
ACC01957,47976.61,92853.3,8,15,8,15,5997.08,6190.22,22691.97,22830.98,1.0,15,8,0.004601,0.00018731,1,498,0
ACC01958,94977.79,146323.92,15,22,15,22,6331.85,6651.09,23343.13,30761.48,1.0571,22,15,0.007401,0.0002921,1,498,0
ACC01959,40277.05,80178.96,15,15,15,15,2685.14,5345.26,8672.65,18583.26,1.0,15,15,0.006001,0.00018929,0,498,0
ACC01960,167185.62,34322.31,13,9,13,9,12860.43,3813.59,91561.0,8052.71,1.0476,9,13,0.004401,9.125e-05,0,990,1
ACC01961,83440.47,100456.31,15,21,15,21,5562.7,4783.63,19953.42,11804.45,1.0588,21,15,0.007201,0.00020648,1,990,0
ACC01962,46983.67,79078.93,12,20,12,20,3915.31,3953.95,10449.55,18196.61,1.0323,20,12,0.006401,0.00022912,1,500,0
ACC01963,236748.93,55486.2,19,14,19,14,12460.47,3963.3,82285.0,11327.02,1.0645,14,19,0.006601,0.00012227,1,675,1
ACC01964,99030.35,128582.16,14,24,14,24,7073.6,5357.59,53617.8,27643.31,1.0857,24,14,0.007602,0.00023104,1,920,0
ACC01965,49168.32,85311.95,12,16,12,16,4097.36,5332.0,10869.03,13501.45,1.037,16,12,0.005601,0.00018712,0,990,0
ACC01966,69631.74,71104.72,16,10,16,10,4351.98,7110.47,15819.15,20817.08,1.0,10,16,0.005201,0.00014858,0,498,0
ACC01967,132251.69,72714.7,10,17,10,17,13225.17,4277.34,93605.0,10880.14,1.0385,17,10,0.005401,0.00012909,0,920,1
ACC01968,95718.96,82876.08,22,15,21,14,4350.86,5525.07,12601.31,36221.75,1.0278,14,21,0.007001,0.00017765,0,498,0
ACC01969,104195.24,25415.06,14,10,14,10,7442.52,2541.51,35294.08,7245.3,1.1429,10,14,0.004801,7.686e-05,0,920,0
ACC01970,109765.74,191333.23,15,16,15,16,7317.72,11958.33,53277.7,56637.11,1.0333,16,15,0.006201,0.00035303,1,500,1
ACC01971,159674.42,57178.35,24,11,24,11,6653.1,5198.03,70137.0,14582.55,1.0294,11,24,0.007001,0.00017912,0,664,1
ACC01972,752475.96,61508.2,29,15,23,15,25947.45,4100.55,98076.0,14294.73,1.1892,15,23,0.007602,0.00014596,0,498,1
ACC01973,42339.44,134986.44,14,14,14,14,3024.25,9641.89,8366.71,60749.0,1.037,14,14,0.005601,0.00016132,0,664,1
ACC01974,84918.56,133244.29,15,18,15,18,5661.24,7402.46,10633.86,32264.2,1.0312,18,15,0.006601,0.00028731,1,498,0
ACC01975,92358.01,33888.32,14,13,14,13,6597.0,2606.79,29472.88,8032.79,1.08,13,14,0.005401,0.00011649,1,920,0
ACC01976,65817.2,92595.84,13,15,13,15,5062.86,6173.06,15776.12,39793.82,1.0,15,13,0.005601,0.00020626,1,664,0
ACC01977,76013.6,71625.59,19,10,19,10,4000.72,7162.56,10289.74,55694.98,1.0,10,19,0.005801,7.394e-05,0,500,0
ACC01978,810970.3,148095.32,20,20,13,20,40548.51,7404.77,98345.0,54668.0,1.25,20,13,0.006601,0.00021983,0,498,1
ACC01979,91104.03,44013.65,21,12,21,12,4338.29,3667.8,19728.39,10328.77,1.1379,12,21,0.006601,0.00012218,0,675,0
ACC01980,89984.89,24658.81,14,11,14,11,6427.49,2241.71,17146.97,5567.6,1.087,11,14,0.005001,0.00013879,0,500,0
ACC01981,105828.13,11094.29,20,5,20,5,5291.41,2218.86,17100.0,5364.45,1.0417,5,20,0.005001,5.184e-05,0,664,0
ACC01982,107326.05,50114.37,16,13,16,13,6707.88,3854.95,53922.32,9644.59,1.0357,13,16,0.005801,0.00013928,1,675,0
ACC01983,87198.46,72430.22,23,11,23,11,3791.24,6584.57,18254.02,44239.0,1.0625,11,23,0.006801,9.647e-05,1,675,1
ACC01984,62805.89,72504.36,17,10,17,10,3694.46,7250.44,12590.9,24567.37,1.125,10,17,0.005401,0.00017066,1,498,0
ACC01985,78617.92,54313.46,16,15,16,15,4913.62,3620.9,26776.64,14969.56,1.0333,15,16,0.006201,0.00012522,1,920,0
ACC01986,195919.0,77432.23,15,16,15,16,13061.27,4839.51,79509.0,18917.96,1.0333,16,15,0.006201,0.00013881,1,498,1
ACC01987,86278.58,73229.56,16,16,16,16,5392.41,4576.85,40732.0,14419.53,1.0,16,16,0.006401,0.00014982,0,920,1
ACC01988,57272.89,108605.02,9,20,9,20,6363.65,5430.25,15201.76,23653.24,1.0357,20,9,0.005801,0.00021887,1,255,0
ACC01989,55966.51,948204.3,6,29,6,21,9327.75,32696.7,18591.66,98502.0,1.2963,21,6,0.005401,0.00050212,0,675,1
ACC01990,79219.67,29902.11,16,9,16,9,4951.23,3322.46,14029.51,6780.79,1.0,9,16,0.005001,7.477e-05,0,990,0
ACC01991,86935.07,119025.05,21,15,21,14,4139.77,7935.0,25160.57,63267.0,1.125,14,21,0.007001,0.00017173,1,990,1
ACC01992,142788.69,110989.53,17,19,17,19,8399.33,5841.55,95000.0,39627.22,1.0,19,17,0.007201,0.00022218,1,498,0
ACC01993,69585.72,183899.85,11,14,11,14,6325.97,13135.7,19372.93,67958.0,1.0,14,11,0.005001,0.00015409,0,498,1
ACC01994,96145.54,141903.75,21,17,21,17,4578.36,8347.28,25394.05,47308.68,1.0,17,21,0.007602,0.00025275,0,920,0
ACC01995,34138.41,135434.79,10,20,10,20,3413.84,6771.74,12218.76,43461.41,1.0,20,10,0.006001,0.0002338,0,498,0
ACC01996,129891.46,64096.73,10,13,10,13,12989.15,4930.52,89907.27,15760.34,1.0455,13,10,0.004601,0.00014311,0,675,0
ACC01997,72286.36,150118.95,12,19,12,19,6023.86,7901.0,14326.57,50228.13,1.0333,19,12,0.006201,0.00026314,1,500,0
ACC01998,48284.25,97057.51,14,18,14,18,3448.88,5392.08,7366.55,26593.16,1.0,18,14,0.006401,0.00019287,0,498,0
ACC01999,82118.8,55159.46,15,19,15,19,5474.59,2903.13,20147.45,8871.22,1.0625,19,15,0.006801,0.00016919,0,675,0
ACC02000,92002.66,41756.3,15,12,15,12,6133.51,3479.69,26992.38,8664.86,1.0,12,15,0.005401,0.00014195,0,500,0
ACC02001,130078.2,87177.12,19,18,19,18,6846.22,4843.17,42345.0,22309.1,1.0,18,19,0.007401,0.00021417,1,990,1
ACC02002,129097.43,88649.15,15,19,15,19,8606.5,4665.74,34706.2,12680.19,1.0968,19,15,0.006801,0.00020815,0,498,0
ACC02003,75420.39,73504.79,14,14,14,14,5387.17,5250.34,20171.09,15065.44,1.037,14,14,0.005601,0.0001443,1,500,0
ACC02004,85530.02,58541.85,14,15,14,15,6109.29,3902.79,29501.95,11597.6,1.0357,15,14,0.005801,0.00013129,0,500,0
ACC02005,77496.06,109698.17,14,19,14,19,5535.43,5773.59,16561.43,27896.68,1.0312,19,14,0.006601,0.00016632,0,920,0
ACC02006,71481.69,38688.8,13,11,13,11,5498.59,3517.16,10328.85,9897.68,1.0,11,13,0.004801,9.988e-05,1,990,0
ACC02007,63956.85,23582.46,14,9,14,9,4568.35,2620.27,13972.43,7467.86,1.0952,9,14,0.004601,6.55e-05,0,990,0
ACC02008,58343.75,48165.2,14,12,14,12,4167.41,4013.77,21156.27,12689.11,1.0,12,14,0.005201,0.00013366,0,920,0
ACC02009,72064.86,82073.86,16,17,16,17,4504.05,4827.87,23629.53,14967.4,1.0,17,16,0.006601,0.00024022,1,990,0
ACC02010,107378.07,102739.1,16,22,16,22,6711.13,4669.96,49450.0,47472.0,1.0857,22,16,0.007602,0.00031867,1,675,1
ACC02011,148655.98,95317.59,22,21,22,21,6757.09,4538.93,56027.94,9809.86,1.0488,21,22,0.008602,0.00018512,1,675,0
ACC02012,151838.48,52731.43,19,12,19,12,7991.5,4394.29,39929.0,10961.91,1.0333,12,19,0.006201,0.00011996,1,990,0
ACC02013,535507.56,73098.04,21,14,21,14,25500.36,5221.29,70478.0,23190.77,1.3462,14,21,0.007001,0.00014965,1,920,1
ACC02014,90022.49,79901.6,16,12,16,12,5626.41,6658.47,38934.72,39745.86,1.12,12,16,0.005601,0.00020851,1,675,1
ACC02015,135849.5,133004.56,17,11,17,11,7991.15,12091.32,61158.86,62407.0,1.2174,11,17,0.005601,0.00020032,1,920,1
ACC02016,91105.53,36418.7,17,13,17,13,5359.15,2801.44,19604.55,13702.79,1.0,13,17,0.006001,8.58e-05,1,498,0
ACC02017,737571.39,136042.92,38,17,38,17,19409.77,8002.52,72719.0,43520.0,1.375,17,38,0.011002,0.00020403,1,498,1
ACC02018,65388.04,88438.84,19,12,19,12,3441.48,7369.9,14819.54,31643.49,1.0333,12,19,0.006201,0.00016592,0,990,0
ACC02019,68356.54,66947.13,17,12,17,12,4020.97,5578.93,16192.65,22823.17,1.0,12,17,0.005801,0.00018227,0,990,0
ACC02020,53562.06,94316.83,13,17,13,17,4120.16,5548.05,10465.57,19973.08,1.0345,17,13,0.006001,0.000226,1,498,0
ACC02021,69523.02,98748.38,16,12,16,12,4345.19,8229.03,12893.29,63201.0,1.037,12,16,0.005601,8.625e-05,0,920,1
ACC02022,103998.75,56733.73,17,13,17,13,6117.57,4364.13,30531.0,15448.8,1.0714,13,17,0.006001,0.00012475,1,675,1
ACC02023,144791.81,128912.39,23,14,23,14,6295.3,9208.03,63256.0,60725.76,1.0571,14,23,0.007401,0.00025294,1,500,1
ACC02024,49432.86,84427.43,12,14,12,14,4119.41,6030.53,9667.65,25009.34,1.04,14,12,0.005201,0.00016928,0,920,0
ACC02025,33052.16,100608.98,11,19,11,19,3004.74,5295.21,9796.66,28813.6,1.0714,19,11,0.006001,0.00019154,1,500,0
ACC02026,84570.73,47781.78,12,11,12,11,7047.56,4343.8,43349.94,14679.07,1.0455,11,12,0.004601,0.00012478,0,675,0
ACC02027,110362.13,53449.35,19,11,19,11,5808.53,4859.03,39163.0,17184.75,1.1111,11,19,0.006001,0.00018452,1,500,1
ACC02028,81646.91,470462.83,13,21,13,21,6280.53,22402.99,32285.3,379451.85,1.0303,21,13,0.006801,0.0007266,1,990,1
ACC02029,136417.88,109360.79,21,19,21,19,6496.09,5755.83,61650.07,22061.2,1.0526,19,21,0.008002,0.00019971,0,255,0
ACC02030,55457.35,450859.48,15,15,15,15,3697.16,30057.3,11037.81,385731.35,1.0714,15,15,0.006001,0.00058345,0,500,1
ACC02031,97522.89,49949.02,16,14,16,14,6095.18,3567.79,23151.44,7716.15,1.0345,14,16,0.006001,0.00012385,1,675,0
ACC02032,120067.14,94622.68,15,19,15,19,8004.48,4980.14,36766.96,18119.26,1.0303,19,15,0.006801,0.00020534,0,990,0
ACC02033,39766.43,99282.93,10,22,10,22,3976.64,4512.86,11906.87,19197.12,1.0323,22,10,0.006401,0.0002027,1,675,0
ACC02034,52175.33,69592.57,17,19,17,19,3069.14,3662.77,9126.09,12744.22,1.0588,19,17,0.007201,0.00016747,1,990,0
ACC02035,70876.1,94823.92,18,16,18,16,3937.56,5926.49,16219.05,23793.55,1.0625,16,18,0.006801,0.00016607,0,500,0
ACC02036,41636.87,72835.89,14,14,14,14,2974.06,5202.56,10991.03,14584.18,1.0769,14,14,0.005601,0.00018505,0,990,0
ACC02037,79713.7,102719.65,20,14,20,14,3985.69,7337.12,10464.61,23988.12,1.0625,14,20,0.006801,0.00021832,1,500,0
ACC02038,73698.29,200479.5,15,23,15,23,4913.22,8716.5,35759.85,43549.0,1.0556,23,15,0.007602,0.00025376,1,920,1
ACC02039,90900.04,68076.6,15,18,15,18,6060.0,3782.03,16153.95,11331.6,1.1,18,15,0.006601,0.00013112,1,498,0
ACC02040,93702.15,76689.72,14,14,14,14,6693.01,5477.84,46962.0,20229.74,1.0769,14,14,0.005601,0.00014018,1,990,1
ACC02041,134248.34,33892.16,19,12,19,12,7065.7,2824.35,36838.73,6228.95,1.0,12,19,0.006201,0.00014262,1,675,0
ACC02042,60659.47,57657.14,13,11,13,11,4666.11,5241.56,11472.16,14218.89,1.0435,11,13,0.004801,9.879e-05,1,990,0
ACC02043,96811.21,39484.79,22,12,22,12,4400.51,3290.4,20229.74,11811.03,1.0,12,22,0.006801,9.178e-05,1,500,0
ACC02044,115782.27,47412.03,18,8,18,8,6432.35,5926.5,39493.0,12787.26,1.0,8,18,0.005201,0.00010577,0,498,1
ACC02045,73132.98,49215.0,17,12,17,12,4301.94,4101.25,20358.17,11018.03,1.0,12,17,0.005801,0.00013362,0,664,0
ACC02046,87510.53,154575.4,22,17,22,17,3977.75,9092.67,17352.67,25184.95,1.0833,17,22,0.007802,0.00025974,0,990,0
ACC02047,628737.14,79637.59,26,18,21,18,24182.2,4424.31,97730.0,16412.73,1.1579,18,21,0.007802,0.00018847,1,664,1
ACC02048,115101.2,92767.66,18,14,18,14,6394.51,6626.26,63051.0,19030.84,1.0667,14,18,0.006401,0.00026526,0,920,1
ACC02049,83515.13,57849.06,16,13,16,13,5219.7,4449.93,22568.48,13820.11,1.0357,13,16,0.005801,0.00017755,1,664,0
ACC02050,141483.39,56963.99,15,17,15,17,9432.23,3350.82,38333.0,13162.87,1.0667,17,15,0.006401,0.00018908,1,990,1
ACC02051,84844.52,97582.31,23,16,23,16,3688.89,6098.89,10437.1,29472.88,1.0541,16,23,0.007802,0.00023277,0,664,0
ACC02052,1200629.77,129499.98,27,24,16,24,44467.77,5395.83,98659.0,18737.91,1.275,24,16,0.008002,0.00024421,1,675,1
ACC02053,49635.6,48430.5,16,17,16,17,3102.22,2848.85,7169.5,8925.31,1.0312,17,16,0.006601,0.00016107,1,675,0
ACC02054,69207.4,60994.03,11,15,11,15,6291.58,4066.27,18369.82,14323.91,1.04,15,11,0.005201,0.00016137,1,498,0
ACC02055,45485.55,57595.65,10,14,10,14,4548.56,4113.98,12845.35,18910.64,1.0,14,10,0.004801,0.00016043,0,498,0
ACC02056,90101.89,146458.96,24,18,24,18,3754.25,8136.61,11860.04,35866.0,1.1053,18,24,0.008402,0.00021107,0,500,1
ACC02057,35917.71,52640.24,15,14,15,14,2394.51,3760.02,5638.09,11817.22,1.0357,14,15,0.005801,0.00011682,0,675,0
ACC02058,79109.38,119746.73,15,19,15,19,5273.96,6302.46,20094.43,21578.92,1.1333,19,15,0.006801,0.00022039,1,990,0
ACC02059,1165035.51,80891.02,33,11,23,11,35304.11,7353.73,96865.0,23928.13,1.375,11,23,0.006801,0.00012791,1,920,1
ACC02060,120253.54,24704.61,18,13,18,13,6680.75,1900.35,59445.22,9810.95,1.069,13,18,0.006201,5.639e-05,0,675,0
ACC02061,44570.44,72267.48,12,15,11,15,3714.2,4817.83,8640.11,22723.59,1.0385,15,11,0.005201,0.0001397,0,498,0
ACC02062,55330.02,111885.61,11,15,11,15,5030.0,7459.04,11314.3,62654.0,1.04,15,11,0.005201,0.00012142,1,990,1
ACC02063,88590.79,51853.15,19,12,19,12,4662.67,4321.1,13154.52,12441.09,1.0333,12,19,0.006201,0.00011425,0,990,0
ACC02064,141089.87,62934.76,26,22,26,22,5426.53,2860.67,42287.31,8273.41,1.0667,22,26,0.009602,0.00016865,1,500,0
ACC02065,108024.37,185599.19,9,19,9,19,12002.71,9768.38,44853.0,45275.11,1.0769,19,9,0.005601,0.00028269,1,920,1
ACC02066,78084.27,97311.54,14,18,14,18,5577.45,5406.2,22277.36,20834.67,1.0667,18,14,0.006401,0.00020658,1,920,0
ACC02067,61664.68,112389.87,12,15,12,15,5138.72,7492.66,27994.52,23184.68,1.0385,15,12,0.005401,0.0002585,1,990,0
ACC02068,94631.77,173968.45,23,27,23,27,4114.42,6443.28,27825.89,35525.5,1.0417,27,23,0.010002,0.00027053,1,664,1
ACC02069,64121.91,129719.0,11,22,11,22,5829.26,5896.32,12234.64,56163.0,1.0312,22,11,0.006601,0.0001727,0,990,1
ACC02070,49736.97,118149.49,13,21,13,21,3825.92,5626.17,19468.44,27671.39,1.0,21,13,0.006801,0.0003076,0,675,0
ACC02071,78558.78,84083.53,19,19,19,19,4134.67,4425.45,29909.95,13746.31,1.027,19,19,0.007602,0.00019635,1,498,0
ACC02072,17253.59,893574.92,5,19,5,19,3450.72,47030.26,8404.15,779010.45,1.0435,19,5,0.004801,0.00092329,0,498,1
ACC02073,101583.21,36593.51,10,8,10,8,10158.32,4574.19,68401.0,11325.22,1.0,8,10,0.003601,0.00010474,0,990,1
ACC02074,106442.49,75829.49,15,13,15,13,7096.17,5833.04,48204.0,22512.21,1.037,13,15,0.005601,0.00014314,1,498,1
ACC02075,85027.15,111722.53,21,24,21,24,4048.91,4655.11,21361.74,16494.93,1.0976,24,21,0.009002,0.00020645,1,498,0
ACC02076,54671.35,35081.34,8,11,8,11,6833.92,3189.21,41125.39,6879.02,1.0,11,8,0.003801,0.00012114,0,990,0
ACC02077,124963.57,166610.12,9,15,9,14,13884.84,11107.34,81361.0,78106.56,1.0435,14,9,0.004601,0.00023873,1,990,1
ACC02078,63200.11,69335.72,20,15,20,15,3160.01,4622.38,12538.61,16259.89,1.0294,15,20,0.007001,0.00019891,0,498,0
ACC02079,43158.96,25751.47,12,13,12,13,3596.58,1980.88,14994.5,4992.88,1.0,13,12,0.005001,7.479e-05,0,498,0
ACC02080,28497.44,169669.36,11,18,11,18,2590.68,9426.08,7848.05,77986.38,1.0,18,11,0.005801,0.00025411,1,920,0
ACC02081,65621.53,174787.0,18,20,18,20,3645.64,8739.35,15326.55,31110.62,1.0,20,18,0.007602,0.00029493,1,498,0
ACC02082,53557.65,78999.56,13,12,13,12,4119.82,6583.3,22579.38,23421.68,1.0,12,13,0.005001,0.00015723,1,255,0
ACC02083,53832.8,65139.6,15,17,15,17,3588.85,3831.74,11035.11,10198.44,1.0667,17,15,0.006401,0.00012522,1,920,0
ACC02084,45136.69,136891.28,11,23,11,23,4103.34,5951.79,11829.16,20896.32,1.0303,23,11,0.006801,0.00027164,1,920,0
ACC02085,77378.55,57886.47,20,12,20,12,3868.93,4823.87,11333.0,13042.45,1.0667,12,20,0.006401,0.00012678,0,920,0
ACC02086,58278.15,82856.97,12,13,12,13,4856.51,6373.61,15753.59,24059.19,1.0,13,12,0.005001,0.00021857,1,664,0
ACC02087,101073.12,95206.48,21,14,21,14,4813.01,6800.46,28922.44,42557.0,1.0938,14,21,0.007001,0.00014429,1,920,1
ACC02088,82924.57,72219.84,19,14,19,14,4364.45,5158.56,21667.72,33176.0,1.0,14,19,0.006601,0.00012179,1,920,1
ACC02089,79624.85,113081.49,16,15,16,15,4976.55,7538.77,10617.61,39264.36,1.069,15,16,0.006201,0.00018446,1,990,0
ACC02090,49627.54,47336.35,14,8,14,8,3544.82,5917.04,10522.28,15948.43,1.0,8,14,0.004401,0.00012423,1,498,0
ACC02091,79341.72,106641.72,16,19,16,19,4958.86,5612.72,12342.04,34063.62,1.0,19,16,0.007001,0.00020163,1,990,0
ACC02092,109224.16,92792.93,16,16,16,16,6826.51,5799.56,39383.0,23712.19,1.0323,16,16,0.006401,0.00019808,0,500,1
ACC02093,58813.15,90569.9,12,23,12,23,4901.1,3937.82,15855.35,18319.88,1.0,23,12,0.007001,0.00015531,1,664,0
ACC02094,127875.84,31603.74,23,8,23,8,5559.82,3950.47,20971.7,11037.81,1.0333,8,23,0.006201,0.0001815,0,920,0
ACC02095,83809.43,85040.35,18,16,18,16,4656.08,5315.02,33589.05,26776.64,1.0,16,18,0.006801,0.00017332,0,675,0
ACC02096,65895.24,47391.9,15,13,15,12,4393.02,3645.53,12843.03,13893.79,1.037,12,15,0.005401,0.000131,1,920,0
ACC02097,55527.92,119190.82,12,14,12,14,4627.33,8513.63,10619.94,23307.81,1.0,14,12,0.005201,0.00023429,1,920,0
ACC02098,80940.04,70274.53,15,18,15,18,5396.0,3904.14,28425.63,9902.39,1.0312,18,15,0.006601,0.00019524,1,498,0
ACC02099,65343.25,87309.24,22,14,22,14,2970.15,6236.37,13824.43,32007.66,1.0286,14,22,0.007201,0.0001777,0,498,0
ACC02100,61247.47,24469.94,17,6,17,6,3602.79,4078.32,10328.92,14924.71,1.0455,6,17,0.004601,9.233e-05,0,664,0
ACC02101,65573.35,103045.35,13,19,13,19,5044.1,5423.44,12198.22,30945.92,1.0667,19,13,0.006401,0.00020715,0,920,0
ACC02102,40756.52,184119.45,7,24,7,24,5822.36,7671.64,12350.82,95000.0,1.1071,24,7,0.006201,0.00028227,0,990,0
ACC02103,124076.01,84974.26,18,16,18,16,6893.11,5310.89,45275.11,26922.26,1.0968,16,18,0.006801,0.00019712,1,920,0
ACC02104,148279.6,161593.82,17,19,17,19,8722.33,8504.94,59400.0,75438.06,1.0909,19,17,0.007201,0.00029295,0,920,1
ACC02105,1937079.28,144580.62,32,20,14,20,60533.73,7229.03,98422.0,40893.6,1.5758,20,14,0.006801,0.00024445,1,990,1
ACC02106,50823.05,55483.62,16,12,16,12,3176.44,4623.64,6222.81,16396.02,1.037,12,16,0.005601,7.947e-05,1,500,0
ACC02107,45312.47,73634.93,14,15,14,15,3236.61,4909.0,14792.84,19339.05,1.0357,15,14,0.005801,0.0001689,0,920,0
ACC02108,169709.69,152314.87,18,27,18,26,9428.32,5641.29,69054.0,37858.56,1.2857,26,18,0.008802,0.00028871,1,498,1
ACC02109,35704.27,841031.37,11,13,11,13,3245.84,64694.72,10765.43,770382.55,1.0,13,11,0.004801,0.00113262,1,664,1
ACC02110,65535.58,58029.65,12,17,12,17,5461.3,3413.51,16295.94,10677.86,1.0,17,12,0.005801,0.000168,0,498,0
ACC02111,207624.65,109810.91,17,19,17,19,12213.21,5779.52,70023.0,36706.0,1.0,19,17,0.007201,0.00020803,1,498,1
ACC02112,42784.57,89146.99,14,15,14,15,3056.04,5943.13,7739.05,27782.09,1.0357,15,14,0.005801,0.00015212,0,675,0
ACC02113,49145.62,43102.79,14,12,14,12,3510.4,3591.9,9084.98,9197.67,1.04,12,14,0.005201,0.00012864,0,990,0
ACC02114,70468.99,67944.55,13,19,13,19,5420.69,3576.03,14999.8,15118.5,1.0323,19,13,0.006401,0.00017464,1,990,0
ACC02115,50319.67,121522.76,14,18,14,18,3594.26,6751.26,11465.02,43434.0,1.0323,18,14,0.006401,0.00017729,1,675,1
ACC02116,119548.34,75566.73,14,22,14,22,8539.17,3434.85,84876.0,11251.96,1.125,22,14,0.007201,0.000187,0,498,1
ACC02117,44124.27,112340.76,10,19,10,19,4412.43,5912.67,6953.15,31297.36,1.0,19,10,0.005801,0.00035812,0,920,0
ACC02118,49557.79,76171.36,15,10,15,10,3303.85,7617.14,14519.29,32205.05,1.0,10,15,0.005001,0.00016121,1,664,0
ACC02119,52435.6,48770.1,16,17,16,17,3277.22,2868.83,13116.4,10224.88,1.0312,17,16,0.006601,0.00014205,1,920,0
ACC02120,58466.24,75048.6,12,18,12,18,4872.19,4169.37,13080.75,13352.68,1.0345,18,12,0.006001,0.00018353,1,990,0
ACC02121,21013.1,104846.14,7,19,7,19,3001.87,5518.22,8342.56,23921.19,1.0,19,7,0.005201,0.00022698,1,498,0
ACC02122,131189.81,45326.67,20,12,20,12,6559.49,3777.22,30536.91,8984.79,1.0323,12,20,0.006401,9.668e-05,0,990,0
ACC02123,73687.72,106202.52,16,18,16,18,4605.48,5900.14,20643.43,33046.79,1.0,18,16,0.006801,0.00029232,0,255,0
ACC02124,94392.7,51129.69,13,17,13,17,7260.98,3007.63,16694.24,10520.77,1.0,17,13,0.006001,0.00014624,1,664,0
ACC02125,138716.16,58847.91,16,13,16,13,8669.76,4526.76,50773.0,12008.75,1.0,13,16,0.005801,0.00015578,0,990,1
ACC02126,146462.34,45778.35,16,12,16,12,9153.9,3814.86,71005.0,17888.82,1.12,12,16,0.005601,9.314e-05,1,498,1
ACC02127,729296.09,67413.97,16,13,10,13,45581.01,5185.69,97214.0,13729.58,1.2609,13,10,0.004601,0.00016355,0,990,1
ACC02128,90463.67,76895.9,14,21,14,21,6461.69,3661.71,25819.53,15912.49,1.0606,21,14,0.007001,0.00024086,1,500,0
ACC02129,95644.69,159357.66,19,16,19,16,5033.93,9959.85,17517.53,79838.51,1.0606,16,19,0.007001,0.00019167,0,920,1
ACC02130,41763.92,63163.76,10,18,10,18,4176.39,3509.1,11180.84,8761.39,1.0769,18,10,0.005601,0.00017111,1,675,0
ACC02131,30709.96,80066.66,13,15,13,15,2362.3,5337.78,5146.12,17226.17,1.0,15,13,0.005601,0.00018429,0,664,0
ACC02132,127448.98,36468.95,16,16,16,16,7965.56,2279.31,66939.0,6455.27,1.0323,16,16,0.006401,0.00010633,1,500,1
ACC02133,29677.18,38658.5,6,13,6,13,4946.2,2973.73,19717.83,7623.1,1.0,13,6,0.003801,0.00010172,0,255,0
ACC02134,60430.03,49194.12,19,9,19,9,3180.53,5466.01,9381.79,13645.36,1.0,9,19,0.005601,0.00014842,1,675,0
ACC02135,58236.11,45894.2,12,15,12,15,4853.01,3059.61,23198.04,10757.25,1.08,15,12,0.005401,0.00011957,1,498,0
ACC02136,94712.12,128985.03,16,20,16,20,5919.51,6449.25,30171.67,26299.9,1.0286,20,16,0.007201,0.00023485,1,664,0
ACC02137,27423.31,1085900.68,7,23,7,13,3917.62,47213.07,5851.22,96904.0,1.7647,13,7,0.004001,0.00024985,0,990,1
ACC02138,111380.66,75338.96,21,16,21,16,5303.84,4708.69,23589.28,18922.54,1.0571,16,21,0.007401,0.00015458,1,990,0
ACC02139,56169.49,141081.76,14,18,14,18,4012.11,7837.88,14034.64,58680.02,1.0,18,14,0.006401,0.00021006,1,500,0
ACC02140,60914.62,73936.15,13,15,13,15,4685.74,4929.08,23002.47,17769.87,1.0,15,13,0.005601,0.00015851,1,990,0
ACC02141,60529.32,53005.32,17,17,17,17,3560.55,3117.96,9076.79,6511.71,1.0968,17,17,0.006801,0.00011782,0,255,0
ACC02142,75659.39,44213.01,14,9,14,9,5404.24,4912.56,16901.53,12621.75,1.0455,9,14,0.004601,8.937e-05,0,664,0
ACC02143,103100.91,47976.21,17,9,17,9,6064.76,5330.69,28895.75,15933.67,1.04,9,17,0.005201,0.00010251,0,498,0
ACC02144,66873.11,52539.61,16,15,16,15,4179.57,3502.64,16050.45,12222.88,1.069,15,16,0.006201,0.00012838,1,920,0
ACC02145,89123.63,25045.04,16,11,16,11,5570.23,2276.82,29324.2,9770.02,1.0385,11,16,0.005401,7.353e-05,0,500,0
ACC02146,114468.12,79379.56,19,15,19,15,6024.64,5291.97,37591.47,18443.43,1.0303,15,19,0.006801,0.0001746,1,920,0
ACC02147,147094.88,17177.01,19,6,19,6,7741.84,2862.83,61102.0,6617.63,1.087,6,19,0.005001,4.849e-05,0,500,1
ACC02148,101629.4,96697.77,19,21,19,21,5348.92,4604.66,13031.62,13284.95,1.0256,21,19,0.008002,0.00019432,1,500,0
ACC02149,33625.11,101155.49,8,23,8,23,4203.14,4398.06,10919.93,19675.49,1.0333,23,8,0.006201,0.00020906,1,664,0
ACC02150,49895.06,65996.25,11,19,11,19,4535.91,3473.49,15871.12,12914.98,1.0714,19,11,0.006001,0.000169,1,664,0
ACC02151,63448.35,66281.36,14,16,14,16,4532.02,4142.59,23677.42,14673.14,1.0345,16,14,0.006001,0.00018395,0,498,0
ACC02152,140814.68,75409.73,21,12,21,12,6705.46,6284.14,37691.51,18451.9,1.0312,12,21,0.006601,0.00016734,0,500,0
ACC02153,423701.64,97332.46,20,18,20,18,21185.08,5407.36,69487.0,32900.0,1.2667,18,20,0.007602,0.00017849,0,664,1
ACC02154,235197.69,69017.1,20,17,20,17,11759.88,4059.83,81063.0,14468.33,1.0278,17,20,0.007401,0.00018874,0,664,1
ACC02155,80829.08,99854.35,11,23,11,23,7348.1,4341.49,23921.19,15467.6,1.0968,23,11,0.006801,0.00025624,1,255,0
ACC02156,187847.47,259602.95,17,19,17,19,11049.85,13663.31,77567.98,79151.0,1.0588,19,17,0.007201,0.00040745,1,675,1
ACC02157,108510.2,147011.52,12,18,12,18,9042.52,8167.31,32553.76,56634.0,1.0714,18,12,0.006001,0.00021055,1,500,1
ACC02158,718254.35,79906.9,25,24,19,24,28730.17,3329.45,98436.0,8778.39,1.1951,24,19,0.008602,0.0001595,1,990,1
ACC02159,101358.23,113999.38,16,20,16,20,6334.89,5699.97,55895.0,35105.55,1.0286,20,16,0.007201,0.00018955,1,498,1
ACC02160,43140.95,50366.0,14,13,14,13,3081.5,3874.31,6457.86,16641.36,1.0385,13,14,0.005401,0.00012411,0,498,0
ACC02161,196145.56,88150.15,17,16,17,16,11537.97,5509.38,50838.64,26398.93,1.0,16,17,0.006601,0.00018889,0,990,1
ACC02162,197539.78,63901.09,23,14,23,14,8588.69,4564.36,83916.0,19974.38,1.0882,14,23,0.007401,0.00011521,1,498,1
ACC02163,54579.45,186570.71,12,17,12,17,4548.29,10974.75,15989.71,64301.4,1.1154,17,12,0.005801,0.00042602,0,920,0
ACC02164,97370.97,97731.38,15,14,15,14,6491.4,6980.81,33092.29,21020.62,1.0,14,15,0.005801,0.00025743,0,498,0
ACC02165,110849.54,66580.11,19,16,19,16,5834.19,4161.26,28716.16,15883.73,1.0,16,19,0.007001,0.00012833,1,500,0
ACC02166,58912.4,72661.27,15,19,15,19,3927.49,3824.28,9141.66,11693.01,1.0,19,15,0.006801,0.00015504,1,920,0
ACC02167,61609.15,931781.11,13,26,13,18,4739.17,35837.74,13346.98,97867.0,1.3448,18,13,0.006201,0.00030847,0,990,1
ACC02168,89087.99,79171.79,11,21,11,21,8098.91,3770.09,24721.07,14329.86,1.0323,21,11,0.006401,0.00023059,1,920,0
ACC02169,280188.32,217969.34,23,11,23,11,12182.1,19815.39,86930.9,95000.0,1.1333,11,23,0.006801,0.00074008,1,255,1
ACC02170,89999.92,149252.18,19,24,19,24,4736.84,6218.84,13771.2,39079.75,1.0488,24,19,0.008602,0.00028773,1,675,0
ACC02171,97009.76,69971.1,17,14,17,14,5706.46,4997.94,20992.68,10221.76,1.0,14,17,0.006201,0.00032125,0,500,0
ACC02172,102817.65,41687.18,14,11,14,11,7344.12,3789.74,29148.02,9407.6,1.0,11,14,0.005001,0.00013176,0,500,0
ACC02173,58145.17,112519.06,12,19,12,19,4845.43,5922.06,16968.94,20730.6,1.069,19,12,0.006201,0.00027051,1,990,0
ACC02174,74258.36,72501.9,15,16,15,16,4950.56,4531.37,15717.01,15378.05,1.0333,16,15,0.006201,0.00012243,1,920,0
ACC02175,59203.0,120808.64,18,14,18,14,3289.06,8629.19,10886.83,46583.78,1.0323,14,18,0.006401,0.00017852,1,990,0
ACC02176,69226.16,107501.28,20,20,20,20,3461.31,5375.06,15533.21,40252.77,1.0526,20,20,0.008002,0.00021443,1,498,0
ACC02177,78188.45,97618.01,18,15,18,15,4343.8,6507.87,12340.16,57628.0,1.0,15,18,0.006601,0.00012829,1,500,1
ACC02178,120522.91,774590.65,19,13,19,13,6343.31,59583.9,40387.0,708420.7,1.0,13,19,0.006401,0.00092044,1,990,1
ACC02179,159527.19,81896.99,27,19,27,19,5908.41,4310.37,25546.08,18200.95,1.0222,19,27,0.009202,0.00022485,1,990,0
ACC02180,60654.8,54753.52,9,17,9,17,6739.42,3220.8,22741.6,9742.54,1.0833,17,9,0.005201,0.00011153,1,498,0
ACC02181,62992.78,62213.9,16,18,16,18,3937.05,3456.33,10754.97,7350.68,1.0303,18,16,0.006801,0.00015908,0,500,0
ACC02182,92154.49,68340.59,20,13,20,13,4607.72,5256.97,36472.61,11483.81,1.0312,13,20,0.006601,0.00014945,1,500,0
ACC02183,22264.36,41871.7,11,12,11,12,2024.03,3489.31,4647.78,13551.43,1.0,12,11,0.004601,9.057e-05,1,664,0
ACC02184,49880.35,37591.58,15,13,15,13,3325.36,2891.66,13266.58,5334.94,1.0,13,15,0.005601,0.00011049,1,255,0
ACC02185,46871.82,58182.18,13,15,13,15,3605.52,3878.81,9038.43,10207.95,1.037,15,13,0.005601,0.00013813,0,990,0
ACC02186,37394.13,54320.88,13,16,13,16,2876.47,3395.05,8024.86,19763.27,1.0357,16,13,0.005801,0.00011406,0,920,0
ACC02187,98362.49,73312.34,22,17,22,17,4471.02,4312.49,13633.4,31835.41,1.0541,17,22,0.007802,0.00018128,1,498,0
ACC02188,100327.65,36823.2,20,12,20,12,5016.38,3068.6,21183.18,11251.93,1.1034,12,20,0.006401,0.00011874,1,500,0
ACC02189,31957.24,73832.42,10,17,10,17,3195.72,4343.08,6446.06,13266.97,1.08,17,10,0.005401,0.00018989,0,990,0
ACC02190,54678.4,126019.39,10,13,10,13,5467.84,9693.8,10484.08,51630.0,1.0455,13,10,0.004601,0.00019733,0,920,1
ACC02191,25925.95,109012.79,9,18,9,18,2880.66,6056.27,6228.95,23407.85,1.0,18,9,0.005401,0.00020349,0,675,0
ACC02192,97966.67,471965.79,17,11,17,11,5762.75,42905.98,21451.22,418869.25,1.037,11,17,0.005601,0.00053575,0,990,1
ACC02193,27516.14,39842.38,11,14,11,14,2501.47,2845.88,5623.57,9262.3,1.0417,14,11,0.005001,0.00010692,1,675,0
ACC02194,91473.25,77854.24,16,20,16,20,5717.08,3892.71,24512.54,11409.25,1.0909,20,16,0.007201,0.00015799,0,675,0
ACC02195,52886.15,58420.92,16,15,16,15,3305.38,3894.73,15195.13,10838.78,1.069,15,16,0.006201,0.00014911,1,498,0
ACC02196,70358.61,47701.43,16,9,16,9,4397.41,5300.16,18052.6,15823.43,1.1364,9,16,0.005001,0.0001064,0,990,0
ACC02197,841982.08,73007.87,23,19,16,19,36607.92,3842.52,98518.0,16881.51,1.2727,19,16,0.007001,0.00015213,1,990,1
ACC02198,59532.52,58258.61,13,16,13,16,4579.42,3641.16,8546.78,14989.27,1.0,16,13,0.005801,0.00016912,0,498,0
ACC02199,656841.76,63037.53,28,15,23,15,23458.63,4202.5,98843.0,11985.56,1.1622,15,23,0.007602,0.00015532,0,664,1
ACC02200,656967.14,688981.55,18,29,18,29,36498.17,23757.98,579934.15,68380.0,1.4242,29,18,0.009402,0.00078984,1,500,1
ACC02201,78682.08,88263.78,18,18,18,18,4371.23,4903.54,17061.57,17975.29,1.0909,18,18,0.007201,0.00023499,0,990,0
ACC02202,133200.87,84124.27,18,16,18,16,7400.05,5257.77,56968.0,21469.17,1.0,16,18,0.006801,0.00022916,0,920,1
ACC02203,81121.31,59280.41,22,18,22,18,3687.33,3293.36,12289.78,8441.91,1.0526,18,22,0.008002,0.0001596,1,664,0
ACC02204,68545.98,74596.84,13,14,13,14,5272.77,5328.35,34449.0,36032.77,1.0,14,13,0.005401,0.00016904,0,920,1
ACC02205,500192.16,150963.62,24,19,24,19,20841.34,7945.45,76080.0,62580.0,1.3438,19,24,0.008602,0.00034239,1,500,1
ACC02206,98172.07,46470.17,13,10,13,10,7551.7,4647.02,27916.44,14016.54,1.0,10,13,0.004601,9.073e-05,0,990,0
ACC02207,1057529.27,107644.27,24,20,15,20,44063.72,5382.21,98586.0,24639.09,1.2941,20,15,0.007001,0.00015299,1,675,1
ACC02208,121779.36,75993.8,18,16,18,16,6765.52,4749.61,39328.68,32885.4,1.0303,16,18,0.006801,0.00014172,0,990,0
ACC02209,76539.67,75574.73,18,15,18,14,4252.2,5038.32,11815.66,14461.03,1.1,14,18,0.006401,0.00016397,0,920,0
ACC02210,98481.3,125199.23,17,15,17,15,5793.02,8346.62,12470.89,28263.51,1.0,15,17,0.006401,0.0001993,1,990,1
ACC02211,81474.1,89441.02,16,18,16,18,5092.13,4968.95,24441.42,36421.06,1.0,18,16,0.006801,0.00022377,1,675,0
ACC02212,94102.24,34468.12,18,8,18,8,5227.9,4308.52,36039.0,12108.39,1.04,8,18,0.005201,8.742e-05,0,664,1
ACC02213,121170.79,48861.28,19,13,19,13,6377.41,3758.56,55815.0,15578.32,1.1034,13,19,0.006401,0.00011782,1,920,1
ACC02214,43031.37,110764.25,15,14,15,14,2868.76,7911.73,6355.09,39328.68,1.0,14,15,0.005801,0.00019607,0,498,0
ACC02215,85396.03,81839.53,23,16,23,16,3712.87,5114.97,11451.44,32219.47,1.1818,16,23,0.007802,0.00016231,1,990,0
ACC02216,168926.15,54317.53,15,11,15,11,11261.74,4937.96,53552.0,20368.0,1.0,11,15,0.005201,0.00016382,1,500,1
ACC02217,126721.94,82613.46,16,13,16,13,7920.12,6354.88,45176.78,23997.43,1.0,13,16,0.005801,0.0001754,1,500,0
ACC02218,116743.39,53150.04,22,19,22,19,5306.52,2797.37,13928.8,10544.66,1.1081,19,22,0.008202,0.00013617,0,990,0
ACC02219,56479.51,126754.53,15,16,15,16,3765.3,7922.16,15529.88,40284.1,1.0333,16,15,0.006201,0.00019275,0,498,0
ACC02220,95128.64,94540.46,20,13,20,13,4756.43,7272.34,9834.11,27448.0,1.0312,13,20,0.006601,0.00015026,1,255,1
ACC02221,109191.01,35806.83,15,13,15,13,7279.4,2754.37,69650.0,10244.1,1.037,13,15,0.005601,0.00012626,1,664,1
ACC02222,34619.54,75646.95,11,15,11,15,3147.23,5043.13,7485.22,40050.88,1.0833,15,11,0.005201,0.00018969,0,920,0
ACC02223,43762.74,52031.72,9,16,9,16,4862.53,3251.98,10754.65,12077.48,1.0,16,9,0.005001,0.00014287,1,675,0
ACC02224,81354.9,74536.78,20,15,20,15,4067.74,4969.12,13043.45,28428.75,1.0294,15,20,0.007001,0.00021849,1,498,0
ACC02225,39086.18,44068.8,14,19,14,19,2791.87,2319.41,7959.94,6714.56,1.0312,19,14,0.006601,0.00010101,1,664,0
ACC02226,116527.0,104146.35,20,15,20,15,5826.35,6943.09,23278.19,26035.0,1.0,15,20,0.007001,0.00023877,1,920,1
ACC02227,42596.59,73064.26,12,17,12,17,3549.72,4297.9,8479.95,9775.08,1.0,17,12,0.005801,0.00015053,1,920,0
ACC02228,31832.1,118634.36,8,13,8,13,3979.01,9125.72,9143.68,61895.0,1.0,13,8,0.004201,0.00013181,1,664,1
ACC02229,75125.29,44188.36,22,11,22,11,3414.79,4017.12,11041.81,13080.75,1.0312,11,22,0.006601,0.00010829,1,990,0
ACC02230,116962.62,79385.56,26,17,26,17,4498.56,4669.74,29763.37,11938.2,1.0238,17,26,0.008602,0.00018618,1,675,0
ACC02231,71911.16,152133.98,17,14,17,14,4230.07,10866.71,10929.54,69675.0,1.069,14,17,0.006201,0.0001374,1,664,1
ACC02232,70745.57,744117.39,19,22,19,16,3723.45,33823.52,8327.52,98875.0,1.2812,16,19,0.007001,0.00036461,1,990,1
ACC02233,60083.55,143896.76,8,21,8,21,7510.44,6852.23,22992.99,28560.73,1.0357,21,8,0.005801,0.00035818,1,990,0
ACC02234,156532.2,211110.62,22,23,21,23,7115.1,9178.72,80613.12,82292.56,1.0976,23,21,0.008802,0.00036856,1,498,1
ACC02235,18095.52,66326.97,7,13,7,13,2585.07,5102.07,6471.15,26522.02,1.1765,13,7,0.004001,0.00013083,0,255,0
ACC02236,54148.86,86269.45,17,15,17,15,3185.23,5751.3,10885.08,24859.46,1.0323,15,17,0.006401,0.00018142,1,990,0
ACC02237,52288.26,95325.18,13,20,13,20,4022.17,4766.26,12273.58,8375.17,1.0645,20,13,0.006601,0.00016978,1,498,0
ACC02238,66736.8,63017.84,17,9,17,9,3925.69,7001.98,18010.77,28745.26,1.04,9,17,0.005201,0.00013318,0,664,0
ACC02239,101852.04,96209.43,19,22,19,22,5360.63,4373.16,15455.98,21222.37,1.025,22,19,0.008202,0.00018474,1,500,0
ACC02240,71193.01,93258.76,18,13,18,13,3955.17,7173.75,17105.04,31806.13,1.069,13,18,0.006201,0.00021544,1,498,0
ACC02241,69614.58,92113.27,15,20,15,20,4640.97,4605.66,26889.0,17661.13,1.0294,20,15,0.007001,0.00022115,1,664,1
ACC02242,41483.26,38483.61,15,7,15,7,2765.55,5497.66,13509.4,13184.9,1.0,7,15,0.004401,0.00010578,0,990,0
ACC02243,1007923.27,20475.09,23,9,14,9,43822.75,2275.01,97585.0,6565.5,1.4545,9,14,0.004601,7.077e-05,0,255,1
ACC02244,81650.92,75057.36,18,22,18,22,4536.16,3411.7,13521.51,10561.54,1.0256,22,18,0.008002,0.00018095,1,920,0
ACC02245,67278.95,83085.46,13,19,13,19,5175.3,4372.92,17246.09,18414.37,1.0323,19,13,0.006401,0.00022322,0,990,0
ACC02246,124846.35,118971.08,16,16,16,16,7802.9,7435.69,71150.0,37621.0,1.0,16,16,0.006401,0.00015086,1,498,1
ACC02247,33583.86,133065.22,10,18,10,18,3358.39,7392.51,6854.54,63617.0,1.0,18,10,0.005601,0.00015515,0,664,1
ACC02248,124080.26,100129.64,19,11,19,11,6530.54,9102.69,45739.1,23958.33,1.0345,11,19,0.006001,0.00020557,1,920,0
ACC02249,36680.46,129814.17,13,16,13,16,2821.57,8113.39,6270.75,35023.38,1.0357,16,13,0.005801,0.00020659,1,675,0
ACC02250,67047.56,65175.0,15,13,15,13,4469.84,5013.46,9208.53,15551.53,1.037,13,15,0.005601,0.00016454,0,990,0
ACC02251,38334.91,153554.95,11,13,11,13,3484.99,11811.92,7877.19,60500.66,1.0435,13,11,0.004801,0.00028698,1,664,0
ACC02252,39765.81,61696.53,12,16,12,16,3313.82,3856.03,10780.57,12473.56,1.12,16,12,0.005601,0.00011435,0,498,0
ACC02253,50009.06,56518.16,16,13,16,13,3125.57,4347.55,10221.86,19466.78,1.1154,13,16,0.005801,0.00016928,0,920,0
ACC02254,60462.26,54887.8,19,13,19,13,3182.22,4222.14,10027.86,10181.5,1.0,13,19,0.006401,0.0001367,1,990,0
ACC02255,50057.02,49052.24,16,17,16,17,3128.56,2885.43,7234.23,7986.16,1.0312,17,16,0.006601,0.00012632,1,664,0
ACC02256,78171.43,52694.4,15,13,15,13,5211.43,4053.42,17574.88,9105.93,1.0769,13,15,0.005601,0.00011407,0,920,0
ACC02257,68152.0,91546.76,19,21,19,21,3586.95,4359.37,12753.16,20702.29,1.0,21,19,0.008002,0.00019779,1,498,0
ACC02258,65826.68,65273.8,16,17,16,17,4114.17,3839.64,20090.67,12071.24,1.0645,17,16,0.006601,0.00012254,0,500,0
ACC02259,47326.67,61943.88,12,14,12,14,3943.89,4424.56,9980.68,16186.22,1.0,14,12,0.005201,0.00011905,0,664,0
ACC02260,134362.81,124595.24,15,19,15,19,8957.52,6557.64,57467.0,42367.0,1.0968,19,15,0.006801,0.00026137,1,664,1
ACC02261,914205.04,870302.03,17,28,17,28,53776.77,31082.22,770395.85,88650.0,1.5,28,17,0.009002,0.00107584,1,990,1
ACC02262,105305.49,74813.22,17,17,17,17,6194.44,4400.78,24061.65,16494.39,1.0625,17,17,0.006801,0.00016431,1,664,0
ACC02263,50121.3,136548.15,7,18,7,18,7160.19,7586.01,35781.63,54634.0,1.0,18,7,0.005001,0.00021352,1,498,1
ACC02264,99323.95,65635.36,15,18,15,18,6621.6,3646.41,33384.59,10312.73,1.0,18,15,0.006601,0.00017941,1,498,0
ACC02265,104669.03,66224.76,12,18,12,17,8722.42,3679.15,55044.12,9967.24,1.1111,17,12,0.005801,0.00014285,1,920,0
ACC02266,30461.56,68433.18,11,13,11,13,2769.23,5264.09,8688.64,13397.55,1.0,13,11,0.004801,0.00013267,0,664,0
ACC02267,101881.64,110327.96,20,17,20,17,5094.08,6489.88,13497.86,14003.09,1.0278,17,20,0.007401,0.00021586,0,500,0
ACC02268,69649.61,79274.39,11,18,11,18,6331.78,4404.13,30295.13,20642.8,1.0357,18,11,0.005801,0.00015231,0,498,0
ACC02269,73272.53,52910.47,16,13,16,13,4579.53,4070.04,35348.72,16164.99,1.0,13,16,0.005801,0.00017979,0,920,0
ACC02270,66820.14,69727.94,15,12,15,12,4454.68,5810.66,21217.98,16752.75,1.0,12,15,0.005401,0.00014127,1,920,0
ACC02271,54842.58,126008.38,17,18,17,17,3226.03,7000.47,8363.42,55389.0,1.0294,17,17,0.006801,0.00020979,0,990,1
ACC02272,101659.92,96800.02,13,20,13,20,7819.99,4840.0,32972.05,15649.78,1.0645,20,13,0.006601,0.00021258,0,255,0
ACC02273,143960.29,111992.27,16,14,16,14,8997.52,7999.45,44732.41,36062.16,1.0345,14,16,0.006001,0.00014491,0,920,1
ACC02274,66397.09,86939.45,16,13,16,13,4149.82,6687.65,17041.1,40411.08,1.0741,13,16,0.005801,0.00016957,0,498,0
ACC02275,28896.47,43849.27,9,14,9,14,3210.72,3132.09,7480.1,11043.94,1.0,14,9,0.004601,0.00013748,1,920,0
ACC02276,206781.83,135161.52,21,24,21,24,9846.75,5631.73,66593.0,21674.85,1.0976,24,21,0.009002,0.00027947,1,920,1
ACC02277,162997.58,56484.02,17,15,17,15,9588.09,3765.6,66131.0,17419.37,1.0,15,17,0.006401,0.00015467,1,500,1
ACC02278,48315.21,41269.91,12,18,12,18,4026.27,2292.77,15468.35,5666.92,1.0345,18,12,0.006001,0.00011013,1,675,0
ACC02279,239526.79,118756.59,18,11,18,11,13307.04,10796.05,75385.0,72369.6,1.0741,11,18,0.005801,0.00023909,1,990,1
ACC02280,90704.49,91695.14,14,16,14,16,6478.89,5730.95,35102.54,22925.01,1.0,16,14,0.006001,0.00017481,0,990,0
ACC02281,177289.59,105685.26,22,20,22,20,8058.62,5284.26,52160.35,12980.07,1.0244,20,22,0.008402,0.00017345,1,664,1
ACC02282,68379.79,105266.57,16,20,16,20,4273.74,5263.33,16545.31,23715.46,1.0286,20,16,0.007201,0.00021249,1,920,0
ACC02283,48068.66,113187.06,15,16,15,16,3204.58,7074.19,8447.83,42455.04,1.0333,16,15,0.006201,0.00017922,0,664,0
ACC02284,110323.37,51793.46,20,13,20,13,5516.17,3984.11,36244.71,10436.43,1.0645,13,20,0.006601,0.00016339,1,675,0
ACC02285,35444.41,96561.06,10,19,10,19,3544.44,5082.16,9258.97,17066.31,1.0,19,10,0.005801,0.00021313,0,664,0
ACC02286,131464.95,59726.99,13,12,13,12,10112.69,4977.25,37990.28,23442.75,1.0417,12,13,0.005001,0.00018474,0,920,0
ACC02287,49020.51,135607.83,14,20,14,20,3501.47,6780.39,12695.0,26881.41,1.0625,20,14,0.006801,0.00025906,1,920,0
ACC02288,51851.99,86234.06,9,16,9,16,5761.33,5389.63,15965.5,12700.72,1.0417,16,9,0.005001,0.00018206,0,920,0
ACC02289,120526.22,108975.2,22,19,22,19,5478.46,5735.54,22948.98,16806.82,1.0513,19,22,0.008202,0.00019188,0,500,0
ACC02290,113348.84,31021.02,14,11,14,11,8096.35,2820.09,27812.49,7640.74,1.087,11,14,0.005001,0.00010903,0,920,0
ACC02291,115377.48,61009.01,20,18,20,18,5768.87,3389.39,20305.09,11869.22,1.1176,18,20,0.007602,0.00015406,1,664,0
ACC02292,66172.54,130614.58,15,20,15,20,4411.5,6530.73,16440.34,26287.22,1.0606,20,15,0.007001,0.0002901,1,920,0
ACC02293,56138.52,34757.44,17,10,17,10,3302.27,3475.74,10765.53,11412.64,1.0385,10,17,0.005401,8.776e-05,0,664,0
ACC02294,109993.5,42952.34,18,14,18,14,6110.75,3068.02,20492.84,5341.4,1.0,14,18,0.006401,0.00011704,1,500,0
ACC02295,83812.81,620594.58,14,21,14,16,5986.63,29552.12,36248.0,97730.0,1.1667,16,14,0.006001,0.00026583,1,498,1
ACC02296,152852.72,116822.83,14,17,14,17,10918.05,6871.93,67260.0,40936.0,1.069,17,14,0.006201,0.00024385,1,664,1
ACC02297,63178.46,624779.42,20,22,19,22,3158.92,28399.06,18860.14,526338.95,1.0244,22,19,0.008202,0.00068967,0,920,1
ACC02298,48077.68,56662.02,13,15,13,15,3698.28,3777.47,8730.08,16246.17,1.037,15,13,0.005601,0.0001295,1,500,0
ACC02299,94005.61,140332.09,15,15,15,15,6267.04,9355.47,17788.2,39711.25,1.0345,15,15,0.006001,0.0001923,0,675,1
ACC02300,46278.2,79572.62,13,15,13,15,3559.86,5304.84,8754.62,29100.69,1.0,15,13,0.005601,0.00019137,1,498,0
ACC02301,85335.38,193125.9,23,21,22,21,3710.23,9196.47,17041.89,68107.0,1.0476,21,22,0.008602,0.00034466,1,664,1
ACC02302,51887.75,63047.18,16,16,16,16,3242.98,3940.45,7259.44,12668.96,1.0323,16,16,0.006401,0.00012737,1,990,0
ACC02303,92728.19,55091.69,17,16,17,16,5454.6,3443.23,16339.24,10209.34,1.0,16,17,0.006601,0.00014849,0,990,0
ACC02304,180115.19,153333.32,21,18,21,18,8576.91,8518.52,38025.6,38817.8,1.0541,18,21,0.007802,0.00027219,1,920,1
ACC02305,40367.8,106408.88,13,18,13,18,3105.22,5911.6,9630.57,25784.15,1.0,18,13,0.006201,0.00019042,1,498,0
ACC02306,89412.71,76274.83,19,13,19,13,4705.93,5867.29,18295.24,40731.0,1.0,13,19,0.006401,6.433e-05,1,675,1
ACC02307,104895.34,248720.94,18,23,18,23,5827.52,10813.95,18443.43,57610.0,1.025,23,18,0.008202,0.00031087,0,675,1
ACC02308,75151.34,75478.12,18,14,18,14,4175.07,5391.29,15151.81,14253.32,1.1034,14,18,0.006401,0.00018031,1,498,0
ACC02309,89535.16,568504.34,18,17,18,17,4974.18,33441.43,12668.08,483440.75,1.0294,17,18,0.007001,0.00063021,0,920,1
ACC02310,90641.66,126410.35,21,22,21,22,4316.27,5745.92,13333.19,40181.49,1.0488,22,21,0.008602,0.00034166,0,255,0
ACC02311,104542.73,109285.81,19,16,19,16,5502.25,6830.36,40380.0,26550.42,1.129,16,19,0.007001,0.00023369,0,664,1
ACC02312,110243.89,71076.17,23,15,23,15,4793.21,4738.41,19134.42,36980.98,1.0556,15,23,0.007602,0.00027196,1,664,0
ACC02313,129795.66,105951.16,18,21,18,21,7210.87,5045.29,42455.04,24687.52,1.0541,21,18,0.007802,0.00024952,0,675,0
ACC02314,320376.67,128041.12,28,19,28,19,11442.02,6739.01,80700.0,44530.56,1.093,19,28,0.009402,0.00031778,1,500,1
ACC02315,126907.6,141187.18,20,20,20,20,6345.38,7059.36,41258.88,42118.44,1.0526,20,20,0.008002,0.00037008,1,675,1
ACC02316,17173.05,1089052.54,7,25,7,15,2453.29,43562.1,4666.8,98907.0,1.5238,15,7,0.004401,0.00025275,0,664,1
ACC02317,57664.43,54533.09,16,11,16,11,3604.03,4957.55,14494.36,15669.18,1.0,11,16,0.005401,0.00013185,1,498,0
ACC02318,79273.37,56927.0,17,19,16,19,4663.14,2996.16,19031.18,7185.68,1.0,19,16,0.007001,0.00015854,1,498,0
ACC02319,68153.0,441627.39,21,21,21,21,3245.38,21029.88,8159.54,332970.25,1.05,21,21,0.008402,0.00062029,1,498,1
ACC02320,101345.73,65411.05,29,17,29,16,3494.68,3847.71,14455.87,18224.51,1.0,16,29,0.009002,0.00011536,0,675,0
ACC02321,196309.08,40730.59,19,9,19,9,10332.06,4525.62,84166.0,8650.95,1.0,9,19,0.005601,8.224e-05,1,498,1
ACC02322,61611.5,34553.75,11,11,11,11,5601.05,3141.25,28167.89,13670.97,1.0,11,11,0.004401,8.581e-05,0,498,0
ACC02323,96178.86,152409.66,17,26,17,26,5657.58,5861.91,40539.9,26333.52,1.1622,26,17,0.008602,0.00031225,1,664,0
ACC02324,26309.25,74477.3,8,21,8,21,3288.66,3546.54,5367.16,6912.09,1.16,21,8,0.005801,0.00019676,1,920,0
ACC02325,173500.13,68489.33,20,17,20,17,8675.01,4028.78,62099.0,12602.45,1.0,17,20,0.007401,0.00015424,1,990,1
ACC02326,91746.39,80459.71,17,18,16,18,5396.85,4469.98,24527.67,26210.03,1.0606,18,16,0.006801,0.00018492,0,990,0
ACC02327,47069.56,14993.68,13,7,13,7,3620.74,2141.95,15743.64,5201.58,1.0526,7,13,0.004001,5.678e-05,1,990,0
ACC02328,107144.84,79110.22,14,18,14,18,7653.2,4395.01,27409.55,19386.35,1.0323,18,14,0.006401,0.00020353,0,500,0
ACC02329,50513.7,210968.5,10,24,10,24,5051.37,8790.35,14588.35,77552.0,1.0968,24,10,0.006801,0.00031908,0,498,1
ACC02330,59146.87,82380.73,12,17,12,16,4928.91,4845.93,20437.22,14092.2,1.0357,16,12,0.005601,0.00017955,1,500,0
ACC02331,133016.67,111847.22,18,19,17,19,7389.82,5886.7,69084.0,17375.46,1.0,19,17,0.007201,0.00021615,1,675,1
ACC02332,76277.99,55536.26,17,19,17,19,4486.94,2922.96,19201.81,17761.26,1.0286,19,17,0.007201,0.0001291,1,500,0
ACC02333,133196.26,123736.1,16,19,16,19,8324.77,6512.43,36312.0,37068.5,1.0938,19,16,0.007001,0.00032765,1,675,1
ACC02334,56913.38,128377.61,14,20,14,20,4065.24,6418.88,17513.34,27187.78,1.0303,20,14,0.006801,0.00028324,0,498,0
ACC02335,82308.46,50124.62,16,12,16,12,5144.28,4177.05,12902.94,11915.54,1.037,12,16,0.005601,0.00015642,0,990,0
ACC02336,161888.51,75527.97,19,21,19,21,8520.45,3596.57,59452.0,10027.61,1.1429,21,19,0.008002,0.00019285,1,498,1
ACC02337,66398.22,36543.67,15,9,15,9,4426.55,4060.41,9833.86,19314.75,1.0,9,15,0.004801,0.00011282,0,255,0
ACC02338,109389.13,81648.34,17,19,17,19,6434.65,4297.28,25482.16,11858.77,1.0,19,17,0.007201,0.00028707,0,664,1
ACC02339,100346.11,92188.54,24,15,24,15,4181.09,6145.9,18735.66,55622.0,1.0833,15,24,0.007802,0.00010699,0,664,1
ACC02340,47414.83,98216.31,12,17,12,17,3951.24,5777.43,10963.87,17653.78,1.0357,17,12,0.005801,0.00020778,0,990,0
ACC02341,61056.39,80214.17,12,15,12,15,5088.03,5347.61,17347.23,13188.86,1.08,15,12,0.005401,0.0001995,0,500,0
ACC02342,102145.34,59612.68,18,16,18,16,5674.74,3725.79,19046.95,10435.99,1.1724,16,18,0.006801,0.00014264,1,500,0
ACC02343,80623.58,107563.31,19,21,19,21,4243.35,5122.06,12962.65,32119.68,1.0256,21,19,0.008002,0.00029359,1,990,0
ACC02344,63310.92,65320.38,15,12,15,12,4220.73,5443.36,12179.64,19700.7,1.0385,12,15,0.005401,0.00012504,0,675,0
ACC02345,43495.82,65708.15,12,19,12,18,3624.65,3458.32,9050.55,11985.28,1.069,18,12,0.006001,0.00019845,0,664,0
ACC02346,100647.52,120531.88,21,16,20,16,4792.74,7533.24,15909.92,44204.74,1.0278,16,20,0.007201,0.00023685,1,675,0
ACC02347,130391.12,333551.32,18,18,18,18,7243.95,18530.63,37068.5,87947.0,1.0909,18,18,0.007201,0.00055874,1,498,1
ACC02348,102819.35,48603.26,15,16,15,16,6854.62,3037.7,39719.82,8180.7,1.0,16,15,0.006201,0.00013418,0,990,0
ACC02349,52644.02,91070.05,22,16,22,16,2392.91,5691.88,9696.67,28807.2,1.0556,16,22,0.007602,0.00021847,1,990,0
ACC02350,69690.58,91153.85,13,19,13,19,5360.81,4797.57,27525.0,11435.0,1.0,19,13,0.006401,0.00018274,1,990,1
ACC02351,70067.86,29422.65,13,9,13,9,5389.84,3269.18,41434.95,6754.62,1.0,9,13,0.004401,0.00011785,0,498,0
ACC02352,98784.62,105285.95,20,22,20,22,4939.23,4785.72,43670.44,12588.94,1.0769,22,20,0.008402,0.00021665,1,664,0
ACC02353,71159.93,157557.38,18,23,18,23,3953.33,6850.32,19211.89,64258.0,1.1081,23,18,0.008202,0.0001693,1,664,1
ACC02354,67287.03,73608.9,17,21,17,21,3958.06,3505.19,13248.95,8614.16,1.0,21,17,0.007602,0.0001757,0,675,0
ACC02355,85959.0,60827.11,16,14,16,14,5372.44,4344.79,21644.64,27135.95,1.0714,14,16,0.006001,0.00013747,1,990,0
ACC02356,127977.35,88720.98,16,19,16,19,7998.58,4669.53,48051.38,28261.7,1.0,19,16,0.007001,0.00019745,0,920,0
ACC02357,90284.61,146098.49,17,16,17,16,5310.86,9131.16,26104.75,48517.0,1.0,16,17,0.006601,0.00030106,1,920,1
ACC02358,38073.19,78140.64,11,11,11,11,3461.2,7103.69,7758.32,32808.71,1.0,11,11,0.004401,0.0001478,0,920,0
ACC02359,57752.21,129163.36,14,23,14,23,4125.16,5615.8,25797.14,23205.75,1.0278,23,14,0.007401,0.00022596,0,500,0
ACC02360,103064.26,1079731.84,17,19,17,9,6062.6,56827.99,22575.32,97811.0,1.44,9,17,0.005201,0.00026722,0,255,1
ACC02361,50219.84,68186.88,12,14,12,14,4184.99,4870.49,12692.34,23267.43,1.0,14,12,0.005201,0.00015145,0,990,0
ACC02362,81180.44,599230.64,11,14,11,9,7380.04,42802.19,24810.36,98001.0,1.25,9,11,0.004001,0.00015709,0,675,1
ACC02363,62825.98,35417.31,15,12,15,12,4188.4,2951.44,19905.17,8182.19,1.0385,12,15,0.005401,9.243e-05,0,664,0
ACC02364,64694.13,74020.11,9,17,9,17,7188.24,4354.12,45226.0,26199.17,1.04,17,9,0.005201,0.00016519,0,990,1
ACC02365,63524.74,37841.56,10,9,10,9,6352.47,4204.62,24730.08,13266.58,1.0556,9,10,0.003801,8.823e-05,0,255,0
ACC02366,130543.78,78638.46,14,13,14,13,9324.56,6049.11,80282.0,34404.37,1.0,13,14,0.005401,0.00016462,1,498,1
ACC02367,24605.24,93329.81,8,21,8,21,3075.66,4444.28,8732.66,14529.5,1.0357,21,8,0.005801,0.00019215,0,498,0
ACC02368,118806.15,111247.6,18,13,18,13,6600.34,8557.51,37418.77,21186.86,1.069,13,18,0.006201,0.00031151,1,500,0
ACC02369,70423.5,80847.49,17,15,17,14,4142.56,5389.83,11934.58,23423.7,1.0323,14,17,0.006201,0.00015813,1,498,0
ACC02370,79589.98,95502.03,12,17,12,17,6632.5,5617.77,20453.87,19481.5,1.0,17,12,0.005801,0.0004949,1,498,0
ACC02371,110995.59,1115745.61,25,21,25,11,4439.82,53130.74,14924.71,98775.0,1.3143,11,25,0.007201,0.0003075,1,500,1
ACC02372,62944.97,76055.62,16,19,16,19,3934.06,4002.93,9215.54,18539.26,1.0606,19,16,0.007001,0.0001854,1,990,0
ACC02373,117654.24,106293.57,21,16,21,16,5602.58,6643.35,44125.0,48367.0,1.0571,16,21,0.007401,0.00013252,1,990,1
ACC02374,54937.37,32722.57,16,10,16,10,3433.59,3272.26,7452.78,6756.55,1.1818,10,16,0.005201,8.773e-05,1,675,0
ACC02375,179860.58,39970.94,16,11,16,11,11241.29,3633.72,76350.74,8187.56,1.08,11,16,0.005401,9.952e-05,0,500,1
ACC02376,59692.28,84704.66,19,14,19,14,3141.7,6050.33,10614.26,31120.57,1.0312,14,19,0.006601,0.00023187,0,255,0
ACC02377,73693.45,88787.51,17,14,17,14,4334.91,6341.97,8507.53,45585.62,1.0333,14,17,0.006201,0.0001946,0,498,0
ACC02378,82274.47,69949.81,21,22,21,22,3917.83,3179.54,22609.71,7253.21,1.075,22,21,0.008602,0.00015155,1,500,0
ACC02379,346751.39,96350.75,23,20,23,20,15076.15,4817.54,70413.0,20206.99,1.2647,20,23,0.008602,0.00019608,1,990,1
ACC02380,69410.94,171928.34,16,15,16,15,4338.18,11461.89,27567.49,52036.95,1.0333,15,16,0.006201,0.00023711,1,255,0
ACC02381,48580.21,113362.93,14,17,14,17,3470.02,6668.41,11947.6,19942.07,1.0333,17,14,0.006201,0.00019507,1,920,0
ACC02382,58501.79,181568.76,12,21,12,21,4875.15,8646.13,22473.35,47175.0,1.0,21,12,0.006601,0.00024896,1,498,1
ACC02383,129896.89,55942.37,21,13,21,13,6185.57,4303.26,31425.0,7259.44,1.0,13,21,0.006801,0.00014678,1,498,1
ACC02384,61483.56,66541.78,12,15,12,15,5123.63,4436.12,10455.97,16018.39,1.0,15,12,0.005401,0.00014438,0,990,0
ACC02385,89149.9,63321.93,17,16,17,16,5244.11,3957.62,13190.42,19876.41,1.0312,16,17,0.006601,0.00013111,0,498,0
ACC02386,80498.06,60062.13,20,15,20,15,4024.9,4004.14,11953.75,15208.99,1.0606,15,20,0.007001,0.00016398,0,675,0
ACC02387,67170.77,77550.89,17,17,17,17,3951.22,4561.82,21661.09,16437.65,1.0,17,17,0.006801,0.00019141,0,920,0
ACC02388,246276.18,124239.7,17,16,17,15,14486.83,7764.98,94477.0,39330.24,1.0645,15,17,0.006401,0.00023002,1,920,1
ACC02389,51526.07,50402.91,18,10,18,10,2862.56,5040.29,11418.71,10625.96,1.0,10,18,0.005601,0.00013372,0,664,0
ACC02390,122286.47,43347.93,22,10,22,10,5558.48,4334.79,25757.32,15194.39,1.0667,10,22,0.006401,8.266e-05,1,255,0
ACC02391,159102.39,90799.95,19,20,19,20,8373.81,4540.0,58652.0,14333.63,1.0263,20,19,0.007802,0.00022713,1,500,1
ACC02392,41284.98,30894.07,10,9,10,9,4128.5,3432.67,11219.09,11392.97,1.0556,9,10,0.003801,0.00012004,0,990,0
ACC02393,89583.79,65981.21,12,19,12,19,7465.32,3472.7,31655.22,8930.55,1.0333,19,12,0.006201,0.00019065,1,675,0
ACC02394,57977.37,91835.16,12,16,12,16,4831.45,5739.7,16903.67,12327.54,1.037,16,12,0.005601,0.00022708,0,500,0
ACC02395,69047.66,87909.57,18,15,18,15,3835.98,5860.64,12349.24,16302.19,1.0312,15,18,0.006601,0.00012625,0,664,0
ACC02396,88662.64,48595.23,14,13,14,13,6333.05,3738.09,43068.77,9677.61,1.0,13,14,0.005401,0.00012619,1,500,0
ACC02397,43219.38,118513.57,9,21,9,21,4802.15,5643.5,18289.3,37445.14,1.1111,21,9,0.006001,0.00025787,0,500,0
ACC02398,138967.25,114220.5,18,21,18,21,7720.4,5439.07,82561.0,16906.4,1.0263,21,18,0.007802,0.00026404,1,920,1
ACC02399,37371.24,42188.09,11,15,11,15,3397.39,2812.54,13828.43,5997.73,1.0,15,11,0.005201,0.00011761,0,920,0
ACC02400,91949.53,97148.56,20,18,20,18,4597.48,5397.14,15534.36,26813.11,1.0556,18,20,0.007602,0.00023389,1,990,0
ACC02401,43939.75,79927.1,13,12,13,12,3379.98,6660.59,4912.3,24270.38,1.087,12,13,0.005001,0.00013023,0,498,0
ACC02402,94603.29,73497.91,16,18,16,18,5912.71,4083.22,47665.0,15203.28,1.0625,18,16,0.006801,0.00016592,0,498,1
ACC02403,61330.19,84227.85,13,23,13,23,4717.71,3662.08,9854.02,11911.41,1.0,23,13,0.007201,0.00014722,1,498,0
ACC02404,187311.14,943998.37,23,34,23,27,8143.96,27764.66,62551.0,98345.0,1.2955,27,23,0.010002,0.00057241,0,498,1
ACC02405,75095.27,97819.57,17,19,17,19,4417.37,5148.4,11990.77,20851.79,1.0588,19,17,0.007201,0.00019307,1,990,0
ACC02406,51812.56,74746.14,16,16,16,16,3238.28,4671.63,7753.8,19517.18,1.0323,16,16,0.006401,0.00013229,1,255,0
ACC02407,58214.64,69763.1,13,17,13,17,4478.05,4103.71,20322.85,21156.23,1.0714,17,13,0.006001,0.00015781,0,664,0
ACC02408,97615.54,24352.09,11,11,11,11,8874.14,2213.83,33731.18,4959.65,1.0476,11,11,0.004401,7.356e-05,0,498,0
ACC02409,83128.93,130828.71,17,15,17,15,4889.94,8721.91,35004.86,42533.89,1.0,15,17,0.006401,0.00038061,0,498,0
ACC02410,31957.82,53659.03,11,14,11,14,2905.26,3832.79,9917.73,13093.66,1.0,14,11,0.005001,0.00012287,1,498,0
ACC02411,31972.34,182293.02,10,21,10,21,3197.23,8680.62,14823.81,53263.01,1.0333,21,10,0.006201,0.00035761,0,500,0
ACC02412,84187.05,152216.16,15,21,15,21,5612.47,7248.39,46978.0,22087.27,1.125,21,15,0.007201,0.00032779,0,500,1
ACC02413,64585.99,86539.47,20,15,20,15,3229.3,5769.3,16321.16,28018.27,1.0294,15,20,0.007001,0.00016423,1,920,0
ACC02414,198613.82,65452.26,18,16,18,16,11034.1,4090.77,85354.92,12905.12,1.0625,16,18,0.006801,0.00012613,1,990,0
ACC02415,40464.18,145215.71,12,12,12,12,3372.01,12101.31,11544.43,80491.31,1.0,12,12,0.004801,0.00025508,0,675,0
ACC02416,139611.86,78552.88,24,13,24,13,5817.16,6042.53,60705.72,25034.67,1.0571,13,24,0.007401,0.00015569,0,500,0
ACC02417,526316.39,57159.71,23,15,23,15,22883.32,3810.65,76111.0,7433.09,1.3103,15,23,0.007602,0.00017131,1,990,1
ACC02418,67516.01,86218.85,17,26,17,26,3971.53,3316.11,20163.88,15776.98,1.0238,26,17,0.008602,0.00019661,1,990,0
ACC02419,80934.69,87926.89,13,15,13,15,6225.75,5861.79,22564.75,22511.63,1.037,15,13,0.005601,0.00019634,0,498,0
ACC02420,86190.62,73739.86,17,14,17,13,5070.04,5267.13,11388.48,14943.07,1.069,13,17,0.006001,0.00015954,0,500,0
ACC02421,58911.57,69498.17,9,14,9,14,6545.73,4964.15,25074.75,20236.93,1.0,14,9,0.004601,0.00018817,0,675,0
ACC02422,183542.72,121373.19,17,19,17,19,10796.63,6388.06,82031.0,16768.34,1.0286,19,17,0.007201,0.00025745,1,920,1
ACC02423,164968.37,86284.7,21,18,21,18,7855.64,4793.59,34495.6,18114.16,1.0833,18,21,0.007802,0.00022928,1,675,0
ACC02424,104499.37,88544.41,17,20,17,20,6147.02,4427.22,19615.58,15637.52,1.0882,20,17,0.007401,0.00015156,1,498,0
ACC02425,58183.33,51222.79,11,16,11,16,5289.39,3201.42,18127.97,11912.7,1.0,16,11,0.005401,0.00016804,0,664,0
ACC02426,36420.09,33251.29,12,10,11,10,3035.01,3325.13,11576.26,6297.23,1.0,10,11,0.004201,0.00010557,1,498,0
ACC02427,191964.19,96984.71,21,20,21,20,9141.15,4849.24,64623.0,33576.96,1.0513,20,21,0.008202,0.00026039,1,990,1
ACC02428,33999.15,113647.63,12,15,12,15,2833.26,7576.51,10283.37,35422.97,1.0,15,12,0.005401,0.00028528,1,500,0
ACC02429,53642.95,36385.15,13,15,13,15,4126.38,2425.68,13709.47,5404.28,1.0769,15,13,0.005601,0.00014927,0,664,0
ACC02430,55882.47,112271.28,13,18,13,18,4298.65,6237.29,11110.13,38564.39,1.069,18,13,0.006201,0.00025527,0,664,0
ACC02431,107817.4,81197.99,14,18,14,18,7701.24,4511.0,34733.0,18042.97,1.0323,18,14,0.006401,0.00014127,1,664,1
ACC02432,52225.69,138649.14,11,19,11,19,4747.79,7297.32,19236.91,33276.79,1.0,19,11,0.006001,0.00026182,1,990,0
ACC02433,55977.08,89171.78,17,19,17,19,3292.77,4693.25,13236.21,20824.56,1.0286,19,17,0.007201,0.00020189,0,500,0
ACC02434,82330.41,175469.95,18,22,18,22,4573.91,7975.91,9577.94,35329.43,1.0256,22,18,0.008002,0.00031578,1,255,0
ACC02435,98114.02,58695.21,17,19,17,19,5771.41,3089.22,18539.26,8959.28,1.0588,19,17,0.007201,0.00016049,1,920,0
ACC02436,73430.23,53952.83,16,13,16,13,4589.39,4150.22,11176.29,14690.8,1.0357,13,16,0.005801,0.00010929,0,500,0
ACC02437,66701.28,55481.61,10,14,10,14,6670.13,3962.97,21245.98,20413.57,1.0435,14,10,0.004801,0.00012956,1,990,0
ACC02438,113619.12,55833.0,12,17,12,17,9468.26,3284.29,66582.0,7460.44,1.0357,17,12,0.005801,0.00010844,0,498,1
ACC02439,86895.12,43850.62,13,10,13,10,6684.24,4385.06,27923.53,16842.33,1.0,10,13,0.004601,0.00012108,0,664,0
ACC02440,54940.88,43171.52,14,12,14,12,3924.35,3597.63,17728.09,10871.86,1.04,12,14,0.005201,0.0001071,0,498,0
ACC02441,49937.62,97818.37,9,23,9,23,5548.62,4252.97,13163.68,22602.89,1.0667,23,9,0.006401,0.0002642,1,500,0
ACC02442,60807.47,27103.94,15,13,15,13,4053.83,2084.92,12749.67,6093.99,1.0,13,15,0.005601,7.948e-05,1,675,0
ACC02443,104955.97,57275.39,22,17,22,17,4770.73,3369.14,27479.72,9293.39,1.0263,17,22,0.007802,9.904e-05,1,920,0
ACC02444,145858.78,62910.64,15,17,15,17,9723.92,3700.63,65780.0,8228.37,1.0323,17,15,0.006401,0.00015427,1,990,1
ACC02445,127071.09,169481.24,13,18,13,18,9774.7,9415.62,45055.0,50838.64,1.1071,18,13,0.006201,0.00018729,1,920,1
ACC02446,173294.37,107748.28,21,20,21,20,8252.11,5387.41,61017.0,25175.98,1.0,20,21,0.008202,0.00023268,1,498,1
ACC02447,58235.96,86402.21,10,12,10,12,5823.6,7200.18,19651.15,28523.0,1.0,12,10,0.004401,0.00013486,0,675,1
ACC02448,94612.15,111979.16,13,21,13,20,7277.86,5332.34,53357.0,23811.68,1.0303,20,13,0.006601,0.00022622,1,664,1
ACC02449,89995.28,136500.58,9,28,9,28,9999.48,4875.02,26928.05,16114.94,1.0571,28,9,0.007401,0.00030993,1,255,0
ACC02450,91350.36,81893.71,15,14,15,14,6090.02,5849.55,16069.14,30092.89,1.0357,14,15,0.005801,0.00017676,1,990,0
ACC02451,90748.72,41041.96,15,13,15,13,6049.91,3157.07,21703.45,8305.12,1.0769,13,15,0.005601,7.774e-05,0,990,0
ACC02452,98125.59,134948.07,18,28,18,28,5451.42,4819.57,25276.0,41882.2,1.0,28,18,0.009202,0.0002148,0,920,1
ACC02453,52529.51,75868.49,11,12,11,12,4775.41,6322.37,10974.67,17383.88,1.0,12,11,0.004601,0.00017816,0,990,0
ACC02454,46601.54,78067.84,11,12,11,12,4236.5,6505.65,11262.74,41511.67,1.0,12,11,0.004601,0.00014776,0,664,0
ACC02455,99818.5,93966.1,18,16,18,16,5545.47,5872.88,25124.89,21182.6,1.0303,16,18,0.006801,0.00026601,1,990,0
ACC02456,115544.44,168890.79,21,23,21,23,5502.12,7343.08,53315.0,65945.83,1.0476,23,21,0.008802,0.00033106,1,498,1
ACC02457,190910.33,78602.12,17,16,17,16,11230.02,4912.63,86664.0,26557.5,1.0645,16,17,0.006601,0.0001556,1,675,1
ACC02458,46561.86,1165708.89,12,17,12,6,3880.16,68571.11,13910.91,98719.0,1.6111,6,12,0.003601,0.00030516,1,675,1
ACC02459,51663.65,74383.21,16,19,16,19,3228.98,3914.91,14663.35,13813.94,1.0,19,16,0.007001,0.00015424,1,990,0
ACC02460,47236.02,863130.54,16,21,15,21,2952.25,41101.45,7165.02,765767.45,1.0278,21,15,0.007201,0.00076987,1,498,1
ACC02461,126503.76,89485.14,17,13,17,13,7441.4,6883.47,60500.66,42478.0,1.1111,13,17,0.006001,0.00014366,1,664,1
ACC02462,35778.35,61964.09,11,12,11,12,3252.58,5163.67,7574.4,21370.01,1.0,12,11,0.004601,0.00012006,0,498,0
ACC02463,117549.96,48305.51,16,16,16,16,7346.87,3019.09,34626.34,6902.16,1.0323,16,16,0.006401,0.00015752,1,990,0
ACC02464,1206251.22,51989.51,34,12,23,12,35477.98,4332.46,98497.0,11269.65,1.3143,12,23,0.007001,0.0001213,0,990,1
ACC02465,56225.87,80600.11,17,20,17,20,3307.4,4030.01,10704.38,19317.55,1.0571,20,17,0.007401,0.00025748,0,990,0
ACC02466,120176.83,53516.2,21,13,21,13,5722.71,4116.63,25587.09,18942.95,1.0625,13,21,0.006801,0.00013448,1,498,0
ACC02467,35641.2,1007880.31,13,22,13,13,2741.63,45812.74,10105.36,98518.0,1.4,13,13,0.005201,0.0003387,1,500,1
ACC02468,109268.79,78612.44,17,18,17,18,6427.58,4367.36,30964.15,14072.72,1.1667,18,17,0.007001,0.00017274,0,990,0
ACC02469,822308.71,100883.23,18,23,12,23,45683.82,4386.23,97820.0,22428.7,1.2424,23,12,0.007001,0.00026043,0,498,1
ACC02470,83514.91,164986.65,13,22,13,22,6424.22,7499.39,17411.28,25481.27,1.0,22,13,0.007001,0.00036486,0,498,0
ACC02471,42326.91,92972.61,11,19,11,18,3847.9,4893.3,18654.85,21050.14,1.0345,18,11,0.005801,0.00017823,1,920,0
ACC02472,51432.66,54051.91,18,15,18,15,2857.37,3603.46,11900.77,9891.23,1.0312,15,18,0.006601,0.00013984,1,255,0
ACC02473,85209.52,77890.2,13,14,13,14,6554.58,5563.59,18253.06,15725.38,1.0,14,13,0.005401,0.00018005,0,675,0
ACC02474,730383.69,89656.32,19,24,13,24,38441.25,3735.68,98476.0,17407.37,1.1944,24,13,0.007401,0.00019574,0,675,1
ACC02475,124932.89,73858.55,21,15,21,15,5949.19,4923.9,22012.6,27911.09,1.0286,15,21,0.007201,0.00016572,0,990,0
ACC02476,115410.03,21557.34,18,11,18,11,6411.67,1959.76,42072.0,3763.27,1.0,11,18,0.005801,7.128e-05,0,990,1
ACC02477,51800.83,120603.8,10,16,10,16,5180.08,7537.74,13874.98,37306.86,1.0,16,10,0.005201,0.0001801,1,255,0
ACC02478,66170.1,67442.21,13,19,13,19,5090.01,3549.59,23332.88,7283.36,1.0667,19,13,0.006401,0.00012287,0,920,0
ACC02479,52486.13,113942.31,14,19,14,19,3749.01,5996.96,11671.08,19405.23,1.0312,19,14,0.006601,0.00025424,0,500,0
ACC02480,68944.41,120429.15,18,15,18,14,3830.25,8028.61,15429.79,62128.0,1.0312,14,18,0.006401,0.00015298,1,498,1
ACC02481,79311.92,56412.87,19,17,19,17,4174.31,3318.4,27880.55,12265.79,1.0286,17,19,0.007201,0.00013047,1,664,0
ACC02482,78661.54,127176.54,20,13,20,13,3933.08,9782.81,13020.92,28118.16,1.0312,13,20,0.006601,0.00023736,1,664,1
ACC02483,44926.95,58939.38,12,20,12,20,3743.91,2946.97,14764.89,10916.24,1.0,20,12,0.006401,0.00016203,1,920,0
ACC02484,56693.5,52569.85,14,20,14,20,4049.54,2628.49,13601.45,7386.01,1.0625,20,14,0.006801,0.00016568,0,498,0
ACC02485,66551.96,69049.32,17,17,17,17,3914.82,4061.72,10301.33,22665.69,1.0625,17,17,0.006801,0.00016267,1,255,0
ACC02486,118230.11,164252.77,21,17,21,17,5630.01,9661.93,39633.95,45007.0,1.0857,17,21,0.007602,0.00017137,1,498,1
ACC02487,34370.79,59383.98,10,15,10,15,3437.08,3958.93,9155.86,8590.42,1.0417,15,10,0.005001,0.00012615,0,675,0
ACC02488,90392.69,59659.51,19,16,19,15,4757.51,3728.72,14802.59,17272.22,1.0606,15,19,0.006801,0.00023013,0,255,0
ACC02489,56017.73,26230.8,14,9,14,9,4001.27,2914.53,10205.29,5179.01,1.0952,9,14,0.004601,8.394e-05,0,500,0
ACC02490,64797.87,79494.0,16,21,16,21,4049.87,3785.43,12670.16,12195.94,1.0278,21,16,0.007401,0.00022034,1,920,0
ACC02491,79429.42,73757.49,19,21,19,21,4180.5,3512.26,23751.5,19609.49,1.0526,21,19,0.008002,0.00016998,1,920,0
ACC02492,135098.64,43394.29,25,14,25,14,5403.95,3099.59,16620.03,10983.7,1.1143,14,25,0.007802,0.00011172,0,255,0
ACC02493,585713.97,636022.71,22,28,22,28,26623.36,22715.1,519073.35,89152.0,1.2195,28,22,0.010002,0.00066697,1,664,1
ACC02494,58056.56,76239.36,13,16,13,16,4465.89,4764.96,12337.02,11987.43,1.0741,16,13,0.005801,0.00020106,0,990,0
ACC02495,84673.37,48470.73,20,17,20,17,4233.67,2851.22,33762.87,6890.21,1.0571,17,20,0.007401,0.00016214,1,920,0
ACC02496,89615.05,81213.43,16,14,16,14,5600.94,5800.96,22198.54,22717.29,1.1111,14,16,0.006001,0.00013178,1,500,0
ACC02497,29283.05,79602.87,12,14,12,14,2440.25,5685.92,5513.96,19000.62,1.0,14,12,0.005201,0.00013175,1,990,0
ACC02498,115505.31,60503.02,9,17,9,17,12833.92,3559.0,65838.0,8617.15,1.0833,17,9,0.005201,0.00025339,0,664,1
ACC02499,77408.84,62920.85,12,11,12,11,6450.74,5720.08,43208.96,18997.07,1.0455,11,12,0.004601,0.00012244,0,664,0
ACC02500,97020.16,78329.92,17,16,17,16,5707.07,4895.62,35392.83,14036.21,1.1,16,17,0.006601,0.00015828,1,675,0
ACC02501,167624.81,70174.55,20,16,20,16,8381.24,4385.91,86674.0,11991.96,1.0909,16,20,0.007201,0.00017264,1,498,1
ACC02502,41314.1,66946.73,11,12,11,12,3755.83,5578.89,6525.47,11947.73,1.0,12,11,0.004601,0.00032929,0,255,0
ACC02503,66904.24,64395.71,17,15,17,15,3935.54,4293.05,9636.04,25747.3,1.0667,15,17,0.006401,0.00012554,0,664,0
ACC02504,199095.87,51276.27,16,12,16,12,12443.49,4273.02,85248.0,11609.6,1.0769,12,16,0.005601,0.00011964,1,990,1
ACC02505,59242.94,78763.71,14,13,14,13,4231.64,6058.75,17755.5,14419.8,1.0385,13,14,0.005401,0.00017622,1,664,0
ACC02506,156428.85,145403.15,10,23,10,22,15642.88,6321.88,71727.0,60080.64,1.32,22,10,0.006401,0.00021469,1,990,1
ACC02507,135834.97,80848.09,21,18,21,18,6468.33,4491.56,26023.15,16529.51,1.0541,18,21,0.007802,0.00017653,1,990,0
ACC02508,97776.71,157267.25,18,22,18,22,5432.04,7148.51,32853.63,43708.83,1.0811,22,18,0.008002,0.0002871,1,920,0
ACC02509,109037.16,123602.1,12,9,12,9,9086.43,13733.57,41297.0,41943.68,1.1053,9,12,0.004201,0.00025189,1,498,1
ACC02510,108197.98,62345.27,17,12,17,12,6364.59,5195.44,26052.6,14541.18,1.0,12,17,0.005801,0.00015949,1,990,0
ACC02511,235474.03,117596.49,18,13,18,13,13081.89,9045.88,79244.0,36244.71,1.0333,13,18,0.006201,0.00017137,1,664,1
ACC02512,811321.14,894149.63,21,27,21,27,38634.34,33116.65,670098.65,89688.0,1.3714,27,21,0.009602,0.00107405,1,675,1
ACC02513,52148.08,38336.44,11,12,11,12,4740.73,3194.7,10839.14,11281.85,1.0952,12,11,0.004601,0.00010955,0,255,0
ACC02514,52125.67,138922.88,15,22,15,22,3475.04,6314.68,8766.14,27812.49,1.0278,22,15,0.007401,0.00024104,0,920,0
ACC02515,578879.14,659487.43,13,22,13,21,44529.16,29976.7,520679.8,80138.0,1.5217,21,13,0.006801,0.00094577,1,498,1
ACC02516,109225.58,107698.44,13,17,13,17,8401.97,6335.2,48205.82,19688.9,1.0,17,13,0.006001,0.00026393,0,675,0
ACC02517,163717.56,76191.63,10,22,10,22,16371.76,3463.26,76554.0,20611.99,1.0323,22,10,0.006401,0.00015864,0,498,1
ACC02518,62465.92,100516.4,13,19,13,19,4805.07,5290.34,21426.71,34368.29,1.0,19,13,0.006401,0.000279,1,990,0
ACC02519,34635.57,82336.63,15,21,15,21,2309.04,3920.79,5319.12,11120.5,1.0286,21,15,0.007201,0.00017971,0,500,0
ACC02520,60091.37,765828.52,17,26,17,20,3534.79,29454.94,9235.7,97820.0,1.2647,20,17,0.007401,0.00033658,1,498,1
ACC02521,40005.01,61664.89,11,13,11,13,3636.82,4743.45,15723.21,10297.41,1.0435,13,11,0.004801,0.00014239,1,500,0
ACC02522,107886.88,50940.63,21,17,21,17,5137.47,2996.51,16763.62,9276.44,1.0,17,21,0.007602,0.00012476,0,920,0
ACC02523,197915.69,45569.16,29,15,29,15,6824.68,3037.94,57793.0,7969.91,1.0476,15,29,0.008802,0.00014382,1,664,1
ACC02524,78296.44,305391.08,16,13,16,13,4893.53,23491.62,20760.74,81424.0,1.0741,13,16,0.005801,0.00051562,1,664,1
ACC02525,69610.51,48848.82,15,11,15,11,4640.7,4440.8,23149.93,9642.9,1.0,11,15,0.005201,0.00012642,1,500,0
ACC02526,39817.22,86500.68,13,10,13,10,3062.86,8650.07,6095.49,53452.47,1.0,10,13,0.004601,0.00014662,1,498,0
ACC02527,63267.71,74705.38,14,12,14,12,4519.12,6225.45,16816.52,11183.32,1.04,12,14,0.005201,0.00017246,0,990,0
ACC02528,44263.49,75147.26,12,19,12,19,3688.62,3955.12,13228.61,16003.1,1.1071,19,12,0.006201,0.00017095,0,920,0
ACC02529,108715.16,48521.63,10,14,10,14,10871.52,3465.83,70084.0,10690.18,1.0,14,10,0.004801,9.395e-05,0,498,1
ACC02530,46915.19,65738.63,12,20,12,20,3909.6,3286.93,14726.4,11218.38,1.1034,20,12,0.006401,0.00018363,0,675,0
ACC02531,625686.99,681181.85,13,27,13,27,48129.77,25228.96,585299.75,83898.0,1.3333,27,13,0.008002,0.00072785,1,920,1
ACC02532,38704.22,37538.96,12,12,12,12,3225.35,3128.25,7934.98,9711.48,1.0,12,12,0.004801,9.543e-05,1,675,0
ACC02533,101233.74,45718.3,18,15,18,15,5624.1,3047.89,16980.61,10027.86,1.0645,15,18,0.006601,0.00011155,0,990,0
ACC02534,863417.86,45152.17,23,18,16,18,37539.91,2508.45,98571.0,11218.26,1.3667,18,16,0.006801,0.00019604,0,500,1
ACC02535,37444.5,60498.45,12,13,12,13,3120.38,4653.73,9969.53,13318.11,1.0,13,12,0.005001,0.00018739,1,990,0
ACC02536,68882.01,124136.62,12,22,12,22,5740.17,5642.57,34261.88,36702.74,1.0625,22,12,0.006801,0.00023105,0,990,0
ACC02537,117616.91,48456.22,22,12,22,12,5346.22,4038.02,28469.15,9697.22,1.0303,12,22,0.006801,0.0001084,1,498,0
ACC02538,198933.97,161662.84,21,18,21,18,9473.05,8981.27,83972.0,80613.12,1.0833,18,21,0.007802,0.00036009,1,675,1
ACC02539,69876.18,71789.64,11,13,11,13,6352.38,5522.28,40097.76,20745.95,1.0,13,11,0.004801,0.00012629,0,675,0
ACC02540,82976.17,98685.73,19,13,19,13,4367.17,7591.21,28174.93,26119.88,1.0,13,19,0.006401,0.00015564,0,990,0
ACC02541,73456.99,60452.26,15,15,15,15,4897.13,4030.15,16477.7,18006.36,1.0,15,15,0.006001,0.00015254,1,498,0
ACC02542,91120.01,50318.54,16,12,16,12,5695.0,4193.21,35633.01,8689.96,1.037,12,16,0.005601,0.00011891,0,920,0
ACC02543,53551.61,116575.04,13,19,13,19,4119.35,6135.53,8525.14,39331.0,1.0,19,13,0.006401,0.00018113,1,990,1
ACC02544,64487.14,688186.88,18,19,18,13,3582.62,36220.36,11505.58,95169.0,1.1935,13,18,0.006201,0.00026328,1,498,1
ACC02545,50452.91,103497.08,10,17,10,17,5045.29,6088.06,16984.51,34680.7,1.0,17,10,0.005401,0.00025526,0,664,0
ACC02546,812675.95,42441.19,26,15,19,15,31256.77,2829.41,97555.0,7441.8,1.2059,15,19,0.006801,0.0001213,0,920,1
ACC02547,176501.86,68127.7,23,15,23,15,7673.99,4541.85,80372.0,13481.84,1.1515,15,23,0.007602,0.00012965,1,990,1
ACC02548,34346.14,86417.46,8,16,8,16,4293.27,5401.09,12776.07,25304.31,1.0435,16,8,0.004801,0.00012272,0,498,0
ACC02549,83329.87,169850.74,21,21,21,21,3968.09,8088.13,13722.78,24553.03,1.0769,21,21,0.008402,0.00035638,1,498,0
ACC02550,48296.97,74208.24,13,17,13,17,3715.15,4365.19,8792.51,22928.45,1.0,17,13,0.006001,0.0001369,1,498,0
ACC02551,101526.31,84241.04,21,14,21,14,4834.59,6017.22,14623.77,26441.56,1.129,14,21,0.007001,0.00013824,1,990,0
ACC02552,152509.07,48576.28,14,13,14,13,10893.51,3736.64,83176.0,12773.69,1.0385,13,14,0.005401,0.00014616,0,498,1
ACC02553,86340.36,166319.9,18,16,18,16,4796.69,10394.99,13637.8,67935.0,1.0,16,18,0.006801,0.00019146,0,500,1
ACC02554,78957.32,108662.29,19,16,19,16,4155.65,6791.39,27220.63,31267.64,1.0294,16,19,0.007001,0.00028644,1,255,0
ACC02555,36572.34,59259.94,12,11,12,11,3047.7,5387.27,9132.5,12574.63,1.0,11,12,0.004601,0.00012478,0,920,0
ACC02556,72134.08,115383.85,18,13,18,13,4007.45,8875.68,11223.55,46982.7,1.0333,13,18,0.006201,0.00024262,1,664,0
ACC02557,63247.45,79320.6,16,17,16,17,3952.97,4665.92,13105.36,32537.75,1.0312,17,16,0.006601,0.00014407,1,675,0
ACC02558,81471.46,621814.71,20,17,20,12,4073.57,36577.34,8007.2,97723.0,1.1935,12,20,0.006401,0.00026615,1,498,1
ACC02559,133217.84,90775.29,22,18,22,18,6055.36,5043.07,28138.62,17578.27,1.0811,18,22,0.008002,0.00028247,1,990,0
ACC02560,33165.71,108307.94,10,28,10,28,3316.57,3868.14,8777.82,10252.02,1.027,28,10,0.007602,0.00020601,1,498,0
ACC02561,62424.69,106931.96,18,16,18,16,3468.04,6683.25,15290.81,47020.0,1.0,16,18,0.006801,0.00014376,1,920,1
ACC02562,134553.82,38814.42,17,16,16,16,7914.93,2425.9,60837.78,7104.78,1.0312,16,16,0.006401,0.00011187,0,500,0
ACC02563,80576.64,60340.48,13,13,13,13,6198.2,4641.58,33341.18,21217.98,1.0,13,13,0.005201,0.00012683,0,664,0
ACC02564,61442.36,107627.98,15,19,15,19,4096.16,5664.63,18438.55,16388.33,1.1333,19,15,0.006801,0.00026409,1,990,0
ACC02565,72571.37,54071.57,17,14,17,14,4268.9,3862.26,10524.9,11051.78,1.069,14,17,0.006201,0.00014638,0,990,0
ACC02566,209877.68,131766.28,19,15,19,15,11046.19,8784.42,94076.02,30847.21,1.0303,15,19,0.006801,0.00021019,1,664,1
ACC02567,62745.59,60640.48,12,14,12,14,5228.8,4331.46,19749.04,9500.26,1.0,14,12,0.005201,0.00017944,1,990,0
ACC02568,33185.88,611327.0,13,8,13,8,2552.76,76415.88,4769.73,518514.75,1.0,8,13,0.004201,0.0003974,0,990,1
ACC02569,174365.85,108979.34,16,13,16,13,10897.87,8383.03,76015.0,72974.4,1.0741,13,16,0.005801,0.00016525,1,920,1
ACC02570,158259.69,620722.01,16,21,16,21,9891.23,29558.19,69259.0,498010.9,1.1212,21,16,0.007401,0.0009316,1,498,1
ACC02571,94604.24,65317.19,17,11,17,11,5564.96,5937.93,17514.78,29344.58,1.037,11,17,0.005601,0.00020022,1,990,0
ACC02572,63974.36,40492.09,11,15,11,15,5815.85,2699.47,29782.46,10364.37,1.0,15,11,0.005201,9.714e-05,1,498,0
ACC02573,105891.59,51938.64,19,11,19,11,5573.24,4721.69,21704.38,14605.41,1.1111,11,19,0.006001,0.00017988,1,498,0
ACC02574,68141.36,86519.27,15,16,15,16,4542.76,5407.45,10934.09,19765.21,1.0333,16,15,0.006201,0.00022927,0,498,0
ACC02575,48064.25,958620.66,15,27,15,19,3204.28,35504.47,8576.02,97929.0,1.2727,19,15,0.006801,0.00032173,1,498,1
ACC02576,45076.78,128737.26,16,20,16,20,2817.3,6436.86,5927.37,33056.89,1.125,20,16,0.007201,0.00026118,0,990,0
ACC02577,64235.98,74929.39,20,15,20,15,3211.8,4995.29,11720.73,22280.11,1.0,15,20,0.007001,0.00015434,1,990,0
ACC02578,187029.93,67267.59,21,10,21,10,8906.19,6726.76,85821.0,44126.79,1.0333,10,21,0.006201,0.00013104,0,675,1
ACC02579,129391.48,37238.59,21,12,21,12,6161.5,3103.22,72056.0,16580.16,1.0312,12,21,0.006601,0.00013537,1,920,1
ACC02580,88410.7,77294.58,23,17,23,17,3843.94,4546.74,17483.14,10543.96,1.0256,17,23,0.008002,0.00017663,1,675,0
ACC02581,125293.23,76327.32,23,14,23,14,5447.53,5451.95,29023.35,20246.65,1.0,14,23,0.007401,0.00016191,1,990,0
ACC02582,137317.49,33919.77,17,16,17,16,8077.5,2119.99,74607.0,5118.36,1.0312,16,17,0.006601,7.213e-05,0,664,1
ACC02583,130147.01,168387.67,16,21,16,21,8134.19,8018.46,79233.0,64577.0,1.0,21,16,0.007401,0.00027949,1,990,1
ACC02584,36725.79,26808.8,10,11,10,11,3672.58,2437.16,7745.55,4495.27,1.05,11,10,0.004201,7.828e-05,1,255,0
ACC02585,15339.55,77022.08,9,13,9,13,1704.39,5924.78,3844.72,18632.13,1.0,13,9,0.004401,0.00012809,0,990,0
ACC02586,94240.38,95078.78,16,17,16,17,5890.02,5592.87,28124.23,22124.11,1.0312,17,16,0.006601,0.000191,0,920,0
ACC02587,42620.92,48325.88,11,11,11,11,3874.63,4393.26,7408.24,12261.51,1.0,11,11,0.004401,9.062e-05,0,498,0
ACC02588,54027.86,75347.31,15,16,15,16,3601.86,4709.21,11625.2,20695.42,1.069,16,15,0.006201,0.0001993,1,990,0
ACC02589,80105.82,63654.45,17,18,17,18,4712.11,3536.36,14633.78,12215.48,1.0294,18,17,0.007001,0.00016728,1,920,0
ACC02590,80775.48,25833.36,13,8,13,8,6213.5,3229.17,20674.1,13442.11,1.0,8,13,0.004201,6.699e-05,0,498,0
ACC02591,166543.75,160040.53,18,25,18,25,9252.43,6401.62,68315.52,69738.76,1.1316,25,18,0.008602,0.00036545,1,255,1
ACC02592,134468.94,142234.79,22,14,22,14,6112.22,10159.63,28132.54,78471.62,1.0588,14,22,0.007201,0.00019331,1,498,0
ACC02593,110010.45,65747.4,18,17,18,17,6111.69,3867.49,48655.0,9917.73,1.0606,17,18,0.007001,0.0001495,1,990,1
ACC02594,72121.69,105817.61,18,18,18,18,4006.76,5878.76,18583.26,14858.79,1.0286,18,18,0.007201,0.00024256,1,498,0
ACC02595,68023.87,106298.64,18,17,18,17,3779.1,6252.86,8718.19,19953.42,1.0294,17,18,0.007001,0.00022822,1,498,0
ACC02596,77212.17,81127.99,21,15,21,15,3676.77,5408.53,10698.69,18659.95,1.0588,15,21,0.007201,0.00021598,0,990,0
ACC02597,93232.97,88298.72,19,21,19,21,4907.0,4204.7,21196.31,31738.57,1.0256,21,19,0.008002,0.00024302,1,675,0
ACC02598,89916.04,64052.7,15,13,15,13,5994.4,4927.13,22237.6,12132.22,1.037,13,15,0.005601,0.00010716,1,664,0
ACC02599,148699.75,35784.65,23,10,23,10,6465.21,3578.47,22973.03,9507.9,1.0645,10,23,0.006601,8.324e-05,0,255,0
ACC02600,148592.34,61045.94,11,18,11,18,13508.39,3391.44,76375.0,16928.39,1.0741,18,11,0.005801,0.00013904,1,920,1
ACC02601,147068.05,109908.64,14,13,14,13,10504.86,8454.51,71172.0,24527.67,1.0,13,14,0.005401,0.00023983,1,990,1
ACC02602,196887.36,208125.41,18,20,18,20,10938.19,10406.27,65014.0,62413.44,1.0857,20,18,0.007602,0.00043705,1,990,1
ACC02603,29264.76,113789.25,7,16,7,16,4180.68,7111.83,8651.43,24336.99,1.0,16,7,0.004601,0.00023136,0,990,0
ACC02604,32693.75,85288.22,11,15,11,15,2972.16,5685.88,5758.29,27038.01,1.04,15,11,0.005201,0.00022566,1,664,0
ACC02605,149889.58,163412.01,15,15,15,15,9992.64,10894.13,84600.46,86327.0,1.0714,15,15,0.006001,0.00037121,1,920,1
ACC02606,76889.95,67085.11,13,16,13,16,5914.61,4192.82,24702.97,14076.79,1.1154,16,13,0.005801,0.00013912,1,920,0
ACC02607,95473.99,75660.51,18,15,18,15,5304.11,5044.03,29738.82,26749.25,1.0312,15,18,0.006601,0.00018322,1,675,0
ACC02608,50142.53,159941.87,15,17,15,17,3342.84,9408.35,9817.28,72628.13,1.0667,17,15,0.006401,0.00027187,1,664,0
ACC02609,108234.24,81587.45,21,15,21,15,5154.01,5439.16,13243.06,24415.41,1.0588,15,21,0.007201,0.00017302,0,498,0
ACC02610,251126.47,1128480.42,21,34,21,24,11958.4,33190.6,89109.0,98505.0,1.2222,24,21,0.009002,0.00037372,0,990,1
ACC02611,112464.57,46820.61,19,16,19,16,5919.19,2926.29,26306.05,8570.29,1.0606,16,19,0.007001,0.00012255,1,920,0
ACC02612,32183.04,61728.44,15,14,15,14,2145.54,4409.17,5856.97,13905.26,1.0741,14,15,0.005801,0.00011728,1,500,0
ACC02613,919758.21,49777.99,24,13,16,13,38323.26,3829.08,97966.0,8365.28,1.3214,13,16,0.005801,8.161e-05,1,498,1
ACC02614,88576.89,85939.09,20,19,20,19,4428.84,4523.11,21561.21,14920.4,1.0,19,20,0.007802,0.00017838,1,664,0
ACC02615,91413.82,108966.47,18,11,18,11,5078.55,9906.04,22422.19,47082.66,1.0741,11,18,0.005801,0.00016786,0,498,0
ACC02616,66994.43,22440.16,16,11,16,11,4187.15,2040.01,12660.98,6390.13,1.0385,11,16,0.005401,7.941e-05,0,675,0
ACC02617,100939.66,144000.93,10,16,10,16,10093.97,9000.06,44490.35,68900.79,1.04,16,10,0.005201,0.00019507,0,990,0
ACC02618,77146.03,92822.52,18,14,18,14,4285.89,6630.18,13668.08,28115.0,1.0323,14,18,0.006401,0.00012911,0,664,1
ACC02619,50845.31,29172.66,12,5,12,5,4237.11,5834.53,13567.67,18171.48,1.0625,5,12,0.003401,6.589e-05,0,500,0
ACC02620,118271.51,124522.78,16,14,16,14,7391.97,8894.48,66830.75,37930.0,1.0,14,16,0.006001,0.00023695,1,255,0
ACC02621,68752.4,49024.82,18,11,18,11,3819.58,4456.8,18147.39,10098.28,1.0,11,18,0.005801,0.00015273,0,498,0
ACC02622,36490.85,35517.85,12,13,12,13,3040.9,2732.14,11653.67,6392.41,1.0417,13,12,0.005001,8.31e-05,0,664,0
ACC02623,121973.34,55110.11,18,9,18,9,6776.3,6123.35,29401.2,13396.22,1.0,9,18,0.005401,0.00015647,1,990,0
ACC02624,99393.35,97267.47,17,15,17,15,5846.67,6484.5,31855.0,25672.67,1.1034,15,17,0.006401,0.00015618,1,920,1
ACC02625,65319.8,99085.26,11,18,11,18,5938.16,5504.74,34503.37,23330.0,1.0,18,11,0.005801,0.00015547,0,664,0
ACC02626,173211.74,133438.47,20,15,20,15,8660.59,8895.9,62265.6,63562.8,1.0606,15,20,0.007001,0.00029891,1,664,1
ACC02627,58004.15,126493.49,9,14,9,14,6444.91,9035.25,14254.54,56143.03,1.0,14,9,0.004601,0.00017248,0,990,0
ACC02628,105686.1,65273.64,14,16,14,16,7549.01,4079.6,32426.48,15282.63,1.0345,16,14,0.006001,0.00016828,1,498,0
ACC02629,45903.38,117702.66,12,16,12,16,3825.28,7356.42,12096.75,25146.86,1.037,16,12,0.005601,0.00023648,1,664,0
ACC02630,906075.01,35872.22,22,9,14,9,41185.23,3985.8,97867.0,9815.4,1.3478,9,14,0.004601,8.936e-05,1,664,1
ACC02631,57711.42,135775.87,14,26,14,26,4122.24,5222.15,9620.8,26998.0,1.0811,26,14,0.008002,0.00027553,1,990,1
ACC02632,70526.77,45865.72,19,8,19,8,3711.94,5733.22,19975.9,15292.21,1.0,8,19,0.005401,0.00013367,0,500,0
ACC02633,63681.63,56738.43,18,13,18,13,3537.87,4364.49,9190.54,14385.32,1.069,13,18,0.006201,0.00015278,1,255,0
ACC02634,59378.69,71639.84,11,13,11,13,5398.06,5510.76,21020.62,27455.5,1.0,13,11,0.004801,0.00014634,0,498,0
ACC02635,232061.18,92233.85,25,20,25,20,9282.45,4611.69,63815.0,13211.69,1.0227,20,25,0.009002,0.00018169,1,498,1
ACC02636,138998.5,211366.43,15,22,15,22,9266.57,9607.57,73350.06,74847.0,1.1212,22,15,0.007401,0.00051589,1,500,1
ACC02637,49215.75,130421.93,13,15,13,15,3785.83,8694.8,18574.83,57022.24,1.0,15,13,0.005601,0.00018489,0,675,1
ACC02638,103807.42,54056.91,14,10,14,10,7414.82,5405.69,23997.43,22975.37,1.0,10,14,0.004801,0.00010829,1,498,0
ACC02639,31274.04,49287.84,11,13,11,13,2843.09,3791.37,4535.0,17193.27,1.0,13,11,0.004801,0.00012211,1,675,0
ACC02640,803525.59,829569.22,21,33,21,33,38263.12,25138.46,672557.25,88164.0,1.3846,33,21,0.010802,0.00107361,1,664,1
ACC02641,88692.27,84899.47,16,21,16,21,5543.27,4042.83,31520.95,12365.01,1.0571,21,16,0.007401,0.00017867,0,255,0
ACC02642,128670.11,41603.94,20,11,20,11,6433.51,3782.18,45405.0,10167.31,1.0333,11,20,0.006201,0.00012203,1,498,1
ACC02643,33793.66,112218.67,16,20,16,18,2112.1,5610.93,6671.33,39652.49,1.0588,18,16,0.006801,0.00019781,1,664,0
ACC02644,92530.19,111735.43,17,30,17,30,5442.95,3724.51,18157.86,21853.02,1.0682,30,17,0.009402,0.00017797,1,498,0
ACC02645,143624.42,171867.54,14,20,14,19,10258.89,8593.38,87769.78,89561.0,1.1333,19,14,0.006601,0.00028764,1,255,1
ACC02646,40698.75,69946.92,11,14,11,14,3699.89,4996.21,7254.24,17359.0,1.1364,14,11,0.005001,0.00011356,0,990,1
ACC02647,35374.03,49773.92,15,9,15,9,2358.27,5530.44,7467.74,26957.42,1.0909,9,15,0.004801,0.00013486,0,664,0
ACC02648,90456.85,57612.82,19,17,19,17,4760.89,3388.99,13739.52,8705.24,1.0286,17,19,0.007201,0.0001537,0,664,0
ACC02649,88830.37,1285910.2,17,28,17,17,5225.32,45925.36,22923.99,98694.0,1.3636,17,17,0.006801,0.00021516,1,500,1
ACC02650,224211.45,104496.2,19,18,19,18,11800.6,5805.34,95000.0,30644.21,1.0571,18,19,0.007401,0.00021566,1,675,1
ACC02651,69687.91,27435.16,17,9,17,9,4099.29,3048.35,9654.84,4270.65,1.1304,9,17,0.005201,0.0001233,0,990,0
ACC02652,45099.9,67568.82,12,15,12,15,3758.33,4504.59,9478.32,16593.44,1.0,15,12,0.005401,0.00017057,1,498,0
ACC02653,47668.96,50978.5,7,16,7,16,6809.85,3186.16,18973.17,8019.24,1.0,16,7,0.004601,0.00013344,0,920,0
ACC02654,38520.47,39161.3,8,9,8,9,4815.06,4351.26,11219.76,12439.39,1.0625,9,8,0.003401,0.00012102,0,664,0
ACC02655,72541.27,131322.63,10,14,10,14,7254.13,9380.19,25442.38,24995.27,1.0,14,10,0.004801,0.00027293,1,990,0
ACC02656,56141.36,56570.51,18,13,18,13,3118.96,4351.58,13166.81,11053.32,1.0333,13,18,0.006201,0.00011325,1,664,0
ACC02657,92646.15,100828.87,11,16,11,16,8422.38,6301.8,43646.0,45979.92,1.0,16,11,0.005401,0.00031965,1,990,1
ACC02658,69466.25,71182.46,16,17,16,17,4341.64,4187.2,18914.04,19503.01,1.1379,17,16,0.006601,0.00015566,0,675,0
ACC02659,82078.95,86406.65,16,17,16,17,5129.93,5082.74,12710.53,15697.54,1.0645,17,16,0.006601,0.00028121,0,675,0
ACC02660,94320.27,37014.31,15,8,15,8,6288.02,4626.79,23249.88,10465.57,1.0952,8,15,0.004601,0.00014474,0,920,0
ACC02661,64508.11,47856.0,10,14,10,14,6450.81,3418.29,37835.09,8607.63,1.0435,14,10,0.004801,0.00012781,0,675,0
ACC02662,115491.79,99524.24,11,17,11,17,10499.25,5854.37,56991.0,29294.31,1.0769,17,11,0.005601,0.00022663,1,920,1
ACC02663,926579.18,51525.92,23,11,15,11,40286.05,4684.17,98377.0,13176.15,1.36,11,15,0.005201,0.00013784,1,498,1
ACC02664,47855.68,45316.83,14,19,14,19,3418.26,2385.1,6930.44,5823.1,1.0,19,14,0.006601,0.00010472,0,500,0
ACC02665,84827.49,82656.04,15,17,15,17,5655.17,4862.12,47030.0,35691.85,1.0,17,15,0.006401,0.00013152,0,990,1
ACC02666,82818.96,84771.88,19,18,19,18,4358.89,4709.55,23056.94,15106.43,1.0571,18,19,0.007401,0.00014745,1,255,0
ACC02667,123720.13,108221.17,15,11,15,11,8248.01,9838.29,86143.0,70478.0,1.04,11,15,0.005201,0.00015456,0,920,1
ACC02668,77104.9,86423.81,15,17,15,17,5140.33,5083.75,26634.6,16067.03,1.0,17,15,0.006401,0.00015651,0,500,0
ACC02669,787002.28,133876.86,24,20,18,19,32791.76,6693.84,98240.0,15317.33,1.1892,19,18,0.007401,0.00023714,1,500,1
ACC02670,61567.72,68704.67,15,20,15,20,4104.51,3435.23,10374.37,12529.69,1.0606,20,15,0.007001,0.00020126,0,498,0
ACC02671,74808.56,128328.53,15,16,15,16,4987.24,8020.53,19889.28,72155.22,1.0,16,15,0.006201,0.00025251,0,920,0
ACC02672,49808.32,86773.05,10,18,10,18,4980.83,4820.73,9480.64,20106.05,1.1667,18,10,0.005601,0.00019991,0,664,0
ACC02673,54391.24,80818.06,15,11,15,11,3626.08,7347.1,7833.19,54936.0,1.0,11,15,0.005201,8.113e-05,1,664,1
ACC02674,55524.92,87842.01,14,17,14,17,3966.07,5167.18,9990.08,15725.23,1.0,17,14,0.006201,0.00021691,1,498,0
ACC02675,52236.39,113161.13,16,19,16,19,3264.77,5955.85,12894.2,40921.0,1.0606,19,16,0.007001,0.00017488,0,498,1
ACC02676,186848.8,76956.89,23,17,23,17,8123.86,4526.88,73798.0,29324.2,1.0526,17,23,0.008002,0.00016191,1,498,1
ACC02677,66522.06,119155.85,12,16,12,16,5543.51,7447.24,17898.12,45272.92,1.12,16,12,0.005601,0.00017267,0,920,0
ACC02678,189866.2,75589.96,14,15,14,15,13561.87,5039.33,89922.0,17496.65,1.1154,15,14,0.005801,0.00010287,1,920,1
ACC02679,55459.72,32388.78,15,9,15,9,3697.31,3598.75,13140.71,13281.79,1.0435,9,15,0.004801,8.726e-05,0,500,0
ACC02680,84513.79,396932.06,15,19,15,18,5634.25,20891.16,18911.48,92399.0,1.1333,18,15,0.006601,0.00035895,1,920,1
ACC02681,42900.61,180149.85,13,20,13,20,3300.05,9007.49,9901.23,66819.0,1.1379,20,13,0.006601,0.00021879,0,498,1
ACC02682,199987.5,117630.81,21,15,21,15,9523.21,7842.05,73784.64,75321.82,1.0588,15,21,0.007201,0.00022909,1,990,1
ACC02683,67722.44,57411.19,16,13,16,13,4232.65,4416.25,13357.29,13749.36,1.0357,13,16,0.005801,0.00014419,0,990,0
ACC02684,66030.39,47741.72,18,14,18,13,3668.36,3410.12,13120.75,10706.39,1.0,13,18,0.006201,0.00012595,0,664,0
ACC02685,74141.49,82790.35,13,17,13,17,5703.19,4870.02,23924.55,22091.48,1.0,17,13,0.006001,0.00015851,1,920,0
ACC02686,140091.96,87217.32,21,22,21,22,6671.05,3964.42,34148.83,14162.61,1.0238,22,21,0.008602,0.00017072,1,500,0
ACC02687,65069.35,88871.93,9,15,9,15,7229.93,5924.8,25938.27,18874.47,1.0909,15,9,0.004801,0.00021289,0,990,0
ACC02688,113124.46,18402.64,23,11,23,11,4918.45,1672.97,14580.08,3880.64,1.0625,11,23,0.006801,5.85e-05,1,500,0
ACC02689,27468.93,54259.88,11,17,11,17,2497.18,3191.76,8690.58,7676.67,1.0,17,11,0.005601,0.00013679,0,920,0
ACC02690,77090.01,33223.19,18,12,18,12,4282.78,2768.6,20908.08,5930.73,1.0345,12,18,0.006001,9.422e-05,0,255,0
ACC02691,49657.95,40999.74,15,13,15,13,3310.53,3153.83,8210.68,8288.16,1.0,13,15,0.005601,9.984e-05,1,990,0
ACC02692,122146.78,86883.07,21,18,21,18,5816.51,4826.84,23215.08,24631.52,1.0541,18,21,0.007802,0.00014474,1,675,0
ACC02693,173107.04,110008.18,14,16,14,16,12364.79,6875.51,69844.0,20522.35,1.0,16,14,0.006001,0.0002464,1,498,1
ACC02694,103594.43,73659.17,17,13,17,13,6093.79,5666.09,17389.58,17938.22,1.0345,13,17,0.006001,0.00013499,0,920,0
ACC02695,157890.58,82678.99,16,22,16,22,9868.16,3758.14,56444.0,10836.04,1.0556,22,16,0.007602,0.00020781,1,920,1
ACC02696,139158.81,74702.76,19,17,19,17,7324.15,4394.28,46136.72,13395.17,1.0588,17,19,0.007201,0.00013862,1,920,0
ACC02697,52318.79,52708.76,14,13,14,13,3737.06,4054.52,9830.63,24151.42,1.08,13,14,0.005401,0.00027528,0,675,0
ACC02698,136817.9,105970.79,14,12,14,12,9772.71,8830.9,74171.0,38027.11,1.0833,12,14,0.005201,0.00027513,0,920,1
ACC02699,78464.4,74750.47,14,17,14,17,5604.6,4397.09,34600.57,15002.64,1.069,17,14,0.006201,0.00015584,1,920,0
ACC02700,98874.54,98593.54,19,13,19,13,5203.92,7584.12,13568.86,25637.21,1.0,13,19,0.006401,0.00020294,1,675,0
ACC02701,46662.09,93264.17,12,14,12,14,3888.51,6661.73,9074.22,48848.31,1.04,14,12,0.005201,0.00017577,1,500,0
ACC02702,81529.97,150682.8,17,19,17,19,4795.88,7930.67,20780.0,47303.36,1.0588,19,17,0.007201,0.00022991,0,500,0
ACC02703,67923.74,84467.31,12,15,12,15,5660.31,5631.15,18928.13,23396.5,1.0,15,12,0.005401,0.0002055,0,498,0
ACC02704,55947.23,80139.73,9,13,9,13,6216.36,6164.59,18604.84,23862.18,1.0,13,9,0.004401,0.00018738,1,500,0
ACC02705,73950.09,57047.87,17,16,17,16,4350.01,3565.49,11014.57,12337.02,1.1,16,17,0.006601,0.00017834,0,498,0
ACC02706,132819.43,39786.02,19,15,19,15,6990.5,2652.4,27302.99,9117.58,1.0625,15,19,0.006801,0.00014614,0,920,0
ACC02707,71931.81,855811.61,12,27,12,20,5994.32,31696.73,16120.61,97439.0,1.2188,20,12,0.006401,0.00029555,1,498,1
ACC02708,140193.9,151331.25,22,23,22,23,6372.45,6579.62,65364.0,62749.44,1.0976,23,22,0.009002,0.00032094,1,498,1
ACC02709,42951.23,89527.97,15,13,15,13,2863.42,6886.77,9388.96,17594.09,1.037,13,15,0.005601,0.00017555,0,990,0
ACC02710,92147.03,101872.95,11,13,11,13,8377.0,7836.38,52190.4,53277.7,1.0909,13,11,0.004801,0.00026253,1,664,1
ACC02711,69051.14,148384.69,15,18,15,18,4603.41,8243.59,8990.34,66058.73,1.0645,18,15,0.006601,0.00022866,1,255,0
ACC02712,88031.82,1013688.56,17,27,17,18,5178.34,37544.02,32119.68,98864.0,1.2941,18,17,0.007001,0.00038798,1,920,1
ACC02713,104278.38,90924.19,10,13,10,13,10427.84,6994.17,87324.2,26797.75,1.0,13,10,0.004601,0.00016906,0,498,1
ACC02714,64164.76,657470.56,18,22,18,22,3564.71,29885.03,11027.29,536758.55,1.1111,22,18,0.008002,0.00159586,1,498,1
ACC02715,55561.42,126147.45,14,15,14,15,3968.67,8409.83,13191.9,65624.0,1.0741,15,14,0.005801,0.00018149,0,990,1
ACC02716,106729.4,122993.22,16,21,16,21,6670.59,5856.82,42062.39,30446.57,1.0571,21,16,0.007401,0.00023629,1,255,1
ACC02717,27537.88,48724.62,6,11,6,11,4589.65,4429.51,14946.32,17662.02,1.0,11,6,0.003401,8.529e-05,0,675,0
ACC02718,93557.42,63070.88,13,13,13,13,7196.72,4851.61,43034.26,27223.99,1.0,13,13,0.005201,0.00018529,0,664,0
ACC02719,61657.31,61440.36,12,8,12,8,5138.11,7680.04,19114.62,18827.22,1.0,8,12,0.004001,0.00017297,0,990,0
ACC02720,86921.91,68341.96,11,15,11,15,7901.99,4556.13,34368.29,11670.48,1.04,15,11,0.005201,0.00017694,1,498,0
ACC02721,28482.83,124919.47,8,16,8,16,3560.35,7807.47,10168.34,34332.43,1.0435,16,8,0.004801,0.00023269,0,675,0
ACC02722,133209.63,59669.43,16,19,16,19,8325.6,3140.5,72348.81,14974.36,1.0938,19,16,0.007001,0.0001608,1,920,0
ACC02723,110191.02,78906.18,26,17,26,17,4238.12,4641.54,15032.46,10692.12,1.1316,17,26,0.008602,0.00015734,1,498,0
ACC02724,193977.66,123728.31,12,20,12,20,16164.81,6186.42,93094.0,30074.96,1.0,20,12,0.006401,0.00037074,0,920,1
ACC02725,121803.59,100568.84,15,22,15,22,8120.24,4571.31,61174.0,29174.71,1.0571,22,15,0.007401,0.00022934,1,498,1
ACC02726,65647.41,105417.83,13,20,13,20,5049.8,5270.89,24819.18,15725.55,1.0645,20,13,0.006601,0.0002342,1,500,0
ACC02727,148970.48,61979.3,23,20,23,20,6476.98,3098.96,44662.0,8525.5,1.1944,20,23,0.008602,0.00017582,1,990,1
ACC02728,73050.42,88680.75,15,18,15,18,4870.03,4926.71,14874.51,17717.41,1.0,18,15,0.006601,0.00027722,0,255,0
ACC02729,58094.7,89295.22,18,11,18,11,3227.48,8117.75,11606.23,23253.29,1.0,11,18,0.005801,0.000208,1,255,0
ACC02730,165844.73,102517.13,21,22,21,22,7897.37,4659.87,71296.0,15156.51,1.1622,22,21,0.008602,0.00018754,1,990,1
ACC02731,69526.1,59949.24,14,17,14,17,4966.15,3526.43,21439.42,15018.6,1.069,17,14,0.006201,0.00014406,1,664,0
ACC02732,63262.2,133911.48,14,20,14,20,4518.73,6695.57,17450.99,50182.76,1.0625,20,14,0.006801,0.00022342,0,990,0
ACC02733,170405.6,83758.63,22,19,22,19,7745.71,4408.35,39696.66,16278.88,1.025,19,22,0.008202,0.00020983,0,498,0
ACC02734,110420.32,42167.96,12,11,11,11,9201.69,3833.45,59526.0,9754.47,1.0455,11,11,0.004401,0.00016297,0,500,1
ACC02735,68992.48,240348.16,15,13,15,13,4599.5,18488.32,12423.3,89420.0,1.037,13,15,0.005601,0.00047098,1,990,1
ACC02736,61101.13,70539.05,19,14,19,14,3215.85,5038.5,7555.91,18382.27,1.0645,14,19,0.006601,0.00013872,1,664,0
ACC02737,93520.19,124959.08,8,15,8,15,11690.02,8330.61,71034.0,35421.16,1.0952,15,8,0.004601,0.00028968,1,920,1
ACC02738,100371.7,19542.5,14,9,14,9,7169.41,2171.39,27291.48,5164.26,1.0455,9,14,0.004601,7.783e-05,1,675,0
ACC02739,70143.36,95115.02,19,20,19,20,3691.76,4755.75,10046.14,13576.78,1.0263,20,19,0.007802,0.00019845,0,664,0
ACC02740,65004.63,78821.42,15,11,15,11,4333.64,7165.58,14469.74,41455.93,1.04,11,15,0.005201,0.00018671,0,675,0
ACC02741,76288.92,81323.35,16,18,16,18,4768.06,4517.96,15033.98,24546.1,1.0625,18,16,0.006801,0.00015265,1,920,0
ACC02742,37036.7,70248.98,11,13,11,13,3366.97,5403.77,7032.88,10719.07,1.0,13,11,0.004801,0.00019853,0,920,0
ACC02743,57540.5,92353.0,15,20,15,20,3836.03,4617.65,15146.82,15048.24,1.0606,20,15,0.007001,0.00021698,1,675,0
ACC02744,155792.28,34967.03,23,11,23,11,6773.58,3178.82,47280.03,6966.06,1.1724,11,23,0.006801,0.00012868,1,990,0
ACC02745,902268.94,69867.35,22,12,14,12,41012.22,5822.28,98711.0,39480.95,1.3077,12,14,0.005201,0.00014477,1,498,1
ACC02746,109476.76,124718.19,20,15,20,15,5473.84,8314.55,42769.0,37454.22,1.0938,15,20,0.007001,0.00031887,1,920,1
ACC02747,67187.15,54164.15,20,13,20,13,3359.36,4166.47,8591.73,9521.5,1.0312,13,20,0.006601,0.00015665,1,675,0
ACC02748,54427.3,83876.25,15,18,15,18,3628.49,4659.79,12316.83,18012.03,1.1,18,15,0.006601,0.00016645,0,498,0
ACC02749,39127.68,75154.65,9,17,9,17,4347.52,4420.86,12922.64,13767.24,1.04,17,9,0.005201,0.00013024,0,990,0
ACC02750,150897.76,77142.81,28,17,28,17,5389.21,4537.81,23715.46,19503.93,1.0976,17,28,0.009002,0.00014928,1,920,0
ACC02751,80258.85,53711.79,16,13,16,13,5016.18,4131.68,21499.04,12359.34,1.0,13,16,0.005801,0.00014143,1,990,0
ACC02752,55980.43,84496.51,16,21,16,21,3498.78,4023.64,13274.24,13810.76,1.0278,21,16,0.007401,0.00016577,1,990,0
ACC02753,67433.6,107212.98,15,24,15,24,4495.57,4467.21,20704.26,16239.85,1.0541,24,15,0.007802,0.00018415,0,920,0
ACC02754,111315.04,203161.75,22,18,21,18,5059.77,11286.76,27527.9,76402.0,1.0256,18,21,0.007802,0.00025501,0,920,1
ACC02755,82572.13,175750.31,19,17,19,17,4345.9,10338.25,20211.99,68716.77,1.0,17,19,0.007201,0.00025235,0,990,0
ACC02756,153351.38,108361.06,17,19,17,19,9020.67,5703.21,36116.32,22277.36,1.0286,19,17,0.007201,0.00023935,1,920,0
ACC02757,83668.95,69351.79,17,18,17,18,4921.7,3852.88,11255.82,11666.05,1.0294,18,17,0.007001,0.00016593,1,664,0
ACC02758,100152.78,82651.6,20,18,20,18,5007.64,4591.76,36108.0,10885.08,1.027,18,20,0.007602,0.00022713,1,990,1
ACC02759,38054.72,69938.94,13,20,13,20,2927.29,3496.95,6483.65,23499.31,1.0,20,13,0.006601,0.000183,1,500,0
ACC02760,45232.57,93654.84,12,20,12,20,3769.38,4682.74,14144.44,26394.47,1.0667,20,12,0.006401,0.00018558,1,675,0
ACC02761,126595.61,48078.03,14,10,14,10,9042.54,4807.8,79889.0,17411.28,1.0,10,14,0.004801,0.00016507,0,255,1
ACC02762,102701.05,69104.68,21,12,21,12,4890.53,5758.72,13850.29,37840.0,1.0312,12,21,0.006601,9.759e-05,1,498,1
ACC02763,87909.93,63520.34,12,16,12,16,7325.83,3970.02,28710.64,14957.65,1.037,16,12,0.005601,0.0001424,1,255,0
ACC02764,41810.26,133654.52,13,16,13,16,3216.17,8353.41,8052.86,54768.0,1.0741,16,13,0.005801,0.00014688,0,920,1
ACC02765,146312.92,100182.82,18,12,18,12,8128.5,8348.57,31110.62,56559.49,1.0345,12,18,0.006001,0.00020327,1,498,0
ACC02766,129532.2,75976.87,13,14,13,13,9964.02,5426.92,67958.0,28313.0,1.0385,13,13,0.005201,0.00012527,1,920,1
ACC02767,50905.64,112161.63,8,9,8,9,6363.2,12462.4,21921.55,60219.07,1.0625,9,8,0.003401,0.0002067,0,675,0
ACC02768,91467.62,114220.76,16,19,16,19,5716.73,6011.62,32835.13,56902.49,1.0294,19,16,0.007001,0.00018276,1,498,0
ACC02769,69504.12,75184.17,12,19,12,19,5792.01,3957.06,19092.55,9377.14,1.0333,19,12,0.006201,0.00022393,0,675,0
ACC02770,1157351.5,68513.51,24,16,13,16,48222.98,4282.09,98136.0,13992.87,1.3793,16,13,0.005801,0.00017577,0,675,1
ACC02771,48522.84,53458.03,10,21,10,21,4852.28,2545.62,19226.56,6492.23,1.069,21,10,0.006201,0.00016442,0,920,0
ACC02772,69160.88,76301.64,16,17,16,17,4322.56,4488.33,15791.26,24917.37,1.0312,17,16,0.006601,0.00013595,1,498,0
ACC02773,72431.06,50084.88,8,11,8,11,9053.88,4553.17,35286.0,16606.47,1.0,11,8,0.003801,0.00010662,0,500,1
ACC02774,93231.02,117083.31,13,17,13,17,7171.62,6887.25,35184.96,35917.98,1.1538,17,13,0.006001,0.00038398,1,920,1
ACC02775,138900.89,85119.74,20,16,20,16,6945.04,5319.98,70669.0,11307.38,1.0588,16,20,0.007201,0.00017532,1,500,1
ACC02776,112085.39,133458.68,18,25,18,25,6226.97,5338.35,19454.98,17944.45,1.075,25,18,0.008602,0.00026257,1,664,0
ACC02777,90186.21,60247.39,17,15,17,15,5305.07,4016.49,16692.42,11169.55,1.1429,15,17,0.006401,0.00011558,0,498,0
ACC02778,115965.9,103876.81,13,22,13,22,8920.45,4721.67,60572.0,17547.12,1.0294,22,13,0.007001,0.00021275,1,920,1
ACC02779,143464.22,62563.78,13,16,13,16,11035.71,3910.24,63253.72,12071.37,1.0,16,13,0.005801,0.0001988,0,920,0
ACC02780,69550.2,70837.93,17,13,17,13,4091.19,5449.07,13826.84,13226.35,1.0345,13,17,0.006001,0.00017541,1,498,0
ACC02781,52400.06,76132.81,11,12,11,12,4763.64,6344.4,24472.31,17261.12,1.0455,12,11,0.004601,0.00017338,1,500,0
ACC02782,74773.83,78024.74,13,17,13,17,5751.83,4589.69,25149.55,10418.78,1.0714,17,13,0.006001,0.00017145,1,500,0
ACC02783,94132.9,129909.01,10,15,10,15,9413.29,8660.6,69725.0,66936.0,1.1364,15,10,0.005001,0.00024914,1,990,1
ACC02784,184737.55,174677.36,24,24,24,24,7697.4,7278.22,69478.08,70896.0,1.0213,24,24,0.009602,0.00038635,1,500,1
ACC02785,44080.4,55130.01,12,10,12,10,3673.37,5513.0,21452.25,13579.12,1.0,10,12,0.004401,0.000111,0,920,0
ACC02786,104689.63,109920.35,17,17,17,17,6158.21,6465.9,25551.37,34398.55,1.0968,17,17,0.006801,0.00020337,1,500,0
ACC02787,97794.63,60771.46,17,15,17,15,5752.63,4051.43,56542.77,18377.8,1.0,15,17,0.006401,0.00013436,1,675,0
ACC02788,84259.48,96600.51,16,18,16,18,5266.22,5366.69,37261.77,28650.04,1.0625,18,16,0.006801,0.00019506,1,920,0
ACC02789,68962.55,68498.54,11,18,11,18,6269.32,3805.47,18894.7,20178.8,1.1154,18,11,0.005801,0.00012043,1,675,0
ACC02790,58736.16,107636.88,16,23,16,23,3671.01,4679.86,8745.47,15112.19,1.0541,23,16,0.007802,0.00026043,1,675,0
ACC02791,52312.7,89886.09,13,13,13,13,4024.05,6914.31,14657.24,28233.79,1.04,13,13,0.005201,0.00018553,1,498,0
ACC02792,30422.81,77721.27,9,10,9,10,3380.31,7772.13,6440.62,40175.0,1.0556,10,9,0.003801,9.692e-05,0,990,1
ACC02793,46483.21,97630.22,10,14,10,14,4648.32,6973.59,15488.88,48205.82,1.0435,14,10,0.004801,0.00023249,0,990,0
ACC02794,1115512.81,58544.53,30,13,19,13,37183.76,4503.43,97414.0,17016.22,1.3438,13,19,0.006401,0.00018865,1,990,1
ACC02795,30038.72,121066.37,10,18,10,18,3003.87,6725.91,6043.32,17010.67,1.0,18,10,0.005601,0.00030003,0,920,0
ACC02796,83271.55,73263.15,14,16,14,16,5947.97,4578.95,17499.25,14992.27,1.0345,16,14,0.006001,0.00017899,1,500,0
ACC02797,195768.85,153519.36,21,17,21,17,9322.33,9030.55,73522.0,53245.0,1.0857,17,21,0.007602,0.00025228,1,920,1
ACC02798,85371.5,70940.22,15,21,15,21,5691.43,3378.11,26230.7,15014.7,1.0588,21,15,0.007201,0.00016936,1,500,0
ACC02799,133216.51,123446.4,20,18,20,18,6660.83,6858.13,21782.99,63477.0,1.0556,18,20,0.007602,0.00013929,1,498,1
ACC02800,61867.55,71427.47,12,12,12,12,5155.63,5952.29,14751.37,15835.22,1.0435,12,12,0.004801,0.00015087,0,664,0
ACC02801,37169.69,67989.55,12,18,12,18,3097.47,3777.2,8088.65,15190.06,1.0714,18,12,0.006001,0.00015462,1,990,0
ACC02802,79553.29,150225.83,17,16,17,16,4679.61,9389.11,14652.01,87606.85,1.1,16,17,0.006601,0.00022007,0,920,0
ACC02803,37918.93,68763.01,12,18,12,18,3159.91,3820.17,11223.85,11919.87,1.1111,18,12,0.006001,0.00014358,0,990,0
ACC02804,48381.56,56192.63,14,15,14,15,3455.83,3746.18,7639.12,10670.47,1.0357,15,14,0.005801,0.0001436,1,498,0
ACC02805,44549.46,117474.8,17,20,17,20,2620.56,5873.74,7328.71,21575.09,1.0,20,17,0.007401,0.00025439,1,255,0
ACC02806,129290.51,87203.81,20,12,20,12,6464.53,7266.98,47973.0,33253.0,1.1034,12,20,0.006401,0.000111,1,664,1
ACC02807,74871.92,53296.38,13,14,13,14,5759.38,3806.88,26418.88,21182.22,1.0385,14,13,0.005401,0.00013253,1,675,0
ACC02808,65175.08,121430.71,12,19,12,19,5431.26,6391.09,15182.82,67834.0,1.069,19,12,0.006201,0.0001613,0,675,1
ACC02809,157399.98,47773.91,19,15,19,15,8284.21,3184.93,48437.0,6324.16,1.1333,15,19,0.006801,0.00011992,1,920,1
ACC02810,38312.1,65130.98,13,11,13,11,2947.08,5921.0,7882.46,32221.45,1.0435,11,13,0.004801,0.00016261,0,675,0
ACC02811,120515.38,45045.42,18,13,18,13,6695.3,3465.03,52576.0,11365.85,1.0333,13,18,0.006201,9.812e-05,0,920,1
ACC02812,90328.03,87254.92,20,18,20,18,4516.4,4847.5,10068.13,26558.83,1.027,18,20,0.007602,0.00022869,0,498,0
ACC02813,64378.84,72527.49,19,15,19,15,3388.36,4835.17,14448.45,22156.48,1.0625,15,19,0.006801,0.00022155,0,500,0
ACC02814,61698.36,117247.59,15,22,15,22,4113.22,5329.44,10341.72,49050.0,1.0278,22,15,0.007401,0.00016651,0,920,1
ACC02815,64893.97,113893.84,11,17,11,17,5899.45,6699.64,19675.04,34919.91,1.037,17,11,0.005601,0.00028295,0,920,0
ACC02816,88715.26,31281.95,17,13,17,13,5218.54,2406.3,35105.55,6105.39,1.0,13,17,0.006001,9.3e-05,1,990,0
ACC02817,134630.84,168457.33,11,21,11,21,12239.17,8021.78,70896.0,68060.16,1.0667,21,11,0.006401,0.00034407,1,500,1
ACC02818,67552.92,88490.6,12,20,12,20,5629.41,4424.53,28172.8,21596.55,1.0667,20,12,0.006401,0.00017465,1,920,0
ACC02819,169226.73,153683.6,16,13,16,13,10576.67,11821.82,78106.56,79733.78,1.16,13,16,0.005801,0.00028355,1,675,1
ACC02820,65657.58,30894.81,16,13,16,13,4103.6,2376.52,10044.73,4898.64,1.0,13,16,0.005801,9.965e-05,0,498,0
ACC02821,120083.27,121609.25,13,16,13,16,9237.17,7600.58,31004.42,51891.14,1.1154,16,13,0.005801,0.00023315,1,664,0
ACC02822,142698.69,94932.44,16,16,16,16,8918.67,5933.28,83762.0,34397.94,1.1034,16,16,0.006401,0.00015133,1,990,1
ACC02823,85033.2,80182.4,16,18,16,18,5314.57,4454.58,34929.57,25412.77,1.0968,18,16,0.006801,0.00011023,1,675,0
ACC02824,64338.18,82390.47,17,13,17,13,3784.6,6337.73,13627.65,35653.49,1.0,13,17,0.006001,0.00014535,1,675,0
ACC02825,103792.42,159133.31,11,23,11,23,9435.67,6918.84,56016.58,65553.0,1.0,23,11,0.006801,0.00022238,0,990,1
ACC02826,118104.63,57735.93,21,8,21,8,5624.03,7216.99,23421.68,14499.67,1.0,8,21,0.005801,0.00011571,0,664,0
ACC02827,222732.87,66912.81,18,11,18,11,12374.05,6082.98,84947.0,18043.02,1.0357,11,18,0.005801,0.00014257,1,675,1
ACC02828,71676.4,37956.73,15,11,15,11,4778.43,3450.61,11626.88,9324.71,1.04,11,15,0.005201,9.135e-05,0,990,0
ACC02829,45241.01,83497.11,14,21,14,21,3231.5,3976.05,9556.57,16165.39,1.0294,21,14,0.007001,0.00019948,1,990,0
ACC02830,97401.35,27036.71,17,9,17,9,5729.49,3004.08,21263.03,5643.09,1.04,9,17,0.005201,8.769e-05,0,498,0
ACC02831,49730.28,104642.51,18,17,18,17,2762.79,6155.44,8347.95,47909.42,1.129,17,18,0.007001,0.00020805,1,498,0
ACC02832,50870.46,89174.58,12,15,12,14,4239.21,5944.97,7878.64,21351.11,1.0385,14,12,0.005201,0.00016256,0,498,0
ACC02833,87253.66,83925.13,15,14,15,14,5816.91,5994.65,36597.64,28172.8,1.0741,14,15,0.005801,0.00020947,1,990,0
ACC02834,58900.56,86923.69,13,15,13,15,4530.81,5794.91,15155.12,14399.29,1.0,15,13,0.005601,0.00026838,0,920,0
ACC02835,59617.13,105615.52,9,11,9,11,6624.13,9601.41,21891.84,52160.35,1.0,11,9,0.004001,0.00015612,0,990,0
ACC02836,54337.61,71248.04,13,20,13,20,4179.82,3562.4,18349.7,17844.29,1.0312,20,13,0.006601,0.00012317,1,498,0
ACC02837,141434.27,64013.22,15,14,15,14,9428.95,4572.37,47148.43,12739.56,1.0741,14,15,0.005801,0.00013995,0,675,0
ACC02838,97154.62,122090.25,15,17,15,17,6476.97,7181.78,26210.03,30968.4,1.0323,17,15,0.006401,0.0002523,1,675,0
ACC02839,69443.49,80256.14,17,17,17,17,4084.91,4720.95,14464.29,18127.97,1.0968,17,17,0.006801,0.00019845,0,500,0
ACC02840,68908.49,80873.2,14,21,14,21,4922.04,3851.1,14587.41,11586.77,1.0,21,14,0.007001,0.00022633,1,255,0
ACC02841,153710.62,54195.84,14,13,14,13,10979.33,4168.91,62931.0,12555.94,1.0,13,14,0.005401,0.00013646,0,675,1
ACC02842,62826.64,151446.85,17,21,17,21,3695.68,7211.75,13487.88,42874.98,1.027,21,17,0.007602,0.00029807,1,498,0
ACC02843,124669.21,78852.16,18,19,18,19,6926.07,4150.11,60219.07,15573.24,1.0,19,18,0.007401,0.00015321,1,664,0
ACC02844,91839.06,89310.16,16,17,16,17,5739.94,5253.54,16219.3,17852.24,1.0312,17,16,0.006601,0.00019017,1,920,0
ACC02845,70933.11,121044.1,16,19,16,19,4433.32,6370.74,14178.19,31144.76,1.0606,19,16,0.007001,0.00020721,1,920,0
ACC02846,72084.09,91871.45,18,18,18,18,4004.67,5103.97,11734.83,26743.17,1.0909,18,18,0.007201,0.00019357,1,664,0
ACC02847,102435.58,127320.85,20,21,20,21,5121.78,6062.9,18224.57,22834.84,1.0789,21,20,0.008202,0.00030564,1,920,0
ACC02848,103084.51,74994.6,16,8,16,8,6442.78,9374.33,29020.86,22581.33,1.0435,8,16,0.004801,0.00012271,0,255,0
ACC02849,112093.19,30514.99,19,12,19,12,5899.64,2542.92,21776.86,5765.08,1.1071,12,19,0.006201,8.227e-05,1,675,0
ACC02850,85204.22,142107.34,18,24,17,24,4733.57,5921.14,17937.24,25599.06,1.05,24,17,0.008202,0.00033554,1,664,0
ACC02851,88851.55,98559.5,14,22,14,22,6346.54,4479.98,30365.69,13011.41,1.0286,22,14,0.007201,0.00022827,0,498,0
ACC02852,149785.12,63514.32,16,16,16,16,9361.57,3969.65,43928.34,14731.38,1.0,16,16,0.006401,0.00019571,1,675,0
ACC02853,64318.3,82553.92,15,15,15,15,4287.89,5503.59,8937.17,12918.85,1.0345,15,15,0.006001,0.00013874,0,920,0
ACC02854,104730.83,70378.21,15,17,15,17,6982.06,4139.89,47740.0,19371.58,1.0323,17,15,0.006401,0.00013313,0,990,1
ACC02855,105702.2,57945.75,22,10,22,10,4804.65,5794.57,11346.42,26670.48,1.0,10,22,0.006401,0.00015072,0,990,0
ACC02856,343764.49,133182.65,26,18,26,18,13221.71,7399.04,79699.0,62662.08,1.0732,18,26,0.008802,0.00023401,1,664,1
ACC02857,74144.05,47462.49,18,15,18,15,4119.11,3164.17,12780.49,15763.85,1.0,15,18,0.006601,0.00014016,0,664,0
ACC02858,48281.07,56861.89,15,15,15,15,3218.74,3790.79,10299.33,20790.38,1.0345,15,15,0.006001,0.00013019,0,498,0
ACC02859,96862.41,76450.44,12,16,12,16,8071.87,4778.15,21244.0,13851.61,1.0769,16,12,0.005601,0.00019904,0,920,1
ACC02860,77225.64,96284.22,13,15,12,15,5940.43,6418.95,39330.24,40149.62,1.0769,15,12,0.005401,0.00016791,1,498,1
ACC02861,36647.6,104318.01,11,17,11,17,3331.6,6136.35,5633.3,21837.2,1.0,17,11,0.005601,0.00017093,1,255,0
ACC02862,44122.67,90710.74,14,19,14,19,3151.62,4774.25,7603.17,20462.42,1.0312,19,14,0.006601,0.00019169,1,498,0
ACC02863,69053.98,63021.55,23,11,23,11,3002.35,5729.23,11348.71,11192.29,1.0,11,23,0.006801,0.00016764,0,990,0
ACC02864,58512.65,62458.81,13,12,13,12,4500.97,5204.9,14060.15,16015.18,1.0,12,13,0.005001,0.00016061,0,498,0
ACC02865,76852.29,62478.17,10,17,10,17,7685.23,3675.19,41497.3,8940.82,1.0385,17,10,0.005401,0.00013903,0,990,0
ACC02866,37591.98,77829.78,11,13,11,13,3417.45,5986.91,7782.06,14748.88,1.0909,13,11,0.004801,0.00018209,0,675,0
ACC02867,42728.88,34944.76,14,10,14,10,3052.06,3494.48,12251.12,8990.5,1.0435,10,14,0.004801,8.646e-05,0,920,0
ACC02868,71249.96,33650.63,17,12,17,12,4191.17,2804.22,26682.69,8633.3,1.0357,12,17,0.005801,0.00010448,1,664,0
ACC02869,119205.13,1019153.57,15,22,15,13,7947.01,46325.16,40033.0,97752.0,1.3704,13,15,0.005601,0.00019669,1,664,1
ACC02870,64170.81,1226332.55,17,21,17,10,3774.75,58396.79,15170.65,97899.0,1.4074,10,17,0.005401,0.00041478,0,500,1
ACC02871,81474.3,58605.69,20,13,20,13,4073.72,4508.13,15163.07,15937.9,1.0645,13,20,0.006601,0.0001352,0,664,0
ACC02872,53230.67,61462.24,17,15,17,15,3131.22,4097.48,7105.73,10645.69,1.0,15,17,0.006401,0.00013596,1,990,0
ACC02873,49559.99,39623.23,17,11,17,11,2915.29,3602.11,8476.8,9038.43,1.037,11,17,0.005601,0.00014237,0,990,0
ACC02874,92731.29,71345.64,14,13,14,13,6623.66,5488.13,31444.15,28978.96,1.08,13,14,0.005401,0.00018947,0,498,0
ACC02875,106700.37,174889.1,20,12,20,12,5335.02,14574.09,19868.46,57806.2,1.0667,12,20,0.006401,0.00027839,1,920,0
ACC02876,119477.58,149618.4,18,20,18,20,6637.64,7480.92,23028.35,79487.0,1.0857,20,18,0.007602,0.00017481,1,920,1
ACC02877,115134.79,135457.51,21,19,21,19,5482.61,7129.34,27764.09,34848.0,1.0811,19,21,0.008002,0.00025048,1,498,1
ACC02878,61027.36,66356.96,17,13,17,13,3589.84,5104.38,20770.29,17774.56,1.0714,13,17,0.006001,0.00016684,0,255,0
ACC02879,84203.53,23186.6,8,15,8,15,10525.44,1545.77,61952.0,3989.33,1.0,15,8,0.004601,8.149e-05,0,675,1
ACC02880,70301.34,126421.46,14,12,14,12,5021.52,10535.12,16477.16,33981.42,1.04,12,14,0.005201,0.00025865,1,675,0
ACC02881,83335.46,46502.13,12,12,12,12,6944.62,3875.18,20745.95,9192.65,1.0,12,12,0.004801,9.806e-05,0,675,0
ACC02882,156577.21,64209.43,15,15,15,15,10438.48,4280.63,77343.0,13900.15,1.0345,15,15,0.006001,0.00014099,0,990,1
ACC02883,83247.53,60833.77,10,21,10,21,8324.75,2896.85,30936.63,7032.16,1.0333,21,10,0.006201,0.00012499,0,498,0
ACC02884,75056.55,89646.42,19,13,19,13,3950.34,6895.88,12208.59,38810.2,1.0667,13,19,0.006401,0.00013768,1,498,0
ACC02885,1847320.9,140149.83,32,23,15,23,57728.78,6093.47,98856.0,40752.26,1.5714,23,15,0.007602,0.00028651,1,255,1
ACC02886,167587.56,52240.86,20,14,20,14,8379.38,3731.49,57125.0,7873.68,1.0968,14,20,0.006801,0.00010592,0,500,1
ACC02887,77035.86,53919.79,17,16,17,16,4531.52,3369.99,15890.11,9569.83,1.1,16,17,0.006601,0.00017256,0,920,0
ACC02888,409448.82,53733.23,28,15,28,15,14623.17,3582.22,55748.0,8281.05,1.303,15,28,0.008602,0.00012829,1,498,1
ACC02889,132441.72,67340.69,25,18,25,18,5297.67,3741.15,23407.21,19558.34,1.1026,18,25,0.008602,0.00019731,1,664,0
ACC02890,69067.97,30240.15,13,9,13,9,5312.92,3360.02,15637.52,5722.04,1.0,9,13,0.004401,6.917e-05,0,498,0
ACC02891,50376.77,170036.7,14,10,14,10,3598.34,17003.67,8613.12,76999.0,1.0435,10,14,0.004801,0.00027501,0,500,1
ACC02892,104193.41,552092.98,14,14,14,14,7442.39,39435.21,61072.0,485934.5,1.0769,14,14,0.005601,0.00057108,1,920,1
ACC02893,93725.23,42784.89,14,13,14,13,6694.66,3291.15,19593.92,8328.84,1.0385,13,14,0.005401,0.00011936,0,990,0
ACC02894,169531.12,99381.02,16,16,16,16,10595.69,6211.31,71560.0,44638.0,1.0667,16,16,0.006401,0.00017591,1,920,1
ACC02895,114993.44,706451.29,16,21,16,15,7187.09,33640.54,57568.0,98372.0,1.2333,15,16,0.006201,0.00014344,1,920,1
ACC02896,56892.67,57087.11,14,14,14,14,4063.76,4077.65,17435.13,17048.75,1.0,14,14,0.005601,0.00016672,1,990,0
ACC02897,53860.96,64424.3,16,17,16,17,3366.31,3789.66,9830.69,11148.95,1.0645,17,16,0.006601,0.00018641,1,498,0
ACC02898,108632.63,17512.88,16,7,16,7,6789.54,2501.84,42911.93,5518.91,1.0455,7,16,0.004601,6.259e-05,1,990,0
ACC02899,68674.54,30409.04,11,11,11,11,6243.14,2764.46,13047.15,5153.1,1.0,11,11,0.004401,9.658e-05,1,498,0
ACC02900,110719.18,50525.33,18,18,18,18,6151.07,2806.96,30416.0,11215.11,1.0588,18,18,0.007201,0.00013331,1,664,1
ACC02901,110917.75,52046.41,26,10,26,10,4266.07,5204.64,15398.63,18582.84,1.0,10,26,0.007201,0.00013776,0,498,0
ACC02902,33939.62,91619.22,10,15,10,15,3393.96,6107.95,15009.27,18210.05,1.0417,15,10,0.005001,0.00023478,0,664,0
ACC02903,84249.18,69215.18,17,18,16,18,4955.83,3845.29,12917.47,16879.97,1.0294,18,16,0.006801,0.00021201,1,500,0
ACC02904,149755.26,99564.04,18,18,18,18,8319.74,5531.34,44654.4,45584.7,1.0588,18,18,0.007201,0.00022088,1,255,1
ACC02905,89792.92,63108.88,13,19,13,19,6907.15,3321.52,57022.24,10432.12,1.0667,19,13,0.006401,0.0001139,0,498,0
ACC02906,91327.84,49088.97,12,13,12,13,7610.65,3776.07,17746.06,16720.96,1.0417,13,12,0.005001,0.00010838,1,675,0
ACC02907,108808.37,67931.32,23,16,23,16,4730.8,4245.71,24103.85,17988.3,1.0,16,23,0.007802,0.00020377,0,498,0
ACC02908,97365.51,96527.69,18,17,18,17,5409.19,5678.1,27605.52,25218.2,1.0,17,18,0.007001,0.00020028,1,920,0
ACC02909,71573.58,110480.02,15,13,15,13,4771.57,8498.46,17594.09,31837.29,1.037,13,15,0.005601,0.00014749,1,664,0
ACC02910,54082.67,1154283.67,15,29,15,19,3605.51,39802.89,9775.06,98813.0,1.3333,19,15,0.006801,0.00032855,1,675,1
ACC02911,78423.45,82469.08,18,15,18,15,4356.86,5497.94,16832.06,28124.79,1.0,15,18,0.006601,0.000176,1,500,0
ACC02912,54482.07,87232.05,15,18,15,18,3632.14,4846.23,9558.22,20168.84,1.0645,18,15,0.006601,0.00021472,1,498,0
ACC02913,137768.06,76081.33,19,20,19,20,7250.95,3804.07,69200.0,11626.88,1.0541,20,19,0.007802,0.00014807,1,498,1
ACC02914,56679.65,69864.75,15,11,15,11,3778.64,6351.34,9725.21,34991.97,1.0,11,15,0.005201,0.00014565,1,500,0
ACC02915,228608.6,56973.56,19,14,19,14,12032.03,4069.54,87412.0,28194.24,1.0312,14,19,0.006601,0.00010503,1,990,1
ACC02916,40086.87,34910.19,13,11,13,11,3083.61,3173.65,5801.8,5875.76,1.0435,11,13,0.004801,8.51e-05,0,498,0
ACC02917,81411.33,52278.5,13,15,13,15,6262.41,3485.23,22975.37,10594.29,1.0769,15,13,0.005601,0.00013862,0,920,0
ACC02918,73775.7,131968.05,19,16,19,16,3882.93,8248.0,13992.87,42721.0,1.0938,16,19,0.007001,0.0001829,0,675,1
ACC02919,61062.34,63361.67,14,16,14,16,4361.6,3960.1,19303.33,10724.72,1.0714,16,14,0.006001,0.00015115,1,920,0
ACC02920,75896.09,87763.88,14,15,14,15,5421.15,5850.93,27597.75,17888.48,1.0357,15,14,0.005801,0.00020819,0,498,0
ACC02921,657750.95,1257730.43,29,33,24,22,22681.07,38113.04,98587.0,98856.0,1.3478,22,24,0.009202,0.0003777,1,920,1
ACC02922,94876.7,36160.09,9,8,9,8,10541.86,4520.01,41131.0,10084.88,1.0,8,9,0.003401,0.00017061,0,990,1
ACC02923,47286.81,139588.85,15,18,15,18,3152.45,7754.94,12195.48,35098.98,1.0,18,15,0.006601,0.0002575,1,498,0
ACC02924,133269.35,107945.83,16,14,16,14,8329.33,7710.42,40050.88,38001.57,1.0,14,16,0.006001,0.00027052,0,664,0
ACC02925,46170.29,139335.56,12,21,12,21,3847.52,6635.03,16443.52,28153.36,1.0,21,12,0.006601,0.00027657,0,675,0
ACC02926,57987.83,114490.12,17,22,17,22,3411.05,5204.1,12954.69,13413.18,1.0541,22,17,0.007802,0.00025032,1,990,0
ACC02927,172497.23,713227.71,20,18,20,12,8624.86,39623.76,65735.0,98765.0,1.2258,12,20,0.006401,0.00021638,1,664,1
ACC02928,153449.1,69604.69,20,18,20,18,7672.45,3866.93,43771.0,9344.29,1.1176,18,20,0.007602,0.00015069,1,500,1
ACC02929,70649.11,126972.96,16,17,16,16,4415.57,7469.0,9486.21,59506.0,1.0312,16,16,0.006401,0.00017621,0,675,1
ACC02930,73284.06,202814.4,16,27,16,27,4580.25,7511.64,17048.75,58557.0,1.0238,27,16,0.008602,0.00028612,1,990,1
ACC02931,66974.75,116180.07,12,17,12,17,5581.23,6834.12,31120.57,30372.27,1.0,17,12,0.005801,0.00023381,0,498,0
ACC02932,67162.31,49878.72,12,16,12,16,5596.86,3117.42,21596.33,7943.74,1.0,16,12,0.005601,0.0001188,0,500,0
ACC02933,90173.47,124696.67,16,23,16,23,5635.84,5421.59,28428.75,27309.39,1.0541,23,16,0.007802,0.00029081,1,498,0
ACC02934,745954.89,74799.3,34,12,34,12,21939.85,6233.28,76999.0,24672.23,1.4839,12,34,0.009202,0.00018079,1,500,1
ACC02935,45179.52,87346.37,10,16,10,16,4517.95,5459.15,13521.93,20134.3,1.0,16,10,0.005201,0.00027735,0,920,0
ACC02936,68137.63,68408.4,11,13,11,13,6194.33,5262.18,14707.15,19654.1,1.0,13,11,0.004801,0.00014338,1,920,0
ACC02937,79142.18,134154.15,9,22,9,22,8793.58,6097.92,29777.78,36325.0,1.1071,22,9,0.006201,0.00025584,0,675,0
ACC02938,129740.17,136989.69,11,13,11,13,11794.56,10537.67,79733.78,81361.0,1.1429,13,11,0.004801,0.00035903,1,498,1
ACC02939,715062.27,100907.79,28,19,28,19,25537.94,5310.94,79913.0,18630.53,1.3429,19,28,0.009402,0.00026544,1,498,1
ACC02940,68375.41,70480.65,13,19,13,19,5259.65,3709.51,23581.69,15572.7,1.0323,19,13,0.006401,0.00013865,0,990,0
ACC02941,46792.83,77031.02,13,18,13,18,3599.45,4279.5,6461.05,17543.46,1.0333,18,13,0.006201,0.00022005,1,664,0
ACC02942,175587.44,58516.08,19,16,19,16,9241.44,3657.26,87033.0,8594.96,1.0294,16,19,0.007001,0.00012244,1,498,1
ACC02943,52628.33,57914.21,12,16,12,16,4385.69,3619.64,17261.12,12399.16,1.037,16,12,0.005601,0.00014546,1,498,0
ACC02944,79389.64,89196.37,17,20,17,20,4669.98,4459.82,12865.55,22139.29,1.0278,20,17,0.007401,0.00018842,1,675,0
ACC02945,174537.56,91553.67,22,18,22,18,7933.53,5086.31,78471.62,16193.2,1.1111,18,22,0.008002,0.00020106,1,920,0
ACC02946,97473.7,55606.37,18,13,18,13,5415.21,4277.41,34887.09,13188.8,1.0,13,18,0.006201,0.00018402,1,990,0
ACC02947,28478.77,55046.63,9,10,9,10,3164.31,5504.66,10695.93,13037.39,1.1176,10,9,0.003801,0.00011752,0,664,0
ACC02948,76514.17,70555.88,11,13,11,13,6955.83,5427.38,42103.42,22781.36,1.0435,13,11,0.004801,0.00017661,0,990,0
ACC02949,121728.31,72941.34,25,12,25,12,4869.13,6078.44,20504.48,16384.68,1.0571,12,25,0.007401,0.00015849,0,500,0
ACC02950,62838.81,67806.16,15,14,15,13,4189.25,4843.3,22498.27,21013.44,1.0741,13,15,0.005601,0.00018058,1,498,0
ACC02951,112534.48,149050.16,18,24,18,24,6251.92,6210.42,38764.0,28437.04,1.1053,24,18,0.008402,0.0001952,0,500,1
ACC02952,63809.35,114590.76,15,20,15,20,4253.96,5729.54,21922.9,29076.6,1.0294,20,15,0.007001,0.00023657,0,498,0
ACC02953,137947.68,46199.85,22,13,22,13,6270.35,3553.83,20076.28,9767.82,1.0938,13,22,0.007001,0.0001141,0,664,0
ACC02954,125065.13,37904.32,21,8,21,8,5955.48,4738.04,33621.0,21931.24,1.0357,8,21,0.005801,0.00013485,0,990,1
ACC02955,115304.24,84388.81,20,18,20,18,5765.21,4688.27,19274.95,18393.85,1.0556,18,20,0.007602,0.00018165,1,664,0
ACC02956,63738.21,51287.25,16,13,16,13,3983.64,3945.17,8370.43,11812.74,1.16,13,16,0.005801,0.00013442,0,990,0
ACC02957,39343.76,74675.66,14,9,14,9,2810.27,8297.3,7739.12,54440.0,1.15,9,14,0.004601,8.98e-05,0,664,1
ACC02958,36502.28,63819.46,12,15,12,15,3041.86,4254.63,8353.28,11189.85,1.0385,15,12,0.005401,0.00016879,1,498,0
ACC02959,41113.37,37570.29,9,13,9,13,4568.15,2890.02,9521.5,6489.66,1.0,13,9,0.004401,0.00022831,1,990,0
ACC02960,143843.85,129872.07,12,20,12,20,11986.99,6493.6,74149.0,37518.92,1.0667,20,12,0.006401,0.00021526,1,920,1
ACC02961,40496.1,81193.65,11,13,11,13,3681.46,6245.67,16646.99,23050.43,1.0,13,11,0.004801,0.00016692,1,990,0
ACC02962,139166.17,129443.98,25,15,25,15,5566.65,8629.6,18632.13,56850.0,1.0526,15,25,0.008002,0.00018076,1,990,1
ACC02963,22664.59,53067.89,10,15,10,15,2266.46,3537.86,5480.68,20736.46,1.0417,15,10,0.005001,9.856e-05,0,498,0
ACC02964,54069.87,86633.42,15,17,15,17,3604.66,5096.08,21539.07,12757.3,1.1852,17,15,0.006401,0.00017296,1,920,0
ACC02965,172509.83,33796.44,18,11,18,11,9583.88,3072.4,40978.1,9809.3,1.0357,11,18,0.005801,7.975e-05,1,990,0
ACC02966,137878.66,117444.87,22,21,22,21,6267.21,5592.61,23225.63,28221.93,1.0488,21,22,0.008602,0.0002017,1,920,0
ACC02967,63846.53,86805.83,18,14,18,14,3547.03,6200.42,7045.08,17044.76,1.0667,14,18,0.006401,0.00016653,0,664,0
ACC02968,57954.95,68605.52,12,16,12,16,4829.58,4287.85,14629.51,14877.1,1.0,16,12,0.005601,0.00014435,1,500,0
ACC02969,101525.37,83335.56,19,19,19,19,5343.44,4386.08,31301.0,30048.96,1.027,19,19,0.007602,0.00019317,1,675,1
ACC02970,93210.36,74485.55,19,15,19,15,4905.81,4965.7,13332.8,12930.91,1.0303,15,19,0.006801,0.00018772,1,500,0
ACC02971,53195.51,31692.06,16,10,16,10,3324.72,3169.21,7388.84,7969.85,1.0,10,16,0.005201,8.439e-05,0,990,0
ACC02972,59011.9,41585.04,16,12,16,12,3688.24,3465.42,9927.47,9838.39,1.0,12,16,0.005601,9.433e-05,0,920,0
ACC02973,67329.92,99811.66,14,18,14,18,4809.28,5545.09,18459.47,26584.33,1.1034,18,14,0.006401,0.00018312,1,990,0
ACC02974,57400.53,30368.49,10,12,10,12,5740.05,2530.71,17886.51,7677.16,1.0476,12,10,0.004401,0.00011252,0,675,0
ACC02975,59568.9,35265.04,19,7,19,7,3135.21,5037.86,11211.59,19957.99,1.0833,7,19,0.005201,7.633e-05,0,920,0
ACC02976,31194.64,118805.34,7,20,7,20,4456.38,5940.27,15204.07,18307.46,1.0385,20,7,0.005401,0.00024888,1,990,0
ACC02977,117053.46,104807.35,17,20,17,19,6885.5,5240.37,67641.0,16720.41,1.0571,19,17,0.007201,0.00020868,0,498,1
ACC02978,163527.15,107809.17,22,18,22,18,7433.05,5989.4,43992.0,42232.32,1.0526,18,22,0.008002,0.00019161,1,255,1
ACC02979,178050.38,8739.52,19,5,19,5,9371.07,1747.9,66152.0,3229.79,1.0,5,19,0.004801,4.081e-05,0,675,1
ACC02980,22011.17,95290.28,14,21,14,21,1572.23,4537.63,4223.82,18737.0,1.0606,21,14,0.007001,0.00020586,1,664,0
ACC02981,58126.41,251522.61,13,20,13,20,4471.26,12576.13,20863.22,77765.0,1.0312,20,13,0.006601,0.00027841,1,255,1
ACC02982,143523.91,53474.31,19,14,19,14,7553.89,3819.59,29636.47,18032.94,1.0312,14,19,0.006601,0.00024357,1,498,0
ACC02983,562971.64,108458.9,32,17,32,17,17592.86,6379.94,78005.0,32093.51,1.3243,17,32,0.009802,0.0002457,1,500,1
ACC02984,83158.1,82244.07,17,13,17,13,4891.65,6326.47,18006.36,23700.63,1.0714,13,17,0.006001,0.00021806,0,990,0
ACC02985,133729.81,120414.56,24,18,24,18,5572.08,6689.7,41511.67,25764.54,1.1053,18,24,0.008402,0.00024258,0,664,0
ACC02986,42102.61,132827.69,10,22,10,22,4210.26,6037.62,11974.92,23925.8,1.0323,22,10,0.006401,0.00029121,1,990,0
ACC02987,64362.6,93830.04,14,12,14,12,4597.33,7819.17,33646.08,34347.04,1.0833,12,14,0.005201,0.00015062,1,990,1
ACC02988,50354.91,78979.75,9,17,9,17,5594.99,4645.87,25162.9,18168.57,1.04,17,9,0.005201,0.00016665,0,498,0
ACC02989,95518.01,46323.69,18,12,18,12,5306.56,3860.31,12291.48,8805.62,1.0345,12,18,0.006001,0.00010003,0,498,0
ACC02990,65075.5,88412.03,14,20,14,19,4648.25,4420.6,15220.07,31548.39,1.0303,19,14,0.006601,0.00017551,0,920,0
ACC02991,60241.28,116966.95,12,18,12,18,5020.11,6498.16,12121.84,20817.85,1.1111,18,12,0.006001,0.0002722,1,255,0
ACC02992,93110.54,67080.26,17,16,17,16,5477.09,4192.52,30878.88,10145.51,1.0312,16,17,0.006601,0.00019926,0,664,0
ACC02993,55494.34,163054.57,14,17,14,17,3963.88,9591.45,21822.02,30334.69,1.0333,17,14,0.006201,0.00030866,1,920,0
ACC02994,54885.36,6153.59,17,4,17,4,3228.55,1538.4,11615.73,2052.43,1.05,4,17,0.004201,4.919e-05,0,498,0
ACC02995,89180.71,103222.02,16,23,16,23,5573.79,4487.91,14400.26,13574.46,1.0833,23,16,0.007802,0.00023476,0,498,0
ACC02996,71549.62,19016.0,18,13,18,13,3974.98,1462.77,15858.56,4367.39,1.069,13,18,0.006201,5.362e-05,0,498,0
ACC02997,62936.03,92430.79,15,20,15,20,4195.74,4621.54,10320.28,17749.79,1.0606,20,15,0.007001,0.00016778,0,920,0
ACC02998,107076.98,34554.78,21,14,21,14,5098.9,2468.2,21208.43,10025.96,1.0,14,21,0.007001,8.136e-05,1,498,0
ACC02999,78935.39,64449.83,19,15,19,15,4154.49,4296.66,16148.93,15720.27,1.0303,15,19,0.006801,0.0001324,1,920,0
ACC03000,72927.39,37690.13,13,13,13,13,5609.8,2899.24,33704.09,12856.48,1.04,13,13,0.005201,0.00010146,1,920,0
ACC03001,74686.24,930896.77,16,27,16,19,4667.89,34477.66,15713.16,97264.0,1.2647,19,16,0.007001,0.00029299,0,920,1
ACC03002,41571.42,82293.65,11,14,11,14,3779.22,5878.12,8410.04,30955.32,1.0417,14,11,0.005001,0.00016044,0,675,0
ACC03003,61167.96,56348.42,19,13,19,13,3219.37,4334.49,10748.48,22499.28,1.1034,13,19,0.006401,0.00014506,0,664,0
ACC03004,141934.08,113242.54,18,24,18,24,7885.23,4718.44,56683.94,18144.0,1.0769,24,18,0.008402,0.00019785,1,664,1
ACC03005,112632.66,78242.94,19,19,19,19,5928.03,4118.05,23187.03,14477.12,1.0857,19,19,0.007602,0.00021659,1,920,1
ACC03006,107132.84,51665.69,19,14,19,14,5638.57,3690.41,32542.25,10285.54,1.0645,14,19,0.006601,0.00013751,1,498,0
ACC03007,94728.44,27975.01,17,10,17,10,5572.26,2797.5,18622.3,8440.13,1.0,10,17,0.005401,7.576e-05,1,664,0
ACC03008,13331.69,794098.88,7,22,7,15,1904.53,36095.4,4625.79,98892.0,1.381,15,7,0.004401,0.00034575,0,920,1
ACC03009,47640.52,137706.3,9,10,9,10,5293.39,13770.63,12980.07,46295.34,1.1176,10,9,0.003801,0.00017817,1,498,1
ACC03010,13475.68,130486.55,7,19,7,19,1925.1,6867.71,8301.26,28826.32,1.0,19,7,0.005201,0.00022486,0,500,0
ACC03011,49734.79,168051.64,15,18,15,18,3315.65,9336.2,9766.07,65795.0,1.1,18,15,0.006601,0.00024474,0,990,1
ACC03012,75347.05,97667.28,20,17,20,17,3767.35,5745.13,11086.39,20596.0,1.0278,17,20,0.007401,0.00018011,1,990,0
ACC03013,92329.18,45913.48,20,9,20,9,4616.46,5101.5,15593.89,15466.54,1.0741,9,20,0.005801,0.00012801,1,498,0
ACC03014,47306.02,67363.13,15,16,15,16,3153.73,4210.2,16515.26,13882.65,1.0333,16,15,0.006201,0.00012851,0,920,0
ACC03015,44065.46,113784.88,13,13,13,13,3389.65,8752.68,14947.68,43816.89,1.04,13,13,0.005201,0.0002058,0,990,0
ACC03016,141634.26,180017.09,20,19,20,19,7081.71,9474.58,37858.56,39552.5,1.0833,19,20,0.007802,0.0002583,1,675,1
ACC03017,85111.92,98775.34,17,17,17,17,5006.58,5810.31,41158.0,24330.13,1.0,17,17,0.006801,0.0001977,0,500,1
ACC03018,55119.18,139021.35,12,22,12,22,4593.27,6319.15,11604.38,56683.94,1.1333,22,12,0.006801,0.00028568,0,675,0
ACC03019,25806.41,84739.59,7,19,7,19,3686.63,4459.98,9408.96,11879.68,1.0,19,7,0.005201,0.00019583,1,664,0
ACC03020,47129.54,135195.12,13,18,13,18,3625.35,7510.84,7292.83,76400.0,1.0333,18,13,0.006201,0.0002025,0,255,1
ACC03021,85953.4,105354.33,23,21,23,21,3737.1,5016.87,10276.9,22738.48,1.0732,21,23,0.008802,0.0002474,1,498,0
ACC03022,227468.0,130879.78,21,11,21,11,10831.81,11898.16,73049.0,57180.0,1.0,11,21,0.006401,0.00022807,1,664,1
ACC03023,102841.19,51687.37,20,14,20,14,5142.06,3691.95,17920.3,15720.3,1.0625,14,20,0.006801,0.00025272,1,675,0
ACC03024,93556.95,109002.71,18,23,18,23,5197.61,4739.25,16813.45,16091.19,1.025,23,18,0.008202,0.0002666,0,920,0
ACC03025,72817.23,116922.19,18,18,18,18,4045.4,6495.68,10277.01,28469.15,1.125,18,18,0.007201,0.00020986,1,500,0
ACC03026,85724.23,64103.9,15,10,15,10,5714.95,6410.39,29022.46,20074.18,1.0417,10,15,0.005001,0.00013944,1,675,0
ACC03027,77376.63,78025.92,13,16,13,16,5952.05,4876.62,26509.98,23808.02,1.0357,16,13,0.005801,0.00015211,1,675,0
ACC03028,44572.08,100638.96,16,17,16,17,2785.75,5919.94,8222.81,26687.05,1.0,17,16,0.006601,0.00019167,1,500,0
ACC03029,113096.48,73721.49,24,23,24,23,4712.35,3205.28,18167.31,8498.57,1.0217,23,24,0.009402,0.00018264,1,990,0
ACC03030,127364.7,43534.34,17,12,17,12,7492.04,3627.86,70127.72,11388.48,1.0741,12,17,0.005801,0.00010886,1,664,0
ACC03031,150373.8,27751.22,21,8,20,8,7160.66,3468.9,37105.65,7127.41,1.0,8,20,0.005601,0.00012388,0,664,0
ACC03032,90541.45,28378.13,20,12,20,12,4527.07,2364.84,16874.25,9555.65,1.1034,12,20,0.006401,7.357e-05,1,498,0
ACC03033,121757.5,69521.08,19,8,19,8,6408.29,8690.14,34347.04,35048.0,1.0385,8,19,0.005401,0.00018157,1,498,1
ACC03034,70707.21,48751.38,14,14,14,14,5050.51,3482.24,13170.46,8393.81,1.12,14,14,0.005601,0.00013423,1,920,0
ACC03035,157204.72,465394.21,18,18,18,18,8733.6,25855.23,71853.12,91561.0,1.1613,18,18,0.007201,0.000702,1,990,1
ACC03036,89456.1,103928.04,21,14,21,14,4259.81,7423.43,28115.47,47959.5,1.0938,14,21,0.007001,0.00020747,0,498,0
ACC03037,39213.72,141671.46,13,20,13,20,3016.44,7083.57,5373.86,30536.91,1.1,20,13,0.006601,0.00023353,1,990,0
ACC03038,1261929.86,62869.5,26,7,15,7,48535.76,8981.36,97485.0,20468.26,1.5,7,15,0.004401,0.00013325,0,990,1
ACC03039,141320.32,122242.92,23,17,23,17,6144.36,7190.76,32036.2,32690.0,1.1111,17,23,0.008002,0.00021546,1,920,1
ACC03040,74348.25,116990.9,20,14,20,14,3717.41,8356.49,16819.25,34706.2,1.0625,14,20,0.006801,0.00020258,1,990,0
ACC03041,63977.33,77905.21,17,12,17,12,3763.37,6492.1,8854.0,21455.44,1.0741,12,17,0.005801,0.0003042,0,990,0
ACC03042,141965.49,188632.3,16,17,16,17,8872.84,11096.02,95000.0,78005.0,1.0312,17,16,0.006601,0.0002051,1,990,1
ACC03043,45535.12,72619.38,13,19,13,19,3502.7,3822.07,13006.33,11347.34,1.1034,19,13,0.006401,0.00017817,1,664,0
ACC03044,151363.74,77560.04,16,14,16,14,9460.23,5540.0,31629.51,20119.0,1.0345,14,16,0.006001,0.00014835,0,498,1
ACC03045,233928.64,52732.13,23,17,23,17,10170.81,3101.89,73939.0,7298.62,1.0526,17,23,0.008002,0.00013218,1,498,1
ACC03046,75333.41,66575.62,11,9,11,9,6848.49,7397.29,30267.25,19040.36,1.0526,9,11,0.004001,0.00013872,0,498,0
ACC03047,80633.24,163987.17,17,18,17,18,4743.13,9110.4,24613.69,67509.0,1.0606,18,17,0.007001,0.00027369,1,990,1
ACC03048,39191.82,97762.2,10,15,10,15,3919.18,6517.48,13727.17,24485.99,1.0,15,10,0.005001,0.00021988,0,664,0
ACC03049,54957.55,168491.53,7,16,7,16,7851.08,10530.72,21959.74,66006.0,1.0,16,7,0.004601,0.00020168,0,500,1
ACC03050,89457.58,129878.05,18,16,18,16,4969.87,8117.38,27666.33,32149.57,1.0303,16,18,0.006801,0.00024341,0,500,0
ACC03051,108378.34,78987.43,16,19,16,19,6773.65,4157.23,25932.56,17650.27,1.0294,19,16,0.007001,0.0001295,1,500,0
ACC03052,44596.25,21105.96,13,7,13,7,3430.48,3015.14,10397.17,6213.51,1.0526,7,13,0.004001,6.202e-05,0,990,0
ACC03053,51390.01,82489.0,12,17,12,17,4282.5,4852.29,19204.42,12521.27,1.0357,17,12,0.005801,0.00017304,1,664,0
ACC03054,86280.66,56658.99,14,13,14,13,6162.9,4358.38,15596.12,12236.99,1.125,13,14,0.005401,0.00012996,0,675,0
ACC03055,90338.9,94384.29,18,20,18,20,5018.83,4719.21,24779.58,11176.97,1.027,20,18,0.007602,0.00027191,1,920,0
ACC03056,126517.9,82383.54,9,10,9,10,14057.54,8238.35,82097.0,56160.37,1.0,10,9,0.003801,0.00011473,1,990,1
ACC03057,118053.31,85785.12,21,17,21,17,5621.59,5046.18,29698.9,30305.0,1.0857,17,21,0.007602,0.00017631,1,664,1
ACC03058,56158.49,143399.09,14,20,14,20,4011.32,7169.95,10065.67,41727.0,1.0303,20,14,0.006801,0.00023764,1,498,1
ACC03059,642411.66,112159.72,25,17,25,17,25696.47,6597.63,77360.0,53191.0,1.4,17,25,0.008402,0.00015171,1,675,1
ACC03060,67342.03,51028.33,17,15,17,15,3961.3,3401.89,13830.83,11913.62,1.0667,15,17,0.006401,0.0001259,0,990,0
ACC03061,101319.18,63887.35,19,13,19,13,5332.59,4914.41,23244.38,17235.38,1.0667,13,19,0.006401,0.00014417,1,920,0
ACC03062,147951.1,42799.28,21,12,21,12,7045.29,3566.61,72334.0,16140.6,1.0,12,21,0.006601,9.971e-05,0,990,1
ACC03063,104396.25,91598.64,12,20,12,20,8699.69,4579.93,24156.27,18596.78,1.0323,20,12,0.006401,0.00021858,1,498,0
ACC03064,183424.63,62365.19,18,13,18,13,10190.26,4797.32,89533.0,14780.72,1.069,13,18,0.006201,0.00018276,0,920,1
ACC03065,107823.73,115975.49,19,20,19,20,5674.93,5798.77,26287.22,17016.43,1.0541,20,19,0.007802,0.00020863,1,920,0
ACC03066,175499.68,110079.61,18,11,18,11,9749.98,10007.24,80592.0,77368.32,1.16,11,18,0.005801,0.00026654,1,990,1
ACC03067,90766.98,118051.65,14,17,14,17,6483.36,6944.21,44846.0,44199.0,1.0333,17,14,0.006201,0.00012953,1,498,1
ACC03068,202476.93,80226.88,20,13,20,13,10123.85,6171.3,71552.0,26609.96,1.0,13,20,0.006601,0.0001389,0,990,1
ACC03069,56691.61,37125.9,15,12,15,12,3779.44,3093.83,12803.37,5744.05,1.0,12,15,0.005401,9.984e-05,0,664,0
ACC03070,57371.88,83240.58,16,20,16,20,3585.74,4162.03,14957.55,14303.1,1.125,20,16,0.007201,0.0002677,0,675,0
ACC03071,43883.65,67134.65,12,11,12,11,3656.97,6103.15,7979.7,16412.13,1.0,11,12,0.004601,0.00014582,0,920,0
ACC03072,31247.86,70176.64,10,14,10,14,3124.79,5012.62,7514.33,21475.16,1.0,14,10,0.004801,0.00017672,0,498,0
ACC03073,102945.6,53646.96,13,5,13,5,7918.89,10729.39,48335.03,34950.8,1.0588,5,13,0.003601,0.0001708,0,990,0
ACC03074,103086.48,41081.02,17,10,17,10,6063.91,4108.1,29336.0,11988.71,1.08,10,17,0.005401,0.00010202,0,500,1
ACC03075,51912.61,94617.71,15,21,15,21,3460.84,4505.61,8016.62,16438.49,1.0909,21,15,0.007201,0.00033412,1,255,0
ACC03076,68795.31,70940.21,23,12,23,12,2991.1,5911.68,15904.11,26351.44,1.0,12,23,0.007001,0.00014628,1,664,0
ACC03077,92445.58,38038.96,14,12,14,12,6603.26,3169.91,24438.4,13685.8,1.0,12,14,0.005201,0.00010658,1,664,0
ACC03078,43235.29,123046.07,14,17,14,17,3088.24,7238.0,9253.19,26482.27,1.069,17,14,0.006201,0.00022138,0,500,0
ACC03079,68549.89,59309.01,16,14,16,14,4284.37,4236.36,10453.12,16162.56,1.0,14,16,0.006001,0.00019842,1,500,0
ACC03080,100457.29,54661.66,13,17,13,17,7727.48,3215.39,40202.45,12138.38,1.0,17,13,0.006001,0.0001088,0,255,0
ACC03081,70230.1,76366.81,21,19,21,19,3344.29,4019.31,11539.44,18086.94,1.0256,19,21,0.008002,0.00018659,1,664,0
ACC03082,74506.34,80784.89,22,18,22,18,3386.65,4488.05,8823.93,10064.04,1.0,18,22,0.008002,0.00020451,1,498,0
ACC03083,64006.52,654320.85,15,24,15,19,4267.1,27263.37,9413.88,96551.0,1.2188,19,15,0.006801,0.00036023,0,920,1
ACC03084,44758.32,63148.32,16,9,16,9,2797.39,7016.48,6658.86,34192.19,1.0,9,16,0.005001,0.00017705,0,664,0
ACC03085,85603.49,786494.72,20,10,20,10,4280.17,78649.47,16782.03,698681.3,1.0345,10,20,0.006001,0.00093002,0,498,1
ACC03086,161257.28,123776.01,18,14,17,14,8958.74,8841.14,75369.0,40588.79,1.0323,14,17,0.006201,0.00022105,0,255,1
ACC03087,53310.81,65482.05,18,13,18,13,2961.71,5037.08,12351.14,9401.62,1.0333,13,18,0.006201,0.00016093,0,675,0
ACC03088,83839.15,470834.2,12,24,12,24,6986.6,19618.09,17578.27,92397.0,1.0588,24,12,0.007201,0.00051428,1,990,1
ACC03089,107172.03,92150.51,14,13,14,13,7655.14,7088.5,35362.56,36099.28,1.08,13,14,0.005401,0.00020255,1,990,1
ACC03090,69552.76,155382.81,18,13,18,13,3864.04,11952.52,20895.82,48543.37,1.0,13,18,0.006201,0.00029998,0,990,0
ACC03091,39095.0,134006.63,10,20,10,20,3909.5,6700.33,17016.22,36766.96,1.0,20,10,0.006001,0.00022249,0,498,0
ACC03092,100999.56,98075.88,20,14,20,14,5049.98,7005.42,39652.49,45580.0,1.0968,14,20,0.006801,0.00013958,0,498,1
ACC03093,82080.41,88487.31,15,19,15,19,5472.03,4657.23,38364.0,13506.55,1.0,19,15,0.006801,0.00033228,1,990,1
ACC03094,49697.36,71049.68,14,18,14,18,3549.81,3947.2,14084.09,15909.92,1.0323,18,14,0.006401,0.0001839,1,498,0
ACC03095,50898.81,48887.02,12,13,12,13,4241.57,3760.54,13596.7,8406.98,1.0,13,12,0.005001,0.00011493,1,498,0
ACC03096,100901.13,99128.21,17,13,17,13,5935.36,7625.25,31559.01,58998.01,1.0,13,17,0.006001,0.00018586,0,664,1
ACC03097,36757.73,92706.07,8,24,8,24,4594.72,3862.75,9730.22,11208.13,1.0,24,8,0.006401,0.00021717,1,920,0
ACC03098,63133.84,32293.52,17,12,17,12,3713.76,2691.13,13376.8,6268.32,1.0741,12,17,0.005801,8.311e-05,1,920,0
ACC03099,45697.96,69068.68,15,14,15,14,3046.53,4933.48,11039.23,20785.9,1.0357,14,15,0.005801,0.0001872,0,920,0
ACC03100,80820.91,64091.45,14,13,14,13,5772.92,4930.11,31404.65,18118.99,1.0385,13,14,0.005401,0.00011453,0,675,0
ACC03101,40949.15,56941.02,16,15,16,15,2559.32,3796.07,7256.69,11716.77,1.0,15,16,0.006201,0.0001631,0,500,0
ACC03102,60308.28,57962.21,11,15,11,15,5482.57,3864.15,13799.23,9471.16,1.04,15,11,0.005201,0.00010803,1,675,0
ACC03103,144230.25,41369.88,19,9,19,9,7591.07,4596.65,94004.0,11543.66,1.0769,9,19,0.005601,0.00010751,0,920,1
ACC03104,960315.16,83631.09,26,18,18,18,36935.2,4646.17,98982.0,14655.33,1.2571,18,18,0.007201,0.00017537,0,675,1
ACC03105,69419.63,123049.09,13,14,13,14,5339.97,8789.22,15153.08,56542.77,1.0,14,13,0.005401,0.00020763,1,920,0
ACC03106,134606.01,57506.11,18,17,18,17,7478.11,3382.71,40161.89,10460.38,1.0938,17,18,0.007001,0.00018772,1,664,0
ACC03107,45322.77,872981.28,15,31,15,24,3021.52,28160.69,15912.49,98776.0,1.2432,24,15,0.007802,0.00039334,0,500,1
ACC03108,73417.94,51023.7,16,16,15,16,4588.62,3188.98,17048.81,12079.58,1.0323,16,15,0.006201,0.00012604,1,920,0
ACC03109,126536.95,133152.08,14,14,14,14,9038.35,9510.86,64788.33,74584.0,1.037,14,14,0.005601,0.00018082,1,664,1
ACC03110,152947.44,55837.78,15,11,15,11,10196.5,5076.16,78560.0,12083.86,1.04,11,15,0.005201,0.00017489,0,664,1
ACC03111,72012.49,105056.67,13,20,13,20,5539.42,5252.83,16683.16,19677.15,1.0645,20,13,0.006601,0.00024859,0,500,0
ACC03112,97559.96,79670.08,24,18,24,18,4065.0,4426.12,11944.99,12536.87,1.0,18,24,0.008402,0.00014621,1,664,0
ACC03113,116297.71,178020.85,18,20,18,20,6460.98,8901.04,49350.34,65932.0,1.1515,20,18,0.007602,0.00023463,1,990,1
ACC03114,50906.36,207312.03,11,27,11,27,4627.85,7678.22,14083.96,74857.0,1.0556,27,11,0.007602,0.00034925,1,498,1
ACC03115,98281.12,122246.53,14,16,14,16,7020.08,7640.41,36555.0,39442.0,1.0,16,14,0.006001,0.00028686,0,990,1
ACC03116,108963.81,57121.33,19,13,19,13,5734.94,4393.95,26770.0,31131.67,1.0323,13,19,0.006401,0.00013419,1,990,1
ACC03117,161547.59,65089.26,15,18,15,18,10769.84,3616.07,73025.0,9513.55,1.0645,18,15,0.006601,0.00015504,1,664,1
ACC03118,136034.13,132143.24,16,23,16,23,8502.13,5745.36,69588.28,30475.35,1.0263,23,16,0.007802,0.00039224,1,990,0
ACC03119,104855.14,124317.89,21,14,21,14,4993.1,8879.85,22141.03,51200.0,1.0606,14,21,0.007001,0.00014275,1,920,1
ACC03120,58211.46,150107.63,11,21,11,21,5291.95,7147.98,21028.98,34108.59,1.1429,21,11,0.006401,0.00021182,1,498,0
ACC03121,146755.78,143052.97,14,17,14,17,10482.56,8414.88,77064.0,78669.5,1.0333,17,14,0.006201,0.00028725,1,498,1
ACC03122,84758.61,35676.66,17,13,17,13,4985.8,2744.36,12707.71,8668.65,1.0345,13,17,0.006001,9.056e-05,0,990,0
ACC03123,119539.93,97443.4,19,16,19,16,6291.58,6090.21,37840.0,36326.4,1.0294,16,19,0.007001,0.00028204,1,500,1
ACC03124,119865.14,99594.66,19,14,19,14,6308.69,7113.9,53275.0,51144.0,1.1,14,19,0.006601,0.00020014,1,500,1
ACC03125,58306.11,158069.44,14,20,14,20,4164.72,7903.47,7888.09,73885.0,1.0625,20,14,0.006801,0.00020267,0,920,1
ACC03126,79381.77,62267.82,16,12,16,12,4961.36,5188.98,19765.37,25187.69,1.0,12,16,0.005601,0.00012539,0,920,0
ACC03127,59576.68,152775.91,10,14,10,14,5957.67,10912.57,14780.72,50258.37,1.0,14,10,0.004801,0.00027337,1,675,0
ACC03128,84377.03,78114.17,22,13,22,13,3835.32,6008.78,14029.18,11001.42,1.0606,13,22,0.007001,0.00017099,1,255,0
ACC03129,74353.89,53054.7,16,12,16,12,4647.12,4421.23,10884.7,17687.94,1.0,12,16,0.005601,0.0001136,0,990,0
ACC03130,825360.73,903592.98,12,29,12,29,68780.06,31158.38,770382.55,85006.0,1.5185,29,12,0.008202,0.00123569,1,920,1
ACC03131,70547.62,100200.29,15,17,15,17,4703.17,5894.13,12718.33,22933.33,1.0323,17,15,0.006401,0.00019603,1,500,0
ACC03132,74982.18,63800.14,9,14,9,14,8331.35,4557.15,17628.9,17015.0,1.0,14,9,0.004601,0.0001267,0,920,0
ACC03133,147866.94,98860.53,22,18,22,18,6721.22,5492.25,49767.84,16725.61,1.0,18,22,0.008002,0.00019486,0,664,0
ACC03134,97437.44,55927.16,18,14,18,14,5413.19,3994.8,21156.11,12985.45,1.0323,14,18,0.006401,0.00015457,0,675,0
ACC03135,64161.76,67557.56,13,12,13,12,4935.52,5629.8,21368.15,24326.0,1.0,12,13,0.005001,8.981e-05,0,664,1
ACC03136,154616.0,68296.43,21,15,21,15,7362.67,4553.1,74767.0,22972.78,1.125,15,21,0.007201,0.00016596,0,920,1
ACC03137,164552.52,53914.94,18,16,18,16,9141.81,3369.68,64222.0,7314.81,1.0,16,18,0.006801,0.00013073,1,500,1
ACC03138,67597.09,72331.33,18,16,17,16,3755.39,4520.71,10033.41,17770.83,1.0303,16,17,0.006601,0.00015397,1,990,0
ACC03139,52637.92,54775.79,12,13,12,13,4386.49,4213.52,11573.8,12615.19,1.0,13,12,0.005001,0.00017335,1,920,0
ACC03140,131064.96,98828.4,19,16,19,16,6898.16,6176.77,21637.89,24705.23,1.0294,16,19,0.007001,0.00022632,1,498,0
ACC03141,89574.17,113540.68,25,21,25,21,3582.97,5406.7,8139.57,17982.33,1.15,21,25,0.009202,0.00025632,1,990,0
ACC03142,595671.02,638831.79,17,24,17,24,35039.47,26617.99,526338.95,77273.0,1.3226,24,17,0.008202,0.00064549,1,920,1
ACC03143,61722.77,58962.07,17,13,17,13,3630.75,4535.54,15708.05,17765.79,1.0345,13,17,0.006001,0.00013512,1,500,0
ACC03144,63726.77,83872.86,17,17,17,17,3748.63,4933.7,10628.02,21032.0,1.0625,17,17,0.006801,0.00018284,0,920,1
ACC03145,428695.03,86498.56,21,16,21,16,20414.05,5406.16,79908.0,27163.48,1.2759,16,21,0.007401,0.0003068,1,664,1
ACC03146,86179.51,126397.6,6,17,5,17,14363.25,7435.15,38249.0,53922.32,1.0,17,5,0.004401,0.00016412,0,498,1
ACC03147,1166750.36,84175.09,23,17,13,17,50728.28,4951.48,98505.0,29901.22,1.4286,17,13,0.006001,0.00017045,1,664,1
ACC03148,89567.65,94607.52,16,19,16,19,5597.98,4979.34,25373.82,19250.57,1.0,19,16,0.007001,0.00020319,1,920,0
ACC03149,71128.99,35406.27,14,14,14,14,5080.64,2529.02,14505.27,9825.82,1.037,14,14,0.005601,8.769e-05,0,675,0
ACC03150,52569.96,108812.09,16,18,16,18,3285.62,6045.12,9448.3,54751.0,1.0,18,16,0.006801,0.00015306,1,990,1
ACC03151,94130.04,75421.17,16,21,16,21,5883.13,3591.48,37510.0,15121.68,1.0278,21,16,0.007401,0.00018015,0,920,1
ACC03152,81437.83,122394.97,16,25,16,25,5089.86,4895.8,20521.08,22324.67,1.0513,25,16,0.008202,0.00027049,1,500,0
ACC03153,87863.37,73015.79,11,15,11,15,7987.58,4867.72,44816.5,17457.85,1.04,15,11,0.005201,0.00012711,0,498,0
ACC03154,31701.59,111564.14,12,19,12,19,2641.8,5871.8,5867.66,35781.63,1.069,19,12,0.006201,0.00027388,0,498,0
ACC03155,76806.46,33674.84,20,12,20,12,3840.32,2806.24,12734.06,7461.12,1.0,12,20,0.006401,9.097e-05,0,920,0
ACC03156,125323.9,115340.13,15,15,15,15,8354.93,7689.34,50197.56,51222.0,1.0345,15,15,0.006001,0.00019317,1,664,1
ACC03157,80162.49,63874.85,18,18,18,18,4453.47,3548.6,32098.0,11807.07,1.0588,18,18,0.007201,0.00035455,1,255,1
ACC03158,64851.14,103343.62,15,18,15,18,4323.41,5741.31,10701.56,29756.08,1.0645,18,15,0.006601,0.00018721,1,990,0
ACC03159,29715.45,28320.37,12,11,12,11,2476.29,2574.58,6405.3,5096.4,1.0,11,12,0.004601,7.322e-05,1,920,0
ACC03160,64601.42,51389.04,17,16,17,16,3800.08,3211.82,15307.61,13652.25,1.0645,16,17,0.006601,0.00011111,1,920,0
ACC03161,48031.8,83797.45,13,16,13,16,3694.75,5237.34,17612.24,20453.87,1.1154,16,13,0.005801,0.00021813,0,920,0
ACC03162,34474.01,114107.9,10,21,9,21,3447.4,5433.71,8196.5,46309.98,1.0,21,9,0.006001,0.00025932,1,664,0
ACC03163,65359.54,39927.0,14,9,14,9,4668.54,4436.33,20500.79,11595.32,1.0455,9,14,0.004601,9.365e-05,0,255,0
ACC03164,77345.13,82302.54,17,9,17,9,4549.71,9144.73,12889.95,36997.37,1.04,9,17,0.005201,0.00025511,1,920,0
ACC03165,53857.39,95435.14,16,19,16,19,3366.09,5022.9,15009.3,21759.83,1.0938,19,16,0.007001,0.00023817,1,920,0
ACC03166,72136.05,71550.77,12,16,12,16,6011.34,4471.92,15313.5,28327.14,1.12,16,12,0.005601,0.00013893,1,675,0
ACC03167,71586.64,20716.16,14,8,14,8,5113.33,2589.52,17060.06,8111.72,1.0,8,14,0.004401,6.95e-05,1,920,0
ACC03168,59690.72,123646.01,16,23,16,23,3730.67,5375.91,14936.37,24699.63,1.0263,23,16,0.007802,0.0003106,0,664,0
ACC03169,93130.06,114067.0,15,16,15,16,6208.67,7129.19,45458.28,46386.0,1.1923,16,15,0.006201,0.00017041,1,500,1
ACC03170,147487.53,26391.44,14,12,14,12,10534.82,2199.29,27710.04,4233.15,1.04,12,14,0.005201,8.356e-05,1,675,0
ACC03171,37030.39,83209.12,10,14,10,14,3703.04,5943.51,15440.02,23715.5,1.0,14,10,0.004801,0.0001424,0,498,0
ACC03172,48496.59,65271.61,13,17,13,17,3730.51,3839.51,13292.27,11605.16,1.0345,17,13,0.006001,0.00013151,1,920,0
ACC03173,49880.11,53198.66,14,15,14,15,3562.87,3546.58,9789.88,13727.17,1.0357,15,14,0.005801,0.00015862,0,664,0
ACC03174,34371.71,73821.59,9,22,9,22,3819.08,3355.53,9543.5,6399.98,1.0,22,9,0.006201,0.00016957,0,920,0
ACC03175,83354.33,125509.43,19,20,19,19,4387.07,6275.47,22516.59,30040.0,1.0263,19,19,0.007602,0.0002975,1,920,1
ACC03176,79171.4,31025.05,14,8,14,8,5655.1,3878.13,25814.0,8955.12,1.0,8,14,0.004401,0.00015416,0,500,0
ACC03177,110754.9,68296.57,18,13,18,13,6153.05,5253.58,17263.99,14494.36,1.0,13,18,0.006201,0.00014952,0,498,0
ACC03178,54922.04,59505.45,17,14,17,14,3230.71,4250.39,7731.12,20486.95,1.0,14,17,0.006201,0.00014508,0,664,0
ACC03179,123986.37,84529.22,19,14,19,14,6525.6,6037.8,24093.92,37691.51,1.0312,14,19,0.006601,0.00016292,1,664,0
ACC03180,131456.31,156719.32,18,22,18,22,7303.13,7123.61,57144.0,56715.67,1.0811,22,18,0.008002,0.00029642,1,990,1
ACC03181,52697.94,95492.62,17,15,17,15,3099.88,6366.17,14309.54,23589.28,1.0,15,17,0.006401,0.00015315,0,664,0
ACC03182,131316.8,198198.62,13,13,13,13,10101.29,15246.05,27531.2,75212.0,1.04,13,13,0.005201,0.0001771,0,498,1
ACC03183,132345.7,48646.25,16,13,16,13,8271.61,3742.02,72613.0,14234.35,1.0357,13,16,0.005801,0.00012954,1,675,1
ACC03184,80917.95,63011.88,20,17,20,17,4045.9,3706.58,12920.12,26155.18,1.0278,17,20,0.007401,0.00013774,1,664,0
ACC03185,18504.18,62757.75,5,15,5,15,3700.84,4183.85,9048.07,11778.8,1.0,15,5,0.004001,0.00013838,1,255,0
ACC03186,151448.65,105131.34,16,15,16,15,9465.54,7008.76,46868.16,47844.58,1.069,15,16,0.006201,0.00023006,1,920,1
ACC03187,93551.14,51869.05,16,13,16,13,5846.95,3989.93,18951.06,14417.13,1.0,13,16,0.005801,0.00010715,1,920,0
ACC03188,58528.64,117303.8,13,21,13,21,4502.2,5585.9,18529.38,23124.73,1.0303,21,13,0.006801,0.00024945,1,675,0
ACC03189,246492.6,42924.71,18,6,18,6,13694.03,7154.12,88337.0,14939.74,1.0909,6,18,0.004801,0.00011573,0,675,1
ACC03190,92767.21,59190.1,14,15,14,15,6626.23,3946.01,47494.71,11192.61,1.0,15,14,0.005801,0.00015183,0,675,0
ACC03191,94908.66,47185.64,18,15,18,15,5272.7,3145.71,18878.92,17915.88,1.0,15,18,0.006601,0.00011191,0,920,0
ACC03192,69025.94,75188.79,13,16,13,16,5309.69,4699.3,17733.84,18751.72,1.0,16,13,0.005801,0.00019364,1,990,0
ACC03193,39068.11,120732.08,10,19,10,19,3906.81,6354.32,9818.64,24308.92,1.0,19,10,0.005801,0.00019835,0,664,0
ACC03194,48921.91,59637.08,15,16,15,16,3261.46,3727.32,12033.31,9240.02,1.0,16,15,0.006201,0.00015594,0,920,0
ACC03195,51172.44,37185.28,15,11,15,11,3411.5,3380.48,19344.02,11662.55,1.0,11,15,0.005201,0.00010548,0,920,0
ACC03196,55414.19,51717.97,9,11,9,11,6157.13,4701.63,18450.96,10391.79,1.0,11,9,0.004001,0.0001472,0,500,0
ACC03197,90763.95,83086.95,19,20,19,20,4777.05,4154.35,18300.31,13381.05,1.0263,20,19,0.007802,0.00018379,1,664,0
ACC03198,151966.77,64330.43,24,21,24,21,6331.95,3063.35,30334.49,8796.53,1.0227,21,24,0.009002,0.00013197,1,920,0
ACC03199,55796.94,104655.96,22,18,22,18,2536.22,5814.22,9432.95,14290.66,1.0526,18,22,0.008002,0.00024249,1,664,0
ACC03200,165870.54,37357.95,22,10,21,10,7539.57,3735.79,70465.0,8802.24,1.0667,10,21,0.006201,0.00012059,0,664,1
ACC03201,81857.36,103137.62,18,16,17,16,4547.63,6446.1,13157.48,35940.0,1.0625,16,17,0.006601,0.00028333,1,675,1
ACC03202,562654.02,53663.77,22,13,22,13,25575.18,4127.98,75249.0,19410.58,1.5217,13,22,0.007001,0.00011375,1,920,1
ACC03203,92224.97,73648.02,15,13,15,13,6148.33,5665.23,22497.58,12738.67,1.037,13,15,0.005601,0.00017214,0,990,0
ACC03204,52930.79,132663.09,11,20,11,19,4811.89,6633.15,14731.38,31034.57,1.1071,19,11,0.006001,0.00026304,1,675,0
ACC03205,71026.18,35289.35,17,12,17,12,4178.01,2940.78,14303.1,9111.53,1.0,12,17,0.005801,8.9e-05,1,990,0
ACC03206,469699.61,39709.11,23,7,23,7,20421.72,5672.73,77599.0,23594.75,1.3043,7,23,0.006001,7.259e-05,0,920,1
ACC03207,35252.1,42264.78,13,13,13,13,2711.7,3251.14,8157.69,8950.49,1.0,13,13,0.005201,0.00010958,0,498,0
ACC03208,81291.87,95725.11,17,14,17,14,4781.87,6837.51,20236.93,43068.77,1.069,14,17,0.006201,0.00024931,1,990,0
ACC03209,66407.99,42014.49,17,9,17,9,3906.35,4668.28,18037.71,12725.66,1.04,9,17,0.005201,0.00012055,1,990,0
ACC03210,118968.09,44277.8,20,14,20,14,5948.4,3162.7,46259.25,9563.89,1.0,14,20,0.006801,0.00010305,1,500,0
ACC03211,57583.21,90503.65,15,17,15,17,3838.88,5323.74,15443.87,17516.21,1.0,17,15,0.006401,0.00022281,0,255,0
ACC03212,97044.38,63237.68,16,15,16,15,6065.27,4215.85,37111.0,8824.7,1.069,15,16,0.006201,0.0001465,1,990,1
ACC03213,21673.83,87052.7,7,19,7,19,3096.26,4581.72,4501.13,21115.0,1.04,19,7,0.005201,0.00013778,0,675,0
ACC03214,65054.93,57076.03,18,11,18,11,3614.16,5188.73,11051.36,10765.43,1.0,11,18,0.005801,0.00041711,1,500,0
ACC03215,94628.43,75166.43,19,13,19,13,4980.44,5782.03,25902.12,15438.75,1.1429,13,19,0.006401,0.00015373,0,920,0
ACC03216,58222.18,121045.38,14,21,14,21,4158.73,5764.07,13189.01,20659.16,1.0294,21,14,0.007001,0.00023331,1,498,0
ACC03217,59397.92,54370.43,10,7,10,7,5939.79,7767.2,13529.45,36447.81,1.0,7,10,0.003401,9.736e-05,1,990,0
ACC03218,117328.31,152623.49,17,20,17,20,6901.67,7631.17,50197.99,75020.0,1.0571,20,17,0.007401,0.00020693,1,990,1
ACC03219,32792.71,58303.83,11,17,11,17,2981.16,3429.64,5509.43,16984.51,1.0769,17,11,0.005601,0.00017396,0,990,0
ACC03220,35817.46,80059.49,12,18,12,18,2984.79,4447.75,10799.41,11601.67,1.0345,18,12,0.006001,0.0001748,0,664,0
ACC03221,64610.18,85983.22,15,15,15,15,4307.35,5732.21,19407.5,22827.0,1.0,15,15,0.006001,0.00018415,0,498,1
ACC03222,120982.09,64432.01,19,13,19,13,6367.48,4956.31,24605.16,12640.1,1.0667,13,19,0.006401,0.00016028,1,920,0
ACC03223,96101.86,47902.35,14,12,14,12,6864.42,3991.86,42307.0,11006.27,1.04,12,14,0.005201,0.00015883,0,990,1
ACC03224,77205.47,36714.04,13,10,13,10,5938.88,3671.4,15763.85,7764.08,1.0,10,13,0.004601,0.00010408,0,255,0
ACC03225,161781.64,81075.54,13,11,13,11,12444.74,7370.5,59105.0,53409.78,1.0435,11,13,0.004801,0.00019024,1,664,1
ACC03226,87303.28,105810.07,14,20,14,20,6235.95,5290.5,38982.0,41228.18,1.0,20,14,0.006801,0.00027479,0,990,1
ACC03227,20064.76,61189.34,11,13,11,13,1824.07,4706.87,4049.5,13727.89,1.0,13,11,0.004801,0.00015799,0,255,0
ACC03228,70070.71,77722.41,11,19,11,19,6370.06,4090.65,24770.13,19496.12,1.0345,19,11,0.006001,0.00018194,1,498,0
ACC03229,107166.16,56587.33,24,15,24,15,4465.26,3772.49,14561.18,11953.21,1.0263,15,24,0.007802,0.00014475,1,675,0
ACC03230,33779.05,42260.86,11,13,11,13,3070.82,3250.84,5736.98,10708.1,1.0435,13,11,0.004801,0.00013285,0,255,0
ACC03231,118714.21,103380.15,16,12,16,12,7419.64,8615.01,34108.59,42978.0,1.037,12,16,0.005601,0.00014101,0,675,1
ACC03232,55357.04,83405.28,17,20,17,20,3256.3,4170.26,9781.19,10170.13,1.1562,20,17,0.007401,0.00018127,1,920,0
ACC03233,70502.84,62168.96,16,18,16,18,4406.43,3453.83,12664.96,9983.34,1.0,18,16,0.006801,0.00013915,1,920,0
ACC03234,146943.4,53762.06,21,15,21,15,6997.3,3584.14,68713.0,6620.95,1.0909,15,21,0.007201,0.00012833,0,664,1
ACC03235,125995.24,63970.29,15,10,15,10,8399.68,6397.03,77391.0,19497.51,1.0,10,15,0.005001,9.925e-05,0,990,1
ACC03236,66878.2,143011.6,17,17,17,17,3934.01,8412.45,12494.36,67424.0,1.0625,17,17,0.006801,0.0001756,0,255,1
ACC03237,32323.45,87598.25,12,19,12,19,2693.62,4610.43,8380.0,33671.26,1.0333,19,12,0.006201,0.00016336,0,990,0
ACC03238,70176.41,92376.61,14,15,14,15,5012.6,6158.44,15899.13,32223.11,1.0357,15,14,0.005801,0.00023638,1,675,0
ACC03239,146452.4,57853.83,13,18,13,18,11265.57,3214.1,46013.0,8402.68,1.0333,18,13,0.006201,0.0001662,1,664,1
ACC03240,123254.06,60421.31,15,12,15,12,8216.94,5035.11,71668.0,13023.13,1.08,12,15,0.005401,0.00016284,0,920,1
ACC03241,69294.37,32359.58,17,7,17,7,4076.14,4622.8,16323.03,8807.77,1.0,7,17,0.004801,0.00013361,1,498,0
ACC03242,136185.38,85969.77,14,18,14,18,9727.53,4776.1,30968.4,29022.46,1.0,18,14,0.006401,0.00017251,0,675,0
ACC03243,92551.52,80716.03,19,10,19,10,4871.13,8071.6,28618.6,47208.0,1.0741,10,19,0.005801,0.00011363,1,920,1
ACC03244,79938.12,123106.92,15,18,15,18,5329.21,6839.27,22168.08,29902.0,1.0645,18,15,0.006601,0.0002198,1,498,1
ACC03245,75752.34,81066.44,18,15,18,15,4208.46,5404.43,20833.81,17273.5,1.0312,15,18,0.006601,0.0002188,0,675,0
ACC03246,54048.9,49600.64,12,15,12,15,4504.07,3306.71,14213.4,10656.73,1.0385,15,12,0.005401,0.00010994,0,675,0
ACC03247,144029.11,366510.87,23,18,22,17,6262.14,20361.72,23819.93,88504.0,1.0789,17,22,0.007802,0.00043126,0,990,1
ACC03248,137760.84,77719.76,18,17,18,17,7653.38,4571.75,69487.0,26219.33,1.0606,17,18,0.007001,0.00022041,0,920,1
ACC03249,54088.51,74157.2,12,12,11,12,4507.38,6179.77,9145.04,14166.38,1.0,12,11,0.004601,0.00023534,1,990,0
ACC03250,23420.86,47345.79,8,12,8,12,2927.61,3945.48,12667.85,17537.43,1.0,12,8,0.004001,0.00015871,0,990,0
ACC03251,132197.42,85965.67,21,20,21,20,6295.12,4298.28,21885.12,26992.38,1.1389,20,21,0.008202,0.00016088,1,675,0
ACC03252,107420.34,718022.21,22,13,22,13,4882.74,55232.48,31297.36,661308.3,1.0606,13,22,0.007001,0.0007963,1,920,1
ACC03253,79475.89,40598.18,12,17,12,17,6622.99,2388.13,36258.55,6991.92,1.0,17,12,0.005801,0.00010655,1,500,0
ACC03254,115825.81,48041.92,18,16,18,16,6434.77,3002.62,25530.47,11441.09,1.0625,16,18,0.006801,0.00016357,0,920,0
ACC03255,69756.89,72328.2,17,16,17,16,4103.35,4520.51,12669.82,23337.37,1.0,16,17,0.006601,0.00013661,1,675,0
ACC03256,47557.56,40600.41,18,13,18,13,2642.09,3123.11,10295.17,9802.76,1.0333,13,18,0.006201,8.119e-05,0,675,0
ACC03257,205889.06,1099558.14,15,25,15,15,13725.94,43982.33,86036.0,98692.0,1.3793,15,15,0.006001,0.00034692,1,664,1
ACC03258,81685.58,80861.48,19,16,19,16,4299.24,5053.84,14243.05,19171.52,1.0938,16,19,0.007001,0.00029671,1,500,0
ACC03259,53193.79,59121.99,9,12,9,12,5910.42,4926.83,26957.42,13732.75,1.05,12,9,0.004201,0.0001352,0,498,0
ACC03260,77961.04,118737.76,16,25,16,25,4872.57,4749.51,19360.02,34864.74,1.0513,25,16,0.008202,0.00020791,1,664,0
ACC03261,56190.58,75480.72,13,9,13,9,4322.35,8386.75,10179.34,27162.85,1.0,9,13,0.004401,9.816e-05,1,255,0
ACC03262,98016.22,90419.05,15,14,15,14,6534.41,6458.5,32227.0,27324.0,1.0741,14,15,0.005801,0.00019403,1,498,1
ACC03263,122324.69,93549.03,16,13,16,13,7645.29,7196.08,32264.2,24063.29,1.0,13,16,0.005801,0.00015866,0,500,0
ACC03264,71839.35,115132.69,16,18,16,18,4489.96,6396.26,23308.79,17499.25,1.0968,18,16,0.006801,0.00029052,1,920,0
ACC03265,160376.27,71716.66,24,17,24,17,6682.34,4218.63,44633.0,12244.17,1.025,17,24,0.008202,0.00016567,1,920,1
ACC03266,88582.22,98406.54,15,19,15,19,5905.48,5179.29,39575.88,22520.36,1.0303,19,15,0.006801,0.00021212,1,675,0
ACC03267,37837.79,139004.86,11,25,11,25,3439.8,5560.19,14418.67,40044.45,1.0286,25,11,0.007201,0.00022889,1,920,0
ACC03268,137271.93,77956.59,22,11,22,11,6239.63,7086.96,42515.0,40814.4,1.0312,11,22,0.006601,0.0001559,1,675,1
ACC03269,34451.22,60128.06,12,16,12,16,2870.93,3758.0,6805.01,12291.48,1.037,16,12,0.005601,0.00015148,1,990,0
ACC03270,94162.56,90573.34,16,22,16,22,5885.16,4116.97,23925.8,19670.14,1.0556,22,16,0.007602,0.00018351,1,990,0
ACC03271,644832.05,88446.42,19,20,14,20,33938.53,4422.32,98462.0,18481.0,1.3,20,14,0.006801,0.00018456,1,990,1
ACC03272,43409.42,61923.95,13,17,13,17,3339.19,3642.59,9577.16,15697.71,1.0,17,13,0.006001,0.0001292,1,675,0
ACC03273,51999.53,87584.57,17,14,17,14,3058.8,6256.04,7315.47,18575.9,1.0333,14,17,0.006201,0.00014899,0,664,0
ACC03274,133061.17,149438.19,13,17,13,17,10235.47,8790.48,80573.64,82218.0,1.0714,17,13,0.006001,0.00023598,1,920,1
ACC03275,66998.82,78960.26,17,19,17,19,3941.11,4155.8,16409.55,10930.31,1.0588,19,17,0.007201,0.00021406,1,920,0
ACC03276,56716.11,79267.98,14,11,14,11,4051.15,7206.18,12464.25,40032.11,1.0,11,14,0.005001,0.00011508,0,675,0
ACC03277,121099.77,93500.04,17,13,17,13,7123.52,7192.31,34097.0,40087.62,1.0345,13,17,0.006001,0.0001712,1,664,1
ACC03278,45830.94,802725.52,16,21,16,14,2864.43,38225.02,9963.79,98247.0,1.2759,14,16,0.006001,0.00018236,1,990,1
ACC03279,869774.38,881849.84,18,31,18,31,48320.8,28446.77,788985.45,89584.0,1.5806,31,18,0.009802,0.00094067,1,664,1
ACC03280,435499.4,446401.64,12,24,12,24,36291.62,18600.07,368030.0,77105.0,1.44,24,12,0.007201,0.00069757,0,664,1
ACC03281,41257.52,115415.14,13,14,13,14,3173.66,8243.94,9869.76,40715.74,1.0385,14,13,0.005401,0.00020076,0,990,0
ACC03282,53145.64,60931.65,12,19,12,19,4428.8,3206.93,13294.95,9519.38,1.1481,19,12,0.006201,0.00019083,1,664,0
ACC03283,49164.72,46225.65,20,10,19,10,2458.24,4622.57,8208.21,13041.33,1.0345,10,19,0.005801,7.836e-05,0,990,0
ACC03284,66971.18,56437.57,17,13,17,13,3939.48,4341.35,14660.78,11321.92,1.0345,13,17,0.006001,0.00012584,0,990,0
ACC03285,18778.38,145868.2,9,17,9,17,2086.49,8580.48,3367.29,51606.74,1.04,17,9,0.005201,0.00024283,1,664,0
ACC03286,69673.87,92992.47,15,16,14,16,4644.92,5812.03,10892.96,34177.89,1.0333,16,14,0.006001,0.00016042,0,920,0
ACC03287,19009.14,73998.75,11,14,11,14,1728.1,5285.62,4535.98,10620.37,1.0,14,11,0.005001,0.00021453,0,920,0
ACC03288,115171.8,108038.97,16,21,16,21,7198.24,5144.71,32561.26,39465.0,1.0571,21,16,0.007401,0.00018495,0,675,1
ACC03289,117531.01,58329.01,23,11,23,11,5110.04,5302.64,29246.43,13433.02,1.0,11,23,0.006801,0.00013498,1,664,0
ACC03290,117956.36,56738.46,19,16,19,16,6208.23,3546.15,24105.0,7082.38,1.0606,16,19,0.007001,0.00015025,0,675,1
ACC03291,120686.21,56615.07,18,14,18,14,6704.79,4043.93,36325.0,10177.92,1.0667,14,18,0.006401,0.00011324,0,664,0
ACC03292,48674.41,81573.07,12,20,12,20,4056.2,4078.65,12614.2,11186.87,1.1034,20,12,0.006401,0.00014404,1,664,0
ACC03293,161282.74,134717.36,19,17,19,17,8488.57,7924.55,48711.36,49726.18,1.0909,17,19,0.007201,0.00035816,1,498,1
ACC03294,54773.2,52424.1,17,16,17,16,3221.95,3276.51,10092.46,11218.81,1.0,16,17,0.006601,0.00010971,0,500,0
ACC03295,56485.03,86503.26,15,22,14,22,3765.67,3931.97,8860.59,10084.57,1.0571,22,14,0.007201,0.00017471,0,664,0
ACC03296,66322.44,87773.84,18,19,18,19,3684.58,4619.68,14462.79,14381.39,1.0882,19,18,0.007401,0.00014068,1,664,0
ACC03297,78174.77,53740.05,13,11,12,11,6013.44,4885.46,13213.81,13568.86,1.0,11,12,0.004601,0.00014003,0,500,0
ACC03298,566200.77,551413.67,17,24,17,24,33305.93,22975.57,464658.3,78238.0,1.3667,24,17,0.008202,0.00083837,1,498,1
ACC03299,70697.33,50981.79,14,10,13,10,5049.81,5098.18,13597.5,18455.9,1.0,10,13,0.004601,0.00012931,1,990,0
ACC03300,70442.95,78775.0,16,16,16,16,4402.68,4923.44,15018.6,13855.85,1.0323,16,16,0.006401,0.00019177,1,990,0
ACC03301,84839.63,99430.68,17,17,17,17,4990.57,5848.86,12864.1,29900.69,1.0303,17,17,0.006801,0.00025174,1,498,0
ACC03302,59125.91,111302.31,17,11,17,11,3477.99,10118.39,9001.2,79029.0,1.037,11,17,0.005601,8.545e-05,1,990,1
ACC03303,53163.2,58015.71,10,15,10,15,5316.32,3867.71,14142.8,8313.42,1.0417,15,10,0.005001,0.00023484,0,498,0
ACC03304,114411.97,72583.64,16,15,15,15,7150.75,4838.91,56715.67,15172.89,1.1071,15,15,0.006001,0.00015595,1,920,0
ACC03305,105551.23,75732.62,20,15,20,15,5277.56,5048.84,21721.01,15460.69,1.0294,15,20,0.007001,0.00017178,1,990,0
ACC03306,55616.86,53996.35,13,19,13,19,4278.22,2841.91,16900.98,10449.55,1.0323,19,13,0.006401,0.00016552,1,675,0
ACC03307,52545.3,70805.01,11,14,11,14,4776.85,5057.5,10809.82,12920.9,1.087,14,11,0.005001,0.00019461,1,675,0
ACC03308,64966.91,70235.03,12,9,12,9,5413.91,7803.89,16181.93,34495.6,1.05,9,12,0.004201,0.0001561,0,498,0
ACC03309,36461.34,67116.87,10,21,10,21,3646.13,3196.04,7544.15,10401.2,1.069,21,10,0.006201,0.00015552,0,498,0
ACC03310,64879.11,95499.42,17,15,17,15,3816.42,6366.63,14903.38,25781.69,1.0323,15,17,0.006401,0.00015431,0,498,0
ACC03311,108201.7,113657.45,19,18,19,18,5694.83,6314.3,26645.83,26564.04,1.0571,18,19,0.007401,0.00019082,1,675,0
ACC03312,182868.91,199772.08,20,22,20,22,9143.45,9080.55,60255.3,61485.0,1.0769,22,20,0.008402,0.00048385,1,255,1
ACC03313,70903.52,90638.98,14,17,14,17,5064.54,5331.7,13250.55,33705.37,1.0333,17,14,0.006201,0.00015635,0,498,0
ACC03314,191867.36,86205.76,18,18,18,18,10659.3,4789.21,86970.0,29845.35,1.0286,18,18,0.007201,0.0001977,1,990,1
ACC03315,198957.22,118354.26,22,18,22,17,9043.51,6575.24,62322.24,63620.62,1.0811,17,22,0.007802,0.00038645,1,500,1
ACC03316,98673.02,115685.53,14,12,14,12,7048.07,9640.46,50228.13,60703.0,1.04,12,14,0.005201,0.00017939,1,920,1
ACC03317,118790.76,53119.13,19,12,19,12,6252.15,4426.59,23423.7,10684.27,1.069,12,19,0.006201,0.00010445,1,498,0
ACC03318,78941.09,70859.03,18,18,18,18,4385.62,3936.61,21156.23,11376.74,1.0286,18,18,0.007201,0.00016661,1,498,0
ACC03319,660636.18,789894.85,20,32,20,32,33031.81,24684.21,551113.05,82324.0,1.2683,32,20,0.010402,0.00107023,1,664,1
ACC03320,134695.88,58523.43,24,16,24,16,5612.33,3657.71,31562.67,13543.24,1.0526,16,24,0.008002,0.00018615,1,990,0
ACC03321,63641.17,322486.79,17,17,17,17,3743.6,18969.81,14629.0,87312.0,1.0968,17,17,0.006801,0.00030587,0,675,1
ACC03322,162633.72,95746.73,16,16,16,16,10164.61,5984.17,88618.0,17642.71,1.0323,16,16,0.006401,0.00023535,1,990,1
ACC03323,86631.7,51829.7,15,6,15,6,5775.45,8638.28,16998.12,31508.0,1.05,6,15,0.004201,0.00010555,1,498,0
ACC03324,92011.06,43661.45,17,12,17,12,5412.42,3638.45,16878.55,10024.38,1.0357,12,17,0.005801,0.00012274,1,498,0
ACC03325,51815.03,30646.13,12,12,12,12,4317.92,2553.84,11446.28,7135.07,1.0435,12,12,0.004801,0.00018061,1,920,0
ACC03326,74314.98,86694.34,21,19,20,19,3538.81,4562.86,21643.72,25558.02,1.1111,19,20,0.007802,0.00022613,0,990,0
ACC03327,63371.1,98260.84,15,13,15,13,4224.74,7558.53,12556.94,60467.55,1.037,13,15,0.005601,0.00021076,1,990,0
ACC03328,81760.32,57266.59,16,14,16,14,5110.02,4090.47,9749.88,12321.05,1.1538,14,16,0.006001,0.00016548,1,920,0
ACC03329,1145474.51,52634.26,24,14,14,14,47728.1,3759.59,98955.0,9839.0,1.4615,14,14,0.005601,0.00016589,1,675,1
ACC03330,132546.9,115835.1,22,14,22,14,6024.86,8273.94,41771.0,71419.0,1.0286,14,22,0.007201,0.00016783,0,990,1
ACC03331,18410.13,145702.03,13,19,13,19,1416.16,7668.53,2912.03,45441.0,1.0667,19,13,0.006401,0.00018514,1,920,1
ACC03332,104781.43,39387.01,12,12,12,12,8731.79,3282.25,53671.8,9716.37,1.0,12,12,0.004801,9.776e-05,1,498,0
ACC03333,71754.45,31039.73,12,9,12,9,5979.54,3448.86,33762.0,8107.8,1.05,9,12,0.004201,0.00010554,0,920,1
ACC03334,78137.0,128010.77,19,16,19,16,4112.47,8000.67,13891.83,32630.81,1.0606,16,19,0.007001,0.00038223,1,675,0
ACC03335,107768.91,97684.41,26,13,25,13,4144.96,7514.19,12090.37,51153.89,1.0,13,25,0.007602,0.00017142,0,920,0
ACC03336,55993.33,1140436.28,14,29,14,19,3999.52,39325.39,14199.37,97547.0,1.303,19,14,0.006601,0.00031954,1,990,1
ACC03337,123255.09,32761.54,18,10,18,10,6847.51,3276.15,34425.0,7826.15,1.0769,10,18,0.005601,0.00010775,0,675,1
ACC03338,88802.28,113438.74,13,22,13,22,6830.94,5156.31,35422.97,15856.7,1.0294,22,13,0.007001,0.00024923,0,500,0
ACC03339,88366.46,109052.44,18,14,18,14,4909.25,7789.46,17728.46,56285.27,1.0,14,18,0.006401,0.00018384,1,675,0
ACC03340,102764.31,157557.74,14,21,14,21,7340.31,7502.75,32896.12,28522.85,1.129,21,14,0.007001,0.00025351,0,498,0
ACC03341,78731.22,78141.99,15,17,15,16,5248.75,4596.59,13245.35,24276.88,1.0667,16,15,0.006201,0.0001714,1,664,0
ACC03342,74175.78,96590.86,15,20,15,20,4945.05,4829.54,15744.36,26014.72,1.0606,20,15,0.007001,0.00024932,0,498,0
ACC03343,101648.7,180848.44,16,25,16,25,6353.04,7233.94,25509.67,50518.0,1.0789,25,16,0.008202,0.00025066,0,675,1
ACC03344,88865.87,68776.08,14,18,14,18,6347.56,3820.89,24838.33,23211.32,1.0667,18,14,0.006401,0.0001362,1,920,0
ACC03345,109678.06,46339.49,16,12,16,12,6854.88,3861.62,26646.6,8867.12,1.0769,12,16,0.005601,0.00012679,1,664,0
ACC03346,72430.97,85186.5,13,22,13,22,5571.61,3872.11,24705.23,26682.69,1.0294,22,13,0.007001,0.000179,0,990,0
ACC03347,54145.39,169647.12,17,21,17,21,3185.02,8078.43,7045.33,37432.0,1.0556,21,17,0.007602,0.00028924,1,990,1
ACC03348,93153.82,75607.52,20,12,20,12,4657.69,6300.63,19471.97,34196.36,1.0667,12,20,0.006401,0.00030914,0,920,0
ACC03349,110526.48,124078.18,9,23,9,23,12280.72,5394.7,83595.0,32911.71,1.0667,23,9,0.006401,0.00023064,1,664,1
ACC03350,25230.52,50470.92,6,11,6,11,4205.09,4588.27,8656.24,18243.33,1.0,11,6,0.003401,0.00011669,0,664,0
ACC03351,64283.57,153626.49,16,21,16,21,4017.72,7315.55,11109.26,20910.99,1.0571,21,16,0.007401,0.00028164,0,498,0
ACC03352,74832.33,51865.7,14,12,14,12,5345.17,4322.14,18809.59,20895.82,1.04,12,14,0.005201,0.00015277,0,990,0
ACC03353,103794.86,138934.77,20,24,20,24,5189.74,5788.95,21741.45,21309.69,1.0476,24,20,0.008802,0.00030807,1,664,0
ACC03354,47257.45,141689.81,10,24,10,24,4725.74,5903.74,17059.69,43137.88,1.0303,24,10,0.006801,0.00028772,0,498,0
ACC03355,84376.35,177719.52,21,17,21,17,4017.92,10454.09,11252.88,36162.7,1.027,17,21,0.007602,0.00022349,0,500,1
ACC03356,74726.04,65650.83,15,17,14,17,4981.74,3861.81,13043.53,25601.04,1.0667,17,14,0.006201,0.00014883,1,990,0
ACC03357,82999.03,98838.37,14,10,14,10,5928.5,9883.84,13652.25,29220.0,1.0435,10,14,0.004801,0.00013825,1,664,1
ACC03358,165893.5,90258.36,18,16,18,16,9216.31,5641.15,68035.0,20277.34,1.0625,16,18,0.006801,0.00020189,0,920,1
ACC03359,85147.91,77422.43,15,14,15,14,5676.53,5530.17,19954.12,26110.56,1.0741,14,15,0.005801,0.0002137,1,498,0
ACC03360,105463.43,34421.2,23,13,23,13,4585.37,2647.78,14631.64,8807.79,1.0,13,23,0.007201,0.00010194,1,990,0
ACC03361,58369.52,73174.14,14,17,14,17,4169.25,4304.36,10708.1,12950.93,1.0,17,14,0.006201,0.00017137,1,920,0
ACC03362,163587.59,69844.78,17,11,17,11,9622.8,6349.53,57359.0,51004.8,1.0769,11,17,0.005601,0.00015154,1,498,1
ACC03363,88071.72,93497.55,22,16,22,16,4003.26,5843.6,13224.99,18189.67,1.0,16,22,0.007602,0.0001611,1,255,0
ACC03364,44366.1,92897.69,13,21,13,21,3412.78,4423.7,12206.29,32479.75,1.0,21,13,0.006801,0.0001987,0,990,0
ACC03365,557889.44,555665.86,20,23,20,23,27894.47,24159.39,483383.75,77587.0,1.303,23,20,0.008602,0.0007276,1,498,1
ACC03366,76906.83,132471.65,17,18,17,18,4523.93,7359.54,15397.71,41856.9,1.0294,18,17,0.007001,0.00023957,0,498,0
ACC03367,75495.43,75127.13,18,14,18,14,4194.19,5366.22,13965.34,31229.19,1.0,14,18,0.006401,0.00018306,1,990,0
ACC03368,44744.55,68574.78,11,15,11,15,4067.69,4571.65,10638.67,9417.82,1.0,15,11,0.005201,0.0001992,1,920,0
ACC03369,119779.72,84138.5,13,12,13,12,9213.82,7011.54,79548.18,18360.65,1.0417,12,13,0.005001,0.00015581,1,664,0
ACC03370,44271.17,56573.52,10,9,10,9,4427.12,6285.95,11676.44,19853.69,1.0556,9,10,0.003801,0.00019215,1,990,0
ACC03371,86914.86,95985.53,15,19,15,19,5794.32,5051.87,38542.63,36814.37,1.0625,19,15,0.006801,0.00019491,1,920,0
ACC03372,216955.12,84715.5,18,18,18,18,12053.06,4706.42,76485.0,15215.64,1.125,18,18,0.007201,0.00024173,0,990,1
ACC03373,91018.91,46310.72,23,16,23,16,3957.34,2894.42,31514.04,6047.87,1.0263,16,23,0.007802,0.00012883,1,920,0
ACC03374,163318.67,78968.4,25,13,25,13,6532.75,6074.49,46780.86,34007.45,1.0,13,25,0.007602,0.00018138,1,990,0
ACC03375,102917.06,76604.46,19,18,19,18,5416.69,4255.8,14801.89,24140.96,1.1212,18,19,0.007401,0.00017317,1,920,0
ACC03376,117691.09,60374.34,20,19,20,19,5884.55,3177.6,49097.99,7540.71,1.1143,19,20,0.007802,0.00017531,1,675,0
ACC03377,90272.26,46496.63,17,14,17,14,5310.13,3321.19,25287.24,8603.83,1.069,14,17,0.006201,0.0001211,0,675,0
ACC03378,115055.99,98661.31,21,19,21,19,5478.86,5192.7,30889.47,19114.0,1.0526,19,21,0.008002,0.0001697,0,990,1
ACC03379,71014.43,80592.83,17,14,17,14,4177.32,5756.63,16124.65,40975.0,1.0,14,17,0.006201,0.00010344,1,920,1
ACC03380,62813.76,69752.06,19,18,19,18,3305.99,3875.11,9413.85,11460.66,1.0278,18,19,0.007401,0.00015565,1,498,0
ACC03381,62505.27,88400.28,18,16,18,16,3472.52,5525.02,13843.59,16040.82,1.1333,16,18,0.006801,0.00022151,1,675,0
ACC03382,38025.04,54569.37,15,14,15,14,2535.0,3897.81,6124.7,14523.9,1.0,14,15,0.005801,0.00010191,0,498,0
ACC03383,30029.9,93307.05,9,19,9,19,3336.66,4910.9,8107.65,17706.46,1.037,19,9,0.005601,0.0002461,0,675,0
ACC03384,18188.84,143975.39,10,17,10,17,1818.88,8469.14,6298.05,40310.22,1.0385,17,10,0.005401,0.00021823,1,990,0
ACC03385,186205.52,60109.0,20,16,20,16,9310.28,3756.81,70885.0,10657.93,1.0,16,20,0.007201,0.00012575,1,920,1
ACC03386,91993.36,86645.86,18,20,18,20,5110.74,4332.29,33046.79,9335.85,1.0,20,18,0.007602,0.00018725,0,500,0
ACC03387,52324.02,59209.86,16,11,16,11,3270.25,5382.71,10387.38,18700.12,1.08,11,16,0.005401,0.00010635,1,990,0
ACC03388,57948.3,53057.48,10,11,10,11,5794.83,4823.41,34928.2,9369.2,1.0,11,10,0.004201,0.00012312,0,990,0
ACC03389,123880.25,87910.97,20,15,20,15,6194.01,5860.73,18130.56,32184.45,1.0,15,20,0.007001,0.00014995,0,664,0
ACC03390,821106.21,150450.18,32,19,26,19,25659.57,7918.43,98955.0,68032.58,1.186,19,26,0.009002,0.00029511,1,498,1
ACC03391,50386.15,37248.93,13,11,13,11,3875.86,3386.27,13235.18,6952.38,1.0,11,13,0.004801,0.00010122,1,498,0
ACC03392,235552.92,86416.79,15,16,15,16,15703.53,5401.05,77131.0,26199.85,1.0333,16,15,0.006201,0.00017367,1,675,1
ACC03393,52785.53,72705.14,10,19,10,18,5278.55,3826.59,14253.54,12964.21,1.0357,18,10,0.005601,0.00016758,1,990,0
ACC03394,60314.02,388641.49,16,17,16,17,3769.63,22861.26,6605.53,94477.0,1.1,17,16,0.006601,0.00050425,0,675,1
ACC03395,97109.91,81119.61,18,21,18,21,5394.99,3862.84,30696.74,14959.19,1.0,21,18,0.007802,0.00019581,1,990,0
ACC03396,110256.48,95364.95,18,14,18,14,6125.36,6811.78,54741.12,55881.56,1.1429,14,18,0.006401,0.00056071,1,498,1
ACC03397,118014.68,96527.46,20,20,20,20,5900.73,4826.37,22022.69,32579.96,1.0,20,20,0.008002,0.00021236,1,990,0
ACC03398,77738.93,90805.95,19,18,19,18,4091.52,5044.77,20556.76,26714.69,1.0571,18,19,0.007401,0.0001778,1,675,0
ACC03399,166889.74,15382.06,18,6,18,6,9271.65,2563.68,84440.0,5122.81,1.0435,6,18,0.004801,5.842e-05,1,920,1
ACC03400,139657.05,55772.38,22,14,22,14,6348.05,3983.74,21872.43,13493.72,1.0588,14,22,0.007201,0.00012422,1,675,0
ACC03401,907820.48,74433.88,30,16,23,16,30260.68,4652.12,98335.0,29746.0,1.3143,16,23,0.007802,0.00014673,1,920,1
ACC03402,136756.67,107164.27,19,17,19,17,7197.72,6303.78,54574.08,55711.04,1.0909,17,19,0.007201,0.00018574,1,675,1
ACC03403,70146.68,129011.57,16,20,16,20,4384.17,6450.58,10583.57,17746.13,1.0588,20,16,0.007201,0.00020967,0,920,0
ACC03404,132653.76,41390.69,16,14,16,14,8290.86,2956.48,30698.95,5099.52,1.0345,14,16,0.006001,0.00021667,0,498,0
ACC03405,93095.75,98381.5,14,22,14,22,6649.7,4471.89,60487.0,13925.38,1.0588,22,14,0.007201,0.00023629,1,498,1
ACC03406,62508.97,60082.03,15,16,15,16,4167.26,3755.13,18277.16,9999.83,1.0,16,15,0.006201,0.00014333,1,664,0
ACC03407,62632.9,51230.5,15,10,15,10,4175.53,5123.05,8847.94,17655.0,1.0,10,15,0.005001,9.364e-05,0,498,1
ACC03408,58211.25,87020.52,9,17,9,17,6467.92,5118.85,12439.39,16823.26,1.1304,17,9,0.005201,0.00015119,1,664,0
ACC03409,89638.58,50179.78,21,14,21,14,4268.5,3584.27,17461.7,9189.73,1.129,14,21,0.007001,0.0001186,0,990,0
ACC03410,30615.92,30969.83,15,9,15,9,2041.06,3441.09,6687.76,9129.56,1.0435,9,15,0.004801,6.596e-05,1,500,0
ACC03411,70168.97,161514.54,17,18,17,18,4127.59,8973.03,12757.3,71928.0,1.0606,18,17,0.007001,0.00017586,1,498,1
ACC03412,95072.77,41645.79,18,11,18,11,5281.82,3785.98,30258.01,20853.1,1.0741,11,18,0.005801,8.634e-05,0,664,0
ACC03413,62563.91,62730.9,16,14,16,14,3910.24,4480.78,12650.9,12293.57,1.0345,14,16,0.006001,0.00015367,1,675,0
ACC03414,61741.75,123403.07,12,20,12,20,5145.15,6170.15,15949.78,26990.65,1.0667,20,12,0.006401,0.00027588,0,498,0
ACC03415,47371.19,80326.61,14,15,14,15,3383.66,5355.11,9301.92,15722.86,1.1154,15,14,0.005801,0.00021909,1,920,0
ACC03416,70770.8,46178.85,18,15,18,15,3931.71,3078.59,11838.49,9414.98,1.0,15,18,0.006601,0.00012023,1,990,0
ACC03417,42842.34,57677.18,14,18,14,18,3060.17,3204.29,8111.56,14076.73,1.0323,18,14,0.006401,0.00015376,1,500,0
ACC03418,47241.74,32613.04,15,9,15,9,3149.45,3623.67,10997.95,10672.13,1.0,9,15,0.004801,7.129e-05,0,675,0
ACC03419,195328.82,76105.0,19,14,19,14,10280.46,5436.07,90378.0,19359.02,1.0645,14,19,0.006601,0.00026242,1,498,1
ACC03420,48308.77,97167.92,14,18,14,18,3450.63,5398.22,13195.36,33761.2,1.0,18,14,0.006401,0.00017998,0,990,0
ACC03421,46552.21,56391.3,11,17,11,17,4232.02,3317.14,10100.53,11992.09,1.0769,17,11,0.005601,0.00014682,1,498,0
ACC03422,138412.46,119374.61,17,14,17,14,8141.91,8526.76,67877.8,56686.06,1.0333,14,17,0.006201,0.00019232,1,498,0
ACC03423,89768.38,106013.51,15,14,15,14,5984.56,7572.39,52749.48,53826.0,1.0741,14,15,0.005801,0.00030152,1,498,1
ACC03424,37483.53,124893.06,10,18,10,18,3748.35,6938.5,9053.04,39521.69,1.0,18,10,0.005601,0.00024804,0,664,0
ACC03425,62153.35,76022.08,15,19,15,19,4143.56,4001.16,13802.98,13069.96,1.0625,19,15,0.006801,0.00017844,1,498,0
ACC03426,41979.63,45702.52,15,15,15,15,2798.64,3046.83,7667.14,8797.95,1.0345,15,15,0.006001,0.00012407,1,255,0
ACC03427,43479.04,117170.11,14,18,14,18,3105.65,6509.45,13162.87,56593.4,1.0667,18,14,0.006401,0.00018123,1,920,0
ACC03428,160494.53,86700.65,22,15,22,15,7295.21,5780.04,68643.8,28027.08,1.0882,15,22,0.007401,0.00017578,0,990,0
ACC03429,45181.21,60546.07,11,10,11,10,4107.38,6054.61,12296.49,14313.93,1.05,10,11,0.004201,0.00011661,0,498,0
ACC03430,91850.53,106146.76,18,18,18,18,5102.81,5897.04,21389.99,27873.38,1.0909,18,18,0.007201,0.00021724,1,498,0
ACC03431,95009.12,29607.26,22,8,22,8,4318.6,3700.91,25456.5,9685.1,1.0,8,22,0.006001,6.904e-05,0,990,0
ACC03432,66794.28,102377.82,16,14,16,14,4174.64,7312.7,17888.48,41697.13,1.0714,14,16,0.006001,0.00018351,1,498,0
ACC03433,45689.63,163319.39,14,20,14,20,3263.54,8165.97,11783.29,28824.81,1.0625,20,14,0.006801,0.00028984,1,920,0
ACC03434,77590.52,107431.48,21,19,20,19,3694.79,5654.29,20413.38,32906.14,1.0526,19,20,0.007802,0.00020795,1,498,0
ACC03435,1268899.87,36703.46,34,8,23,8,37320.58,4587.93,98838.0,11850.66,1.4483,8,23,0.006201,9.524e-05,1,990,1
ACC03436,134880.57,87810.7,16,20,16,20,8430.04,4390.53,32537.75,21206.61,1.0,20,16,0.007201,0.00016746,1,500,0
ACC03437,34246.14,50840.53,12,16,12,16,2853.84,3177.53,9259.51,6858.64,1.0769,16,12,0.005601,0.00011947,1,498,0
ACC03438,56178.98,96878.45,16,21,16,21,3511.19,4613.26,12407.43,28380.07,1.0571,21,16,0.007401,0.00017775,1,920,0
ACC03439,161396.39,127694.41,12,16,12,15,13449.7,7980.9,82324.0,24413.32,1.037,15,12,0.005401,0.00027106,1,990,1
ACC03440,102272.66,84885.28,21,14,21,14,4870.13,6063.23,12405.69,21516.53,1.0938,14,21,0.007001,0.00013331,1,990,0
ACC03441,160536.55,59580.55,17,9,16,9,9443.33,6620.06,51606.74,12129.19,1.04,9,16,0.005001,0.0001998,0,675,0
ACC03442,75467.78,111179.18,17,21,17,21,4439.28,5294.25,13599.87,21713.22,1.0556,21,17,0.007602,0.00026286,0,990,0
ACC03443,54131.32,86360.04,12,12,12,12,4510.94,7196.67,10541.0,31599.04,1.0,12,12,0.004801,0.00024666,1,920,0
ACC03444,44874.11,96720.4,8,17,8,17,5609.26,5689.44,22268.78,14946.32,1.087,17,8,0.005001,0.00023457,0,500,0
ACC03445,67596.42,79065.82,19,18,19,17,3557.71,4392.55,13653.97,21806.09,1.0571,17,19,0.007201,0.00017418,1,498,0
ACC03446,119065.86,44075.43,17,16,17,16,7003.87,2754.71,54668.0,7349.74,1.0645,16,17,0.006601,9.922e-05,0,675,1
ACC03447,59746.93,50635.23,12,14,12,14,4978.91,3616.8,22781.36,18957.82,1.0833,14,12,0.005201,8.692e-05,0,920,0
ACC03448,73548.19,48743.38,19,13,19,13,3870.96,3749.49,20501.49,14095.27,1.0,13,19,0.006401,0.00012643,1,255,0
ACC03449,39197.74,77372.23,13,9,13,9,3015.21,8596.91,9097.06,30683.68,1.1,9,13,0.004401,0.00014151,0,675,0
ACC03450,660768.56,1327906.24,20,29,20,29,33038.43,45789.87,536758.55,657377.2,1.4,29,20,0.009802,0.00199403,1,498,1
ACC03451,46247.8,63419.39,13,16,13,16,3557.52,3963.71,10885.6,8652.6,1.0357,16,13,0.005801,0.00016827,0,498,0
ACC03452,88171.19,64098.03,17,16,17,16,5186.54,4006.13,17139.73,11707.99,1.0,16,17,0.006601,0.00013723,0,500,0
ACC03453,300062.26,1189075.53,15,28,15,17,20004.15,42466.98,76400.0,98136.0,1.6538,17,15,0.006401,0.00028783,0,990,1
ACC03454,90194.23,37737.83,18,13,18,13,5010.79,2902.91,15700.85,10681.45,1.069,13,18,0.006201,8.94e-05,1,500,0
ACC03455,48561.27,107860.23,14,17,14,17,3468.66,6344.72,13515.74,23244.38,1.0,17,14,0.006201,0.00020581,0,920,0
ACC03456,114985.28,81244.26,12,11,12,11,9582.11,7385.84,50649.6,51704.8,1.0952,11,12,0.004601,0.00015916,1,498,1
ACC03457,60683.98,112451.66,14,16,14,15,4334.57,7028.23,23493.44,53884.0,1.0714,15,14,0.005801,0.00013141,0,675,1
ACC03458,137209.8,24691.87,13,12,13,12,10554.6,2057.66,76836.0,4823.16,1.0,12,13,0.005001,9.705e-05,1,920,1
ACC03459,55520.64,72819.77,15,16,15,15,3701.38,4551.24,9003.23,14849.03,1.1071,15,15,0.006001,0.00022731,1,920,0
ACC03460,60951.35,32174.65,14,9,14,9,4353.67,3574.96,23928.97,10746.31,1.0,9,14,0.004601,8.069e-05,0,920,0
ACC03461,79369.83,83052.37,19,23,19,23,4177.36,3610.97,21099.25,15620.24,1.0244,23,19,0.008402,0.00014361,1,675,0
ACC03462,49708.08,183572.5,12,20,12,20,4142.34,9178.62,9835.45,36915.1,1.0667,20,12,0.006401,0.00025976,1,664,0
ACC03463,62061.86,116288.05,12,16,11,16,5171.82,7268.0,13608.12,64089.0,1.0,16,11,0.005401,0.00014101,1,255,1
ACC03464,58767.49,105626.61,16,19,16,19,3672.97,5559.3,18266.91,29823.28,1.0606,19,16,0.007001,0.00017155,1,498,0
ACC03465,111457.59,95534.68,17,16,17,16,6556.33,5970.92,19125.97,27575.63,1.0645,16,17,0.006601,0.00018343,1,920,0
ACC03466,87873.36,114004.02,16,20,16,20,5492.09,5700.2,35509.0,30275.75,1.0286,20,16,0.007201,0.00021708,1,498,1
ACC03467,24360.02,96543.25,10,17,10,17,2436.0,5679.01,4774.72,26023.15,1.0385,17,10,0.005401,0.00017408,1,675,0
ACC03468,58185.51,134471.06,17,15,17,15,3422.68,8964.74,12533.68,52395.0,1.0667,15,17,0.006401,0.0002195,0,498,1
ACC03469,96926.62,50097.22,14,11,14,11,6923.33,4554.29,19064.52,15867.71,1.0,11,14,0.005001,0.00013117,0,498,0
ACC03470,48561.56,84319.81,7,16,7,16,6937.37,5269.99,22899.83,12732.03,1.0455,16,7,0.004601,0.00021604,0,990,0
ACC03471,166398.5,110676.58,22,18,22,18,7563.57,6148.7,36401.0,19459.82,1.0,18,22,0.008002,0.00031907,1,498,1
ACC03472,57050.32,83700.56,15,12,15,12,3803.35,6975.05,10271.73,21747.98,1.0385,12,15,0.005401,0.00016845,1,920,0
ACC03473,134122.47,70115.59,21,14,21,14,6386.78,5008.26,18751.72,21342.41,1.0606,14,21,0.007001,0.00014891,0,920,0
ACC03474,110032.31,79653.2,16,21,16,21,6877.02,3793.01,70377.0,16602.9,1.0,21,16,0.007401,0.00017761,1,920,1
ACC03475,85837.12,63125.77,21,10,21,10,4087.48,6312.58,14259.32,13276.95,1.069,10,21,0.006201,0.00014886,0,920,0
ACC03476,207443.74,31141.68,17,12,17,12,12202.57,2595.14,95000.0,5420.53,1.1154,12,17,0.005801,8.23e-05,0,498,1
ACC03477,55753.4,73160.29,14,23,14,23,3982.39,3180.88,10146.2,11304.79,1.0571,23,14,0.007401,0.00018079,1,500,0
ACC03478,106023.67,66189.06,13,17,13,17,8155.67,3893.47,29464.53,14033.25,1.0345,17,13,0.006001,0.00013604,1,498,0
ACC03479,77110.09,28147.76,15,14,15,14,5140.67,2010.55,26471.43,4343.02,1.0,14,15,0.005801,0.0001053,0,675,0
ACC03480,111339.18,73992.1,14,12,14,12,7952.8,6166.01,59257.0,20768.04,1.0,12,14,0.005201,0.00020823,1,664,1
ACC03481,1075868.47,67077.25,24,15,15,15,44827.85,4471.82,98602.0,17992.07,1.3,15,15,0.006001,0.00014855,0,990,1
ACC03482,155660.23,58513.37,20,20,20,20,7783.01,2925.67,66306.0,7509.94,1.0526,20,20,0.008002,0.00015837,0,990,1
ACC03483,14539.21,95246.08,6,14,6,14,2423.2,6803.29,5310.47,29731.7,1.0,14,6,0.004001,0.00017128,1,675,0
ACC03484,66001.17,57618.47,17,15,17,15,3882.42,3841.23,11218.81,11223.85,1.0667,15,17,0.006401,0.00015782,0,990,0
ACC03485,91985.94,76251.78,11,14,11,14,8362.36,5446.56,24327.92,18878.65,1.0,14,11,0.005001,0.00015759,0,675,0
ACC03486,95350.62,87040.33,19,17,19,17,5018.45,5120.02,20413.57,16900.98,1.125,17,19,0.007201,0.00018932,1,990,0
ACC03487,62212.74,86516.65,22,20,21,20,2827.85,4325.83,6065.82,12525.33,1.1053,20,21,0.008202,0.00016332,1,255,0
ACC03488,96218.4,68317.95,21,18,21,18,4581.83,3795.44,12917.16,16088.66,1.0541,18,21,0.007802,0.00016356,1,498,0
ACC03489,92678.45,78250.64,12,15,12,15,7723.2,5216.71,33606.0,15825.59,1.0,15,12,0.005401,0.00017977,0,498,1
ACC03490,1186575.6,59809.0,23,18,12,18,51590.24,3322.72,98320.0,9457.75,1.3667,18,12,0.006001,0.0001459,1,664,1
ACC03491,92971.01,88443.49,17,16,17,16,5468.88,5527.72,19775.36,25858.92,1.0312,16,17,0.006601,0.00020873,0,990,0
ACC03492,192396.88,115548.88,18,17,18,17,10688.72,6796.99,76810.0,16921.22,1.129,17,18,0.007001,0.00022267,1,500,1
ACC03493,97052.79,118461.7,17,23,17,23,5708.99,5150.51,27051.83,21858.06,1.1111,23,17,0.008002,0.00026319,1,920,0
ACC03494,154729.06,992807.7,21,24,21,15,7368.05,41366.99,28437.04,98368.0,1.2857,15,21,0.007201,0.00024396,1,920,1
ACC03495,83958.28,86882.33,12,14,12,14,6996.52,6205.88,22223.59,15786.0,1.0833,14,12,0.005201,0.00013719,0,920,1
ACC03496,74020.88,81485.48,9,19,9,19,8224.54,4288.71,32778.29,17875.0,1.037,19,9,0.005601,0.00013423,0,990,1
ACC03497,842888.73,868711.07,17,28,17,28,49581.69,31025.4,779010.45,85878.0,1.5517,28,17,0.009002,0.00100136,1,990,1
ACC03498,32094.91,93334.96,8,21,8,21,4011.86,4444.52,13617.04,25128.65,1.0741,21,8,0.005801,0.00023979,0,675,0
ACC03499,82281.82,91261.08,15,17,15,17,5485.45,5368.3,24455.0,12320.69,1.0,17,15,0.006401,0.00018523,0,990,1
ACC03500,98122.88,77691.05,18,12,18,12,5451.27,6474.25,17328.06,24627.36,1.0,12,18,0.006001,0.00024231,1,675,0
ACC03501,66802.44,89772.07,16,17,16,17,4175.15,5280.71,12121.19,17544.49,1.0312,17,16,0.006601,0.00015344,0,920,0
ACC03502,55238.85,75094.33,14,20,14,20,3945.63,3754.72,26333.52,17402.77,1.0,20,14,0.006801,0.00015507,1,675,0
ACC03503,86796.93,58550.8,15,15,15,15,5786.46,3903.39,25975.07,12803.04,1.0714,15,15,0.006001,0.0001141,1,990,0
ACC03504,75513.89,63888.44,14,17,14,17,5393.85,3758.14,26849.52,12055.94,1.0,17,14,0.006201,0.00019358,0,675,0
ACC03505,123837.63,68640.17,11,16,11,16,11257.97,4290.01,84598.0,13292.27,1.0385,16,11,0.005401,0.00015104,0,675,1
ACC03506,84526.33,117971.78,16,14,16,14,5282.9,8426.56,31722.0,59445.22,1.0345,14,16,0.006001,0.00015142,0,500,1
ACC03507,71514.04,59408.46,17,18,17,18,4206.71,3300.47,17593.96,11720.5,1.0294,18,17,0.007001,0.00014865,1,920,0
ACC03508,110181.76,47984.29,14,16,14,16,7870.13,2999.02,51379.03,7910.71,1.0345,16,14,0.006001,0.00013049,0,664,0
ACC03509,118211.9,52840.95,8,11,8,11,14776.49,4803.72,95000.0,16571.84,1.0,11,8,0.003801,0.00015948,1,990,0
ACC03510,95652.85,58191.48,22,12,22,12,4347.86,4849.29,11175.78,35619.59,1.0625,12,22,0.006801,0.00026759,1,498,0
ACC03511,129717.32,385505.33,20,21,20,21,6485.87,18357.4,61486.0,86732.0,1.0513,21,20,0.008202,0.00051097,0,498,1
ACC03512,100988.77,57810.11,19,12,19,12,5315.2,4817.51,15612.95,15621.28,1.0333,12,19,0.006201,0.00013168,0,920,0
ACC03513,115400.56,66880.29,17,21,17,21,6788.27,3184.78,59837.6,13600.72,1.027,21,17,0.007602,0.00015489,1,498,0
ACC03514,482339.62,505548.63,16,24,16,24,30146.23,21064.53,385731.35,85841.0,1.3333,24,16,0.008002,0.00066366,1,500,1
ACC03515,27593.47,62981.61,7,19,7,19,3941.92,3314.82,10946.68,9989.0,1.04,19,7,0.005201,0.00014015,1,675,0
ACC03516,46432.5,67865.62,15,12,14,12,3095.5,5655.47,7387.41,26767.37,1.0385,12,14,0.005201,0.00012483,0,498,0
ACC03517,104780.55,97724.64,14,16,14,16,7484.32,6107.79,30253.09,24721.07,1.0345,16,14,0.006001,0.00021407,1,920,0
ACC03518,121116.92,72451.78,17,14,17,14,7124.52,5175.13,33468.36,21703.45,1.0,14,17,0.006201,0.00017197,1,920,0
ACC03519,83985.12,88400.31,11,12,11,12,7635.01,7366.69,38201.0,23302.15,1.0455,12,11,0.004601,0.00015942,0,498,1
ACC03520,183118.03,53565.67,23,22,23,22,7961.65,2434.8,49744.46,6435.07,1.0714,22,23,0.009002,0.00014717,1,920,0
ACC03521,105754.24,58016.16,20,13,20,13,5287.71,4462.78,23190.77,11970.04,1.0312,13,20,0.006601,0.00014722,0,675,0
ACC03522,75204.01,53996.46,14,16,14,16,5371.72,3374.78,20481.28,26471.43,1.0345,16,14,0.006001,0.00010576,1,500,0
ACC03523,81728.22,100076.46,11,27,11,27,7429.84,3706.54,50273.0,13610.23,1.1176,27,11,0.007602,0.00020656,1,664,1
ACC03524,92786.86,238482.25,16,19,16,19,5799.18,12551.7,32741.58,85495.0,1.0294,19,16,0.007001,0.00038792,1,664,1
ACC03525,113477.32,45090.24,16,12,16,12,7092.33,3757.52,55467.56,8174.56,1.0769,12,16,0.005601,0.00011434,1,498,0
ACC03526,90385.01,43014.0,21,11,21,11,4304.05,3910.36,13732.87,12623.29,1.0323,11,21,0.006401,0.00010071,1,920,0
ACC03527,100758.57,51047.78,17,13,17,13,5926.97,3926.75,26558.83,23784.67,1.0345,13,17,0.006001,0.00014104,0,498,0
ACC03528,102565.22,51104.04,19,17,18,17,5398.17,3006.12,26026.85,9154.2,1.0588,17,18,0.007001,0.00013716,0,675,0
ACC03529,98637.69,89678.96,18,15,18,14,5479.87,5978.6,16880.36,43319.26,1.0645,14,18,0.006401,0.00011478,1,920,0
ACC03530,147769.59,123466.58,14,14,14,14,10554.97,8819.04,68705.0,50304.0,1.037,14,14,0.005601,0.00032601,1,675,1
ACC03531,70207.78,42503.61,13,10,13,10,5400.6,4250.36,17104.79,12804.03,1.0455,10,13,0.004601,0.0001782,0,990,0
ACC03532,123155.16,85397.3,24,18,24,18,5131.46,4744.29,23016.32,19842.37,1.0769,18,24,0.008402,0.0001571,0,920,0
ACC03533,25969.39,55822.62,10,13,10,13,2596.94,4294.05,6726.71,9451.24,1.0455,13,10,0.004601,0.00013666,0,990,0
ACC03534,76069.31,92596.84,11,16,11,16,6915.39,5787.3,35048.0,33646.08,1.0385,16,11,0.005401,0.00019511,1,664,1
ACC03535,124100.24,66440.36,22,12,22,12,5640.92,5536.7,24738.53,29699.88,1.0968,12,22,0.006801,0.00011564,1,675,0
ACC03536,67279.84,109463.48,18,16,18,16,3737.77,6841.47,12291.45,32674.88,1.0968,16,18,0.006801,0.00020558,0,664,0
ACC03537,82389.0,101964.78,16,19,16,19,5149.31,5366.57,20302.04,28474.17,1.0938,19,16,0.007001,0.00021284,0,498,0
ACC03538,132748.48,130317.78,20,20,20,20,6637.42,6515.89,67184.0,64496.64,1.0526,20,20,0.008002,0.00025061,1,500,1
ACC03539,75917.41,70228.35,20,11,20,11,3795.87,6384.4,16820.61,14707.15,1.0,11,20,0.006201,0.00019305,1,920,0
ACC03540,133472.27,73541.59,23,12,23,12,5803.14,6128.47,20856.63,19693.82,1.0,12,23,0.007001,0.00015399,1,664,0
ACC03541,51003.38,188141.2,9,12,9,12,5667.04,15678.43,18374.78,79098.0,1.0,12,9,0.004201,0.00028273,0,990,1
ACC03542,60705.81,61295.2,16,16,16,16,3794.11,3830.95,15153.47,9534.27,1.0667,16,16,0.006401,0.00013078,1,500,0
ACC03543,82737.28,65566.74,16,18,16,18,5171.08,3642.6,16230.26,8154.58,1.0625,18,16,0.006801,0.00016827,1,920,0
ACC03544,45286.15,81602.15,14,20,14,20,3234.72,4080.11,8010.88,12398.52,1.0,20,14,0.006801,0.00027035,1,990,0
ACC03545,86190.36,57326.68,13,13,13,13,6630.03,4409.74,54320.14,16725.67,1.0833,13,13,0.005201,0.00014261,1,675,0
ACC03546,51412.44,79162.79,15,15,15,15,3427.5,5277.52,10557.59,20211.99,1.0345,15,15,0.006001,0.00018555,1,990,0
ACC03547,42426.31,132966.6,8,16,8,16,5303.29,8310.41,14076.54,45750.0,1.0435,16,8,0.004801,0.00020017,0,664,1
ACC03548,93196.4,134810.17,14,18,14,18,6656.89,7489.45,25979.32,19058.42,1.0667,18,14,0.006401,0.0001965,1,920,0
ACC03549,171369.39,34549.01,17,13,17,13,10080.55,2657.62,81599.0,8480.37,1.0,13,17,0.006001,6.7e-05,1,920,1
ACC03550,59382.12,82870.71,12,23,12,23,4948.51,3603.07,10706.17,10353.1,1.0606,23,12,0.007001,0.00016195,1,664,0
ACC03551,77178.2,1022649.68,22,26,22,19,3508.1,39332.68,19968.54,98138.0,1.2308,19,22,0.008202,0.00042991,1,920,1
ACC03552,188192.4,70369.69,25,16,25,16,7527.7,4398.11,71496.0,14966.34,1.0513,16,25,0.008202,0.0001541,1,990,1
ACC03553,86146.77,51765.09,17,9,17,9,5067.46,5751.68,35378.0,15544.14,1.0,9,17,0.005201,0.0001114,0,664,1
ACC03554,201999.11,135028.77,11,16,11,16,18363.56,8439.3,86813.0,74638.0,1.08,16,11,0.005401,0.00021215,1,675,1
ACC03555,79241.8,44894.49,18,11,17,10,4402.32,4081.32,25381.91,11083.02,1.0357,10,17,0.005401,0.00013684,0,500,0
ACC03556,47869.54,71469.19,14,16,14,16,3419.25,4466.82,20368.0,15010.75,1.0714,16,14,0.006001,0.00013967,1,498,0
ACC03557,30926.07,84286.28,16,15,16,15,1932.88,5619.09,5213.72,18557.43,1.0333,15,16,0.006201,0.00014421,0,990,0
ACC03558,21225.05,89509.63,11,25,11,25,1929.55,3580.39,4448.7,15820.78,1.0909,25,11,0.007201,0.00014928,0,990,0
ACC03559,74840.43,90511.28,14,19,14,19,5345.74,4763.75,23784.67,16631.28,1.0645,19,14,0.006601,0.00021505,1,675,0
ACC03560,113150.64,72475.66,25,16,25,16,4526.03,4529.73,30572.04,10845.57,1.0513,16,25,0.008202,0.00011868,1,990,0
ACC03561,115950.33,54023.94,18,13,18,13,6441.69,4155.69,27130.34,10437.41,1.0333,13,18,0.006201,0.00011653,1,920,0
ACC03562,76298.84,136075.62,12,16,12,16,6358.24,8504.73,19609.49,34243.63,1.12,16,12,0.005601,0.00020882,1,920,0
ACC03563,45897.18,130217.74,16,18,16,18,2868.57,7234.32,10782.45,33641.18,1.0,18,16,0.006801,0.00023889,0,664,0
ACC03564,32663.28,91165.45,13,16,13,16,2512.56,5697.84,6168.24,22183.75,1.0357,16,13,0.005801,0.00020749,0,920,0
ACC03565,102650.86,102550.18,15,16,15,16,6843.39,6409.39,36099.28,36836.0,1.1481,16,15,0.006201,0.00024031,1,675,1
ACC03566,81764.68,101267.54,15,15,15,15,5450.98,6751.17,40076.47,31553.9,1.0,15,15,0.006001,0.00034229,0,990,0
ACC03567,66807.33,850119.7,15,33,15,27,4453.82,25761.2,15232.06,98476.0,1.2308,27,15,0.008402,0.00053083,0,675,1
ACC03568,91549.59,97012.13,15,14,15,14,6103.31,6929.44,26860.25,28702.52,1.0741,14,15,0.005801,0.0001451,1,990,0
ACC03569,38952.45,99503.07,14,18,14,18,2782.32,5527.95,6618.24,19066.96,1.0667,18,14,0.006401,0.00020948,1,255,0
ACC03570,106593.05,29102.38,20,12,20,12,5329.65,2425.2,22769.7,6062.13,1.0667,12,20,0.006401,0.00010362,1,675,0
ACC03571,52593.37,90404.27,17,18,17,18,3093.73,5022.46,6799.94,27597.77,1.0294,18,17,0.007001,0.0001698,1,920,0
ACC03572,137537.49,68621.37,21,12,21,12,6549.4,5718.45,32690.0,31382.4,1.0312,12,21,0.006601,0.00016592,1,255,1
ACC03573,155102.64,43513.79,22,11,22,11,7050.12,3955.8,55608.0,13307.76,1.1379,11,22,0.006601,0.00012036,0,675,1
ACC03574,116357.42,123881.34,14,19,14,18,8311.24,6520.07,40322.1,49397.29,1.0,18,14,0.006401,0.00020714,0,990,0
ACC03575,106640.94,76884.46,21,21,21,21,5078.14,3661.16,23703.0,23902.82,1.1667,21,21,0.008402,0.00016533,0,920,1
ACC03576,65753.51,96699.97,13,21,13,21,5057.96,4604.76,14344.3,11836.78,1.0303,21,13,0.006801,0.00019735,1,498,0
ACC03577,653485.97,85874.37,29,11,24,11,22534.0,7806.76,98785.0,51379.03,1.25,11,24,0.007001,0.00017165,1,498,1
ACC03578,98688.66,99537.08,20,17,20,17,4934.43,5855.12,20277.34,16405.02,1.0882,17,20,0.007401,0.00025157,0,500,0
ACC03579,80714.46,51001.13,20,16,20,16,4035.72,3187.57,11365.82,13099.07,1.0588,16,20,0.007201,0.00012348,0,500,0
ACC03580,871882.68,55284.07,33,17,26,17,26420.69,3252.0,98254.0,9668.59,1.25,17,26,0.008602,0.00015928,1,920,1
ACC03581,104834.28,113539.26,20,19,20,19,5241.71,5975.75,25344.29,22742.82,1.0833,19,20,0.007802,0.00018787,0,920,0
ACC03582,97899.51,36330.03,17,12,17,12,5758.79,3027.5,24532.5,9547.5,1.0357,12,17,0.005801,8.937e-05,0,675,0
ACC03583,47687.32,45465.19,11,14,11,14,4335.21,3247.51,9877.94,9042.58,1.0417,14,11,0.005001,0.00016271,0,990,0
ACC03584,71220.63,95815.46,15,20,15,20,4748.04,4790.77,30874.0,27994.52,1.0,20,15,0.007001,0.00026294,1,664,1
ACC03585,36409.37,64997.72,11,18,11,18,3309.94,3610.98,11883.06,9566.62,1.0357,18,11,0.005801,0.00014152,1,990,0
ACC03586,151977.6,108445.58,24,26,24,26,6332.4,4170.98,21706.79,18917.6,1.087,26,24,0.010002,0.00021404,1,990,0
ACC03587,91947.5,76684.92,21,15,21,15,4378.45,5112.33,20695.42,37038.29,1.125,15,21,0.007201,0.0001668,1,498,0
ACC03588,103389.87,72831.18,15,17,15,17,6892.66,4284.19,35329.43,18216.56,1.0667,17,15,0.006401,0.00015667,1,255,0
ACC03589,106846.09,152885.74,13,17,13,17,8218.93,8993.28,32714.83,51522.0,1.0345,17,13,0.006001,0.00018626,1,920,1
ACC03590,84525.18,54893.64,14,14,14,14,6037.51,3920.97,18259.64,23119.69,1.037,14,14,0.005601,0.00010447,1,498,0
ACC03591,69114.62,69256.65,14,12,14,12,4936.76,5771.39,11718.5,17733.81,1.04,12,14,0.005201,0.00015566,0,255,0
ACC03592,51642.99,167853.26,12,25,12,25,4303.58,6714.13,15758.61,76141.0,1.0571,25,12,0.007401,0.00019439,1,664,1
ACC03593,43928.6,15932.86,15,7,15,7,2928.57,2276.12,6508.22,4954.68,1.0,7,15,0.004401,5.279e-05,1,675,0
ACC03594,110205.57,106384.58,20,18,20,18,5510.28,5910.25,25945.55,38139.65,1.1176,18,20,0.007602,0.00021746,1,498,0
ACC03595,58713.62,116488.78,11,18,11,18,5337.6,6471.6,19283.63,45153.65,1.0741,18,11,0.005801,0.00019762,1,498,0
ACC03596,125942.35,706398.93,20,19,20,19,6297.12,37178.89,55881.56,560990.2,1.1143,19,20,0.007802,0.00109762,1,920,1
ACC03597,529615.72,76768.67,29,20,29,20,18262.61,3838.43,73133.0,14562.39,1.3611,20,29,0.009802,0.00019542,1,498,1
ACC03598,96209.25,25736.62,14,8,14,8,6872.09,3217.08,19362.13,9594.27,1.1579,8,14,0.004401,7.164e-05,0,498,0
ACC03599,56439.37,137624.56,12,19,12,19,4703.28,7243.4,32094.33,32601.37,1.1071,19,12,0.006201,0.00019517,1,990,0
ACC03600,100755.02,106920.93,26,19,26,19,3875.19,5627.42,13023.13,15915.72,1.0227,19,26,0.009002,0.00024298,1,498,0
ACC03601,58411.63,88631.58,16,14,16,14,3650.73,6330.83,9642.16,17711.17,1.0,14,16,0.006001,0.00014767,0,920,0
ACC03602,79423.18,74217.06,18,15,18,15,4412.4,4947.8,16555.65,35924.7,1.0312,15,18,0.006601,0.00015328,1,920,0
ACC03603,52695.1,23118.32,10,9,10,9,5269.51,2568.7,18143.89,6817.96,1.0556,9,10,0.003801,6.623e-05,0,920,0
ACC03604,92020.99,79779.56,19,15,19,15,4843.21,5318.64,20168.84,16788.91,1.0625,15,19,0.006801,0.00021786,1,664,0
ACC03605,1006368.57,98484.25,23,21,14,21,43755.16,4689.73,98824.0,12126.17,1.2941,21,14,0.007001,0.00020871,0,498,1
ACC03606,107753.26,95818.36,18,19,18,19,5986.29,5043.07,43654.33,45060.84,1.0882,19,18,0.007401,0.00019085,1,498,0
ACC03607,72568.26,43930.75,10,9,10,9,7256.83,4881.19,55549.18,10869.03,1.0556,9,10,0.003801,0.00014538,0,675,0
ACC03608,109396.66,86003.64,14,8,14,8,7814.05,10750.45,47472.0,48461.0,1.0476,8,14,0.004401,0.00053336,1,255,1
ACC03609,80399.59,81294.21,14,8,13,8,5742.83,10161.78,40557.0,38934.72,1.1,8,13,0.004201,0.00017879,1,675,1
ACC03610,51744.39,78419.49,15,14,15,14,3449.63,5601.39,16015.18,22210.49,1.0,14,15,0.005801,0.00013906,1,990,0
ACC03611,83387.98,98759.62,15,21,15,21,5559.2,4702.84,33213.0,33568.46,1.0588,21,15,0.007201,0.0002226,1,920,1
ACC03612,163045.14,610058.93,19,13,19,13,8581.32,46927.61,45979.92,572822.45,1.1034,13,19,0.006401,0.00083776,1,664,1
ACC03613,94816.73,85928.25,13,19,13,19,7293.59,4522.54,30674.98,31301.0,1.1034,19,13,0.006401,0.00016594,1,675,1
ACC03614,95511.57,120104.13,18,14,18,14,5306.2,8578.87,32007.66,44287.77,1.0667,14,18,0.006401,0.00021809,0,990,0
ACC03615,81234.17,77266.75,14,15,14,15,5802.44,5151.12,19503.93,15565.84,1.0357,15,14,0.005801,0.00018198,1,920,0
ACC03616,50782.53,95937.17,12,17,12,17,4231.88,5643.36,15791.97,18289.3,1.0,17,12,0.005801,0.00026365,0,500,0
ACC03617,78455.36,52484.44,16,13,16,13,4903.46,4037.26,18253.81,12693.18,1.0741,13,16,0.005801,0.00013689,0,500,0
ACC03618,1046199.3,44888.45,28,14,19,14,37364.26,3206.32,98618.0,6461.12,1.3125,14,19,0.006601,0.00011935,1,675,1
ACC03619,96681.58,93130.77,12,20,12,20,8056.8,4656.54,22183.75,17083.34,1.1852,20,12,0.006401,0.00025768,1,920,0
ACC03620,54260.65,71470.37,12,15,12,15,4521.72,4764.69,14135.1,25502.65,1.0,15,12,0.005401,0.00014886,0,498,0
ACC03621,103271.62,98774.64,22,16,22,16,4694.16,6173.41,24615.3,35487.26,1.027,16,22,0.007602,0.00019358,1,920,0
ACC03622,81723.48,91195.55,9,16,9,16,9080.39,5699.72,23321.82,19442.67,1.0417,16,9,0.005001,0.00028044,1,498,0
ACC03623,118428.48,51443.89,17,12,17,12,6966.38,4286.99,43083.0,26114.73,1.0357,12,17,0.005801,0.00014169,0,675,1
ACC03624,50861.48,81767.9,15,18,15,18,3390.77,4542.66,19410.64,20159.26,1.0645,18,15,0.006601,0.00015592,1,675,0
ACC03625,26635.45,77879.84,7,18,7,18,3805.06,4326.66,7389.77,17179.97,1.0,18,7,0.005001,0.0001735,0,498,0
ACC03626,438036.2,115042.56,20,23,20,23,21901.81,5001.85,70614.0,48263.0,1.1944,23,20,0.008602,0.00019562,0,675,1
ACC03627,60731.21,56815.23,13,18,13,18,4671.63,3156.4,14101.41,8465.69,1.0,18,13,0.006201,0.00013694,0,675,0
ACC03628,78984.0,143182.57,17,22,17,22,4646.12,6508.3,14762.39,44281.79,1.0263,22,17,0.007802,0.00028395,1,990,0
ACC03629,127688.26,110125.36,16,17,16,17,7980.52,6477.96,64496.64,65840.32,1.1379,17,16,0.006601,0.0002421,1,498,1
ACC03630,111721.49,113712.77,24,25,24,25,4655.06,4548.51,25558.02,16287.96,1.1667,25,24,0.009802,0.00026056,1,990,0
ACC03631,47051.42,156514.19,10,20,10,20,4705.14,7825.71,17547.12,70127.72,1.0345,20,10,0.006001,0.00019365,1,920,0
ACC03632,91445.01,53007.12,16,11,16,11,5715.31,4818.83,29948.63,13589.82,1.08,11,16,0.005401,0.00010612,1,255,0
ACC03633,171138.88,66179.15,17,19,17,19,10066.99,3483.11,73208.0,17925.13,1.0286,19,17,0.007201,0.00014788,1,664,1
ACC03634,54099.78,37516.95,10,12,10,12,5409.98,3126.41,19032.72,13950.1,1.0476,12,10,0.004401,0.00010309,0,675,0
ACC03635,46324.05,61899.74,11,13,11,13,4211.28,4761.52,19496.12,20643.46,1.0,13,11,0.004801,0.00012951,0,498,0
ACC03636,113419.52,174595.65,17,21,17,21,6671.74,8314.08,27087.0,52324.08,1.0556,21,17,0.007602,0.00032725,0,255,1
ACC03637,64633.72,125107.03,18,16,18,16,3590.76,7819.19,7148.34,22625.14,1.1333,16,18,0.006801,0.00024979,1,498,0
ACC03638,46651.58,96152.74,10,18,10,18,4665.16,5341.82,18827.22,21651.6,1.037,18,10,0.005601,0.00016984,0,675,0
ACC03639,99197.06,73223.81,7,16,7,16,14171.01,4576.49,80810.0,16357.0,1.0,16,7,0.004601,0.00013845,0,990,1
ACC03640,91394.56,104459.47,14,16,14,16,6528.18,6528.72,36759.0,20434.48,1.0714,16,14,0.006001,0.00019416,1,498,1
ACC03641,10259.27,84119.42,6,17,6,17,1709.88,4948.2,3332.15,22711.0,1.0455,17,6,0.004601,0.00015839,1,664,1
ACC03642,30148.06,134763.96,12,17,12,17,2512.34,7927.29,6015.11,84813.26,1.0,17,12,0.005801,0.00021913,0,498,0
ACC03643,67738.83,57388.06,15,12,15,12,4515.92,4782.34,16281.49,15717.01,1.0385,12,15,0.005401,0.00010835,1,920,0
ACC03644,39440.14,73815.43,10,16,10,16,3944.01,4613.46,12117.05,21750.69,1.04,16,10,0.005201,0.00015203,1,920,0
ACC03645,99403.1,75301.55,18,11,18,11,5522.39,6845.6,17943.42,26074.94,1.0741,11,18,0.005801,0.00011475,0,664,0
ACC03646,75222.77,121457.57,21,18,21,18,3582.04,6747.64,18917.6,34787.19,1.0263,18,21,0.007802,0.00012992,1,498,1
ACC03647,142218.81,234167.1,11,20,11,20,12928.98,11708.35,86446.78,88211.0,1.069,20,11,0.006201,0.00050915,1,664,1
ACC03648,44131.75,55253.21,14,11,14,11,3152.27,5023.02,13102.96,14609.7,1.1364,11,14,0.005001,0.00010793,1,500,0
ACC03649,56530.49,115220.52,15,19,15,19,3768.7,6064.24,11227.45,24150.02,1.0,19,15,0.006801,0.00027645,1,498,0
ACC03650,74343.95,102033.27,12,19,12,19,6195.33,5370.17,18674.03,25016.66,1.0333,19,12,0.006201,0.00025046,1,990,0
ACC03651,61011.91,104450.68,15,17,15,17,4067.46,6144.16,13369.57,22545.2,1.0323,17,15,0.006401,0.00023008,1,920,0
ACC03652,174072.63,159530.84,18,27,18,27,9670.7,5908.55,83284.0,57063.15,1.0976,27,18,0.009002,0.00029298,1,920,1
ACC03653,58321.73,84183.44,13,16,13,16,4486.29,5261.47,24413.32,17033.48,1.0,16,13,0.005801,0.00015929,1,675,0
ACC03654,72286.02,62742.55,11,15,11,15,6571.46,4182.84,26815.58,9343.03,1.04,15,11,0.005201,0.00018429,0,675,0
ACC03655,91628.92,105218.32,14,14,14,13,6544.92,7515.59,38811.0,44837.24,1.0769,13,14,0.005401,0.00019887,0,920,1
ACC03656,55544.87,48931.77,11,13,11,13,5049.53,3763.98,24169.75,12666.77,1.0,13,11,0.004801,0.00011958,0,920,0
ACC03657,106415.52,69022.44,17,21,17,21,6259.74,3286.78,32607.53,10446.99,1.0857,21,17,0.007602,0.00014,0,500,0
ACC03658,93463.0,91277.01,20,19,20,19,4673.15,4804.05,22665.69,12921.32,1.0541,19,20,0.007802,0.00018545,1,920,0
ACC03659,83887.25,117350.8,9,23,9,23,9320.81,5102.21,36651.0,35184.96,1.0667,23,9,0.006401,0.00029044,1,664,1
ACC03660,132234.95,98049.3,20,8,20,8,6611.75,12256.16,61853.0,44709.0,1.0,8,20,0.005601,0.00014086,0,675,1
ACC03661,106860.98,102621.84,15,18,15,18,7124.07,5701.21,24104.39,30260.36,1.1379,18,15,0.006601,0.00020048,0,500,0
ACC03662,73066.21,108373.19,15,15,15,15,4871.08,7224.88,21185.73,24953.55,1.0,15,15,0.006001,0.00019705,1,498,0
ACC03663,97233.74,60604.62,20,17,20,17,4861.69,3564.98,23925.64,10282.79,1.0,17,20,0.007401,0.00019097,1,500,0
ACC03664,33779.42,85041.48,11,16,11,16,3070.86,5315.09,8984.15,17329.42,1.0385,16,11,0.005401,0.00015712,0,990,0
ACC03665,92114.24,67868.96,18,19,18,19,5117.46,3572.05,34762.74,8952.74,1.0278,19,18,0.007401,0.00027783,1,990,0
ACC03666,140405.61,52244.04,19,14,19,13,7389.77,3731.72,85211.0,8835.03,1.1,13,19,0.006401,0.00014704,0,675,1
ACC03667,23500.84,77275.18,10,15,10,15,2350.08,5151.68,4879.12,20885.74,1.0,15,10,0.005001,0.00017348,1,675,0
ACC03668,115759.09,87026.34,21,17,21,17,5512.34,5119.2,18922.54,19427.1,1.0857,17,21,0.007602,0.00018459,1,920,0
ACC03669,57605.97,103374.66,14,17,14,17,4114.71,6080.86,23184.68,27120.52,1.1923,17,14,0.006201,0.00019386,1,990,0
ACC03670,171927.59,153838.55,17,13,17,13,10113.39,11833.73,39265.0,72620.85,1.0345,13,17,0.006001,0.00020693,1,990,1
ACC03671,71008.36,39955.81,18,9,18,9,3944.91,4439.53,12898.64,8685.56,1.08,9,18,0.005401,0.00014699,1,498,0
ACC03672,112251.99,80355.1,15,17,15,16,7483.47,4726.77,26157.02,19127.24,1.0,16,15,0.006201,0.00015361,1,990,0
ACC03673,87440.53,59542.44,16,17,16,17,5465.03,3502.5,34063.62,9141.67,1.0312,17,16,0.006601,0.0001041,0,255,0
ACC03674,51102.87,66896.93,15,14,15,14,3406.86,4778.35,9276.62,16206.57,1.0357,14,15,0.005801,0.00015197,1,498,0
ACC03675,76911.92,42098.29,17,9,17,9,4524.23,4677.59,14792.87,17764.0,1.04,9,17,0.005201,8.685e-05,1,990,1
ACC03676,138564.7,106547.8,18,15,18,15,7698.04,7103.19,58475.0,56016.58,1.0645,15,18,0.006601,0.00023063,1,990,1
ACC03677,113423.62,85946.42,23,13,23,13,4931.46,6611.26,19030.84,13943.05,1.0286,13,23,0.007201,0.00021636,0,990,0
ACC03678,188982.7,106245.37,21,7,21,7,8999.18,15177.91,75984.96,77567.98,1.0769,7,21,0.005601,0.00020839,1,675,1
ACC03679,93300.88,56830.29,22,13,22,13,4240.95,4371.56,23253.29,13278.85,1.0606,13,22,0.007001,0.00011845,1,990,0
ACC03680,95371.5,88119.62,16,12,16,12,5960.72,7343.3,40415.0,38798.4,1.0769,12,16,0.005601,0.00016887,1,990,1
ACC03681,55944.65,50406.22,13,16,13,16,4303.43,3150.39,13269.74,13016.07,1.0741,16,13,0.005801,0.00012206,1,500,0
ACC03682,79830.37,38386.7,15,13,15,13,5322.02,2952.82,35027.0,8344.98,1.0,13,15,0.005601,0.0001232,1,498,1
ACC03683,79132.77,151798.67,13,20,13,20,6087.14,7589.93,25479.24,28439.01,1.0312,20,13,0.006601,0.00036796,0,990,0
ACC03684,113879.04,206294.57,18,22,18,22,6326.61,9377.03,44530.56,45458.28,1.0811,22,18,0.008002,0.00040292,1,675,1
ACC03685,65559.88,118865.72,12,19,12,19,5463.32,6256.09,36688.85,29493.09,1.0333,19,12,0.006201,0.00027807,0,920,1
ACC03686,62623.75,35302.36,15,8,15,8,4174.92,4412.8,17572.35,7978.33,1.0455,8,15,0.004601,8.987e-05,0,500,0
ACC03687,59045.74,89467.74,14,14,14,14,4217.55,6390.55,17747.23,19284.9,1.12,14,14,0.005601,0.0002631,1,498,0
ACC03688,212632.03,32946.9,22,15,22,15,9665.09,2196.46,40087.62,5996.34,1.0571,15,22,0.007401,7.252e-05,1,664,1
ACC03689,57522.78,42619.82,16,16,16,16,3595.17,2663.74,9808.52,7296.81,1.0667,16,16,0.006401,0.00013144,1,498,0
ACC03690,66489.14,55538.83,10,16,10,16,6648.91,3471.18,13620.67,11092.76,1.0833,16,10,0.005201,0.00013075,0,920,0
ACC03691,112148.91,66754.79,19,17,19,17,5902.57,3926.75,23862.18,14079.57,1.125,17,19,0.007201,0.00020038,1,990,1
ACC03692,45240.88,78937.38,6,17,6,17,7540.15,4643.38,24309.92,18136.27,1.0,17,6,0.004601,0.00022347,0,255,0
ACC03693,91891.57,107057.66,12,23,12,23,7657.63,4654.68,27128.72,20357.0,1.0294,23,12,0.007001,0.00017795,1,498,1
ACC03694,42023.48,62793.39,15,17,15,17,2801.57,3693.73,7986.88,10183.55,1.0,17,15,0.006401,0.00013138,0,675,0
ACC03695,91758.26,148059.55,18,14,18,14,5097.68,10575.68,12302.48,56027.94,1.0,14,18,0.006401,0.00022572,1,920,0
ACC03696,30799.1,99051.0,4,12,4,12,7699.78,8254.25,16170.94,33452.53,1.0,12,4,0.003201,0.00022202,0,664,0
ACC03697,55769.38,32162.71,16,9,16,9,3485.59,3573.63,8676.22,9849.59,1.0,9,16,0.005001,0.00024717,1,498,0
ACC03698,60899.38,106413.99,19,19,19,19,3205.23,5600.74,10013.0,26230.7,1.0857,19,19,0.007602,0.00022343,1,498,0
ACC03699,158038.16,32692.32,11,9,11,9,14367.11,3632.48,74932.0,7550.81,1.0526,9,11,0.004001,0.00010647,0,675,1
ACC03700,60368.78,124933.6,16,13,16,13,3773.05,9610.28,10336.18,83722.93,1.1154,13,16,0.005801,0.00019899,0,498,0
ACC03701,131644.04,136395.21,12,18,12,18,10970.34,7577.51,68330.5,69725.0,1.0714,18,12,0.006001,0.00030805,1,990,1
ACC03702,125362.28,133162.87,20,18,20,18,6268.11,7397.94,22661.65,44047.93,1.027,18,20,0.007602,0.00023536,1,498,0
ACC03703,75579.03,74532.91,18,17,18,17,4198.84,4384.29,21987.39,13330.55,1.0938,17,18,0.007001,0.0001588,0,500,0
ACC03704,73531.51,57968.19,13,15,13,15,5656.27,3864.55,15098.61,9193.24,1.0,15,13,0.005601,0.00012226,1,675,0
ACC03705,86790.58,94817.33,21,19,21,19,4132.88,4990.39,18414.37,17130.5,1.1429,19,21,0.008002,0.00024351,1,675,0
ACC03706,56832.47,69851.02,14,12,14,12,4059.46,5820.92,14341.12,20156.57,1.0,12,14,0.005201,0.00016414,0,498,0
ACC03707,139832.45,90603.1,12,19,12,19,11652.7,4768.58,83511.0,9633.17,1.069,19,12,0.006201,0.00021193,1,990,1
ACC03708,994328.6,132830.02,28,17,20,17,35511.74,7813.53,97935.0,53645.0,1.25,17,20,0.007401,0.00018466,1,255,1
ACC03709,58629.7,49109.21,12,12,12,12,4885.81,4092.43,18360.65,11145.37,1.0,12,12,0.004801,9.053e-05,0,990,0
ACC03710,162428.2,84965.43,15,17,15,17,10828.55,4997.97,80525.0,17193.59,1.0,17,15,0.006401,0.00014531,1,500,1
ACC03711,58196.85,63644.15,15,14,15,14,3879.79,4546.01,29835.36,17036.19,1.0357,14,15,0.005801,0.00016611,0,500,0
ACC03712,124143.26,43141.63,20,11,20,11,6207.16,3921.97,34218.16,10288.01,1.069,11,20,0.006201,0.00011011,0,920,0
ACC03713,124961.53,65570.88,17,17,17,17,7350.68,3857.11,70188.64,17550.04,1.1333,17,17,0.006801,0.00016282,1,920,0
ACC03714,31047.1,40335.74,9,12,9,12,3449.68,3361.31,11235.42,11382.94,1.1053,12,9,0.004201,0.00010117,0,500,0
ACC03715,28230.09,55629.68,10,15,10,15,2823.01,3708.65,12825.12,13065.25,1.087,15,10,0.005001,0.00013288,0,920,0
ACC03716,159051.65,45773.13,27,15,27,15,5890.8,3051.54,68908.0,7682.55,1.1053,15,27,0.008402,0.00010405,1,990,1
ACC03717,71070.37,76566.47,16,11,16,11,4441.9,6960.59,19388.76,25287.24,1.0385,11,16,0.005401,0.00013628,0,675,1
ACC03718,80738.94,50261.99,15,14,15,14,5382.6,3590.14,11836.78,11069.99,1.16,14,15,0.005801,0.00011906,1,498,0
ACC03719,49636.91,60827.88,12,13,12,13,4136.41,4679.07,8800.26,13930.5,1.0,13,12,0.005001,0.00015769,0,990,0
ACC03720,43467.83,96069.32,17,20,17,20,2556.93,4803.47,7011.69,28499.93,1.0882,20,17,0.007401,0.00019916,0,675,0
ACC03721,115226.96,196556.55,18,20,18,20,6401.5,9827.83,46847.04,47823.02,1.1176,20,18,0.007602,0.00032362,1,498,1
ACC03722,102921.37,171928.97,17,17,17,17,6054.2,10113.47,47769.0,44394.3,1.0968,17,17,0.006801,0.00027173,0,675,1
ACC03723,89409.47,70010.75,11,15,11,15,8128.13,4667.38,25187.45,12272.46,1.0,15,11,0.005201,0.0002046,0,500,0
ACC03724,125192.63,1172386.98,17,25,17,14,7364.27,46895.48,68349.0,98938.0,1.4483,14,17,0.006201,0.00040429,1,920,1
ACC03725,131004.09,75242.83,13,13,13,13,10077.24,5787.91,74336.0,18442.13,1.0,13,13,0.005201,0.00012823,1,500,1
ACC03726,550436.01,579276.55,18,18,18,18,30579.78,32182.03,498010.9,83997.0,1.3333,18,18,0.007201,0.00081528,0,498,1
ACC03727,174471.44,61509.46,22,18,22,18,7930.52,3417.19,79018.0,14770.27,1.0256,18,22,0.008002,0.00013246,0,990,1
ACC03728,48866.21,107168.91,12,18,12,18,4072.18,5953.83,10162.44,25783.53,1.0345,18,12,0.006001,0.00022679,1,920,0
ACC03729,91143.54,51065.04,12,10,12,10,7595.29,5106.5,30260.36,14400.26,1.0,10,12,0.004401,0.0001503,0,498,0
ACC03730,67721.47,20405.61,14,13,14,13,4837.25,1569.66,17630.78,5341.83,1.0,13,14,0.005401,6.716e-05,0,500,0
ACC03731,71838.33,35410.53,15,13,15,13,4789.22,2723.89,14159.86,10411.45,1.0769,13,15,0.005601,9.749e-05,0,498,0
ACC03732,42238.28,50642.72,17,13,16,13,2484.6,3895.59,5003.88,14595.19,1.0,13,16,0.005801,0.00011784,1,990,0
ACC03733,98245.41,105181.19,16,24,16,24,6140.34,4382.55,20113.22,15601.97,1.0256,24,16,0.008002,0.00028419,1,675,0
ACC03734,65507.26,77983.03,17,17,17,17,3853.37,4587.24,13206.97,9850.15,1.0303,17,17,0.006801,0.00014555,0,664,0
ACC03735,60038.38,26253.09,19,5,19,5,3159.91,5250.62,11225.72,12265.26,1.0,5,19,0.004801,9.885e-05,1,664,0
ACC03736,180931.78,90395.78,24,12,24,12,7538.82,7532.98,49765.05,21016.43,1.0,12,24,0.007201,0.00032591,1,500,1
ACC03737,76414.44,41010.9,11,10,11,10,6946.77,4101.09,44255.09,9843.4,1.0,10,11,0.004201,0.00011477,0,990,0
ACC03738,69263.24,127048.87,13,19,13,19,5327.94,6686.78,14985.98,45637.0,1.0323,19,13,0.006401,0.00018632,0,500,1
ACC03739,72124.77,159799.89,11,30,11,30,6556.8,5326.66,49686.3,21186.18,1.0,30,11,0.008202,0.00047247,0,990,0
ACC03740,107472.47,62754.16,14,16,14,16,7676.61,3922.14,62917.0,22148.18,1.0345,16,14,0.006001,0.00012892,1,920,1
ACC03741,125592.82,143093.3,23,18,23,18,5460.56,7949.63,26114.73,66830.75,1.025,18,23,0.008202,0.00026677,0,500,0
ACC03742,96038.92,74904.73,23,12,23,12,4175.61,6242.06,12183.28,16778.05,1.0294,12,23,0.007001,0.00014457,0,255,0
ACC03743,32528.13,56889.65,9,14,9,14,3614.24,4063.55,16040.82,20500.79,1.0,14,9,0.004601,0.00012329,0,675,0
ACC03744,88430.0,41018.82,18,10,18,10,4912.78,4101.88,28045.49,16478.0,1.037,10,18,0.005601,0.00010779,1,675,1
ACC03745,93530.42,94989.8,15,17,15,17,6235.36,5587.64,20318.38,22805.32,1.0,17,15,0.006401,0.00024797,0,498,0
ACC03746,140855.42,129439.95,21,17,21,17,6707.4,7614.11,75258.12,76794.0,1.0857,17,21,0.007602,0.00020721,1,498,1
ACC03747,105042.21,57943.04,19,11,19,11,5528.54,5267.55,16206.57,21911.62,1.1111,11,19,0.006001,0.00012191,1,664,0
ACC03748,52779.91,89872.56,18,20,18,20,2932.22,4493.63,8066.85,19359.08,1.027,20,18,0.007602,0.0001919,1,498,0
ACC03749,106898.16,60792.03,16,17,16,17,6681.14,3576.0,20797.27,12423.42,1.0,17,16,0.006601,0.00019631,0,664,0
ACC03750,66381.58,52794.27,15,12,14,12,4425.44,4399.52,17843.14,17708.48,1.0385,12,14,0.005201,0.00013673,0,498,0
ACC03751,197345.15,41518.54,25,10,25,10,7893.81,4151.85,85380.0,9622.03,1.0294,10,25,0.007001,0.00015313,0,920,1
ACC03752,50335.24,151038.26,11,27,11,27,4575.93,5594.01,14806.67,40539.9,1.1176,27,11,0.007602,0.00035247,1,920,0
ACC03753,108268.35,100440.34,17,17,17,17,6368.73,5908.26,25016.66,20318.38,1.0625,17,17,0.006801,0.00024987,0,498,0
ACC03754,1209694.98,159845.9,30,23,20,23,40323.17,6949.82,97378.0,63231.36,1.325,23,20,0.008602,0.00031287,1,498,1
ACC03755,95607.42,107218.7,14,19,14,19,6829.1,5643.09,12764.88,18966.15,1.1379,19,14,0.006601,0.00023216,1,498,0
ACC03756,45811.04,614191.45,22,19,22,14,2082.32,32325.87,5796.02,98398.0,1.2424,14,22,0.007201,0.00028381,1,498,1
ACC03757,998442.85,110811.28,22,22,13,22,45383.77,5036.88,98864.0,18604.84,1.375,22,13,0.007001,0.00028566,1,920,1
ACC03758,464738.34,625535.27,12,23,12,23,38728.19,27197.19,415649.7,95000.0,1.4,23,12,0.007001,0.00073801,0,990,1
ACC03759,63676.17,71799.06,15,13,15,13,4245.08,5523.0,15210.94,18140.98,1.037,13,15,0.005601,0.00015991,1,990,0
ACC03760,78864.83,69959.83,15,18,15,18,5257.66,3886.66,22087.27,14496.3,1.0,18,15,0.006601,0.00012543,0,500,0
ACC03761,78362.8,35425.17,16,10,16,10,4897.68,3542.52,13795.04,9234.62,1.04,10,16,0.005201,9.907e-05,0,675,0
ACC03762,116011.73,70790.93,14,17,14,17,8286.55,4164.17,47259.0,9881.77,1.0,17,14,0.006201,0.00015283,1,675,1
ACC03763,56257.62,25383.08,16,12,16,12,3516.1,2115.26,21979.04,5553.63,1.037,12,16,0.005601,7.887e-05,0,675,0
ACC03764,41683.11,87993.22,11,12,11,12,3789.37,7332.77,10076.85,32426.48,1.0,12,11,0.004601,0.00016386,0,498,0
ACC03765,76606.7,56084.04,14,13,14,13,5471.91,4314.16,21265.19,13726.95,1.0385,13,14,0.005401,0.00015846,0,990,0
ACC03766,113381.07,114315.7,22,16,22,16,5153.68,7144.73,25922.59,49081.0,1.0556,16,22,0.007602,0.00016495,1,675,1
ACC03767,40349.57,46301.23,9,15,9,15,4483.29,3086.75,13768.81,7428.44,1.1429,15,9,0.004801,0.0001487,0,675,0
ACC03768,76240.18,136812.44,19,20,19,20,4012.64,6840.62,14992.27,70702.79,1.0833,20,19,0.007802,0.00021991,1,675,0
ACC03769,77383.04,98351.77,18,25,17,25,4299.06,3934.07,14365.35,19080.37,1.1026,25,17,0.008402,0.00020757,1,500,0
ACC03770,47408.51,83087.8,13,14,13,14,3646.81,5934.84,16767.59,22161.35,1.0,14,13,0.005401,0.00016589,1,675,0
ACC03771,841931.06,116082.77,22,28,15,28,38269.59,4145.81,98892.0,23819.93,1.1905,28,15,0.008602,0.00028246,1,920,1
ACC03772,54238.61,53771.4,14,15,14,15,3874.19,3584.76,10556.28,7237.85,1.0357,15,14,0.005801,0.00016346,0,920,0
ACC03773,114150.62,104693.37,16,17,16,17,7134.41,6158.43,21989.87,25423.9,1.1,17,16,0.006601,0.00026886,1,675,0
ACC03774,101285.24,211978.82,17,15,17,15,5957.96,14131.92,51672.96,78425.68,1.0667,15,17,0.006401,0.00041165,1,498,1
ACC03775,145297.84,151319.63,10,11,10,11,14529.78,13756.33,62193.0,49306.0,1.0,11,10,0.004201,0.00024328,1,990,1
ACC03776,135046.79,73271.85,16,9,16,9,8440.42,8141.32,58535.0,35891.97,1.087,9,16,0.005001,0.00011983,0,664,1
ACC03777,127639.09,58375.86,25,10,25,10,5105.56,5837.59,26967.0,13288.11,1.0294,10,25,0.007001,0.00015084,0,498,1
ACC03778,94929.64,74676.36,17,19,17,19,5584.1,3930.33,30644.21,12771.3,1.0588,19,17,0.007201,0.00019299,1,990,0
ACC03779,121305.81,51644.68,19,11,19,11,6384.52,4694.97,69746.0,11555.22,1.0,11,19,0.006001,0.00014258,1,498,1
ACC03780,91271.27,98692.18,19,19,19,19,4803.75,5194.33,14941.21,13555.74,1.0,19,19,0.007602,0.00026966,1,664,0
ACC03781,111429.1,76168.55,17,19,17,19,6554.65,4008.87,40715.74,16773.29,1.0286,19,17,0.007201,0.00013477,1,920,0
ACC03782,60799.89,151899.47,12,18,12,18,5066.66,8438.86,16061.34,29173.01,1.0,18,12,0.006001,0.00022457,1,498,0
ACC03783,74798.9,109701.06,11,13,11,13,6799.9,8438.54,33642.36,53558.41,1.0,13,11,0.004801,0.00018505,0,990,0
ACC03784,94521.27,46891.29,16,11,16,11,5907.58,4262.84,20856.12,20706.44,1.0385,11,16,0.005401,0.00010057,1,675,0
ACC03785,94258.36,91227.46,17,14,17,14,5544.61,6516.25,39232.34,40033.0,1.0333,14,17,0.006201,0.00020905,1,675,1
ACC03786,107533.61,76147.11,21,18,21,18,5120.65,4230.39,23554.44,14755.81,1.0541,18,21,0.007802,0.00016696,1,664,0
ACC03787,48395.22,101565.39,14,16,14,16,3456.8,6347.84,7771.92,20674.98,1.0345,16,14,0.006001,0.00016668,1,920,0
ACC03788,126481.0,72504.19,17,15,17,15,7440.06,4833.61,77038.0,12986.55,1.0,15,17,0.006401,0.00017424,1,664,1
ACC03789,78964.66,54225.65,16,16,16,16,4935.29,3389.1,16247.96,18374.28,1.0323,16,16,0.006401,0.00011144,1,500,0
ACC03790,77749.22,44294.92,21,12,21,12,3702.34,3691.24,20048.4,12429.36,1.0645,12,21,0.006601,0.00010868,1,498,0
ACC03791,68812.53,92200.07,16,16,16,16,4300.78,5762.5,11376.74,40665.0,1.0323,16,16,0.006401,0.00011014,1,675,1
ACC03792,88117.12,51951.01,15,8,15,8,5874.47,6493.88,13384.86,12891.37,1.0,8,15,0.004601,0.00013246,1,920,0
ACC03793,118420.9,38363.51,22,15,22,15,5382.77,2557.57,12005.5,5034.69,1.0278,15,22,0.007401,0.00012799,0,498,0
ACC03794,118790.27,136031.52,17,20,17,20,6987.66,6801.58,33282.0,22097.04,1.0278,20,17,0.007401,0.00022374,1,920,1
ACC03795,126762.63,86118.76,21,20,21,20,6036.32,4305.94,45259.56,20978.52,1.0789,20,21,0.008202,0.00019908,1,498,0
ACC03796,188360.87,219060.17,20,16,20,16,9418.04,13691.26,43112.16,68811.0,1.0588,16,20,0.007201,0.00023495,1,255,1
ACC03797,82289.8,41582.48,7,12,7,12,11755.69,3465.21,65585.0,7289.87,1.0,12,7,0.003801,8.797e-05,0,500,1
ACC03798,57240.92,101123.45,11,22,11,22,5203.72,4596.52,12079.05,28213.48,1.0,22,11,0.006601,0.00021496,0,990,0
ACC03799,128729.24,45537.5,19,13,19,13,6775.22,3502.88,74502.0,11898.92,1.0667,13,19,0.006401,0.00012505,1,675,1
ACC03800,51634.18,118341.63,10,11,10,11,5163.42,10758.33,9966.92,75346.0,1.0,11,10,0.004201,0.00013375,0,664,1
ACC03801,50697.13,131504.13,16,19,16,19,3168.57,6921.27,8892.46,31826.21,1.0606,19,16,0.007001,0.00022052,0,675,0
ACC03802,52246.23,70679.71,14,18,14,18,3731.87,3926.65,8631.74,10589.85,1.0667,18,14,0.006401,0.00014305,1,664,0
ACC03803,69425.76,64023.53,16,15,16,15,4339.11,4268.24,20342.38,14064.06,1.0,15,16,0.006201,0.00013542,1,498,0
ACC03804,72057.54,65719.99,16,17,16,17,4503.6,3865.88,11220.78,15880.31,1.1786,17,16,0.006601,0.0001987,1,920,0
ACC03805,33849.66,57655.32,9,13,9,13,3761.07,4435.02,12302.16,13117.05,1.0,13,9,0.004401,0.00016152,1,500,0
ACC03806,64031.4,61147.04,13,16,13,16,4925.49,3821.69,18382.27,9743.3,1.0,16,13,0.005801,0.00014033,0,920,0
ACC03807,66647.6,83433.14,18,16,18,15,3702.64,5214.57,13087.05,17680.67,1.0625,15,18,0.006601,0.00017001,0,500,0
ACC03808,42097.4,40774.85,13,15,13,15,3238.26,2718.32,6167.9,6753.94,1.0,15,13,0.005601,8.694e-05,0,664,0
ACC03809,1109262.18,112608.49,21,22,11,22,52822.01,5118.57,98306.0,44880.0,1.303,22,11,0.006601,0.00020326,0,990,1
ACC03810,69640.89,39367.29,17,10,17,10,4096.52,3936.73,12085.23,19676.22,1.0385,10,17,0.005401,8.687e-05,0,675,0
ACC03811,45511.68,133008.78,14,18,14,18,3250.83,7389.38,11188.23,73133.0,1.0,18,14,0.006401,0.00015771,0,990,1
ACC03812,141746.88,125319.52,19,16,19,16,7460.36,7832.47,62580.0,60076.8,1.129,16,19,0.007001,0.00028145,1,664,1
ACC03813,157646.11,110937.43,15,22,15,22,10509.74,5042.61,75279.0,36348.22,1.0278,22,15,0.007401,0.00021254,1,498,1
ACC03814,67399.14,26406.53,14,10,14,10,4814.22,2640.65,33482.49,8730.33,1.0435,10,14,0.004801,8.345e-05,1,675,0
ACC03815,78715.68,76098.6,18,11,18,11,4373.09,6918.05,16602.9,24376.66,1.0741,11,18,0.005801,0.00012654,1,498,0
ACC03816,68076.11,45525.74,11,14,11,14,6188.74,3251.84,31792.09,7022.85,1.0417,14,11,0.005001,0.00011385,0,664,0
ACC03817,78493.88,36387.09,14,12,14,12,5606.71,3032.26,26740.3,10950.38,1.0833,12,14,0.005201,8.137e-05,1,920,0
ACC03818,93200.15,39557.19,14,12,14,12,6657.15,3296.43,22717.29,9886.08,1.0833,12,14,0.005201,0.00010144,1,675,0
ACC03819,88258.02,71508.51,14,16,14,16,6304.14,4469.28,56990.54,18202.36,1.0345,16,14,0.006001,0.00017496,0,664,0
ACC03820,123816.13,95275.74,17,18,17,18,7283.3,5293.1,32454.41,22421.5,1.0294,18,17,0.007001,0.00016822,1,498,0
ACC03821,87373.54,98373.58,22,11,22,11,3971.52,8943.05,17375.46,45480.0,1.1,11,22,0.006601,0.00011054,1,255,1
ACC03822,79004.4,29556.67,17,9,17,9,4647.32,3284.07,16059.27,8087.57,1.04,9,17,0.005201,0.00012704,0,664,0
ACC03823,88636.83,120710.89,22,21,22,21,4028.95,5748.14,10362.33,28640.26,1.0488,21,22,0.008602,0.00019712,1,255,1
ACC03824,142061.34,80923.3,25,14,25,14,5682.45,5780.24,54043.2,19312.87,1.0541,14,25,0.007802,0.00019139,1,990,0
ACC03825,161471.52,986815.56,18,23,18,15,8970.64,42905.02,58076.1,98306.0,1.2812,15,18,0.006601,0.0003739,0,675,1
ACC03826,137120.79,40385.25,22,13,22,13,6232.76,3106.56,34398.55,18415.85,1.0606,13,22,0.007001,0.00013188,0,664,0
ACC03827,239097.37,121074.43,22,22,22,22,10868.06,5503.38,83941.0,41954.6,1.0476,22,22,0.008802,0.00018102,1,255,1
ACC03828,85369.12,49104.57,19,13,19,13,4493.11,3777.27,14630.16,13969.43,1.0323,13,19,0.006401,0.0001509,1,498,0
ACC03829,129666.25,71425.44,20,19,20,19,6483.31,3759.23,40959.77,7231.42,1.0263,19,20,0.007802,0.00014589,0,990,0
ACC03830,49559.86,152713.6,12,17,12,17,4129.99,8983.15,14074.24,57270.05,1.1154,17,12,0.005801,0.00020663,1,920,0
ACC03831,146591.76,77398.44,25,15,25,15,5863.67,5159.9,27805.04,14106.29,1.0256,15,25,0.008002,0.00016534,0,990,0
ACC03832,1102207.76,142883.16,37,11,27,11,29789.4,12989.38,96904.0,70844.31,1.4118,11,27,0.007602,0.00017754,1,920,1
ACC03833,115426.9,83125.04,20,14,20,14,5771.34,5937.5,24553.03,24156.27,1.0625,14,20,0.006801,0.00022472,1,664,0
ACC03834,39348.03,66335.71,9,13,9,13,4372.0,5102.75,10085.9,16049.21,1.0,13,9,0.004401,0.00014811,0,500,0
ACC03835,51076.93,82797.24,14,14,14,14,3648.35,5914.09,13912.83,14592.35,1.0769,14,14,0.005601,0.00013197,0,920,0
ACC03836,115357.35,77946.82,21,16,20,16,5493.21,4871.68,17596.53,11522.45,1.0,16,20,0.007201,0.00017315,1,664,0
ACC03837,562800.57,76696.07,20,19,20,18,28140.03,4036.64,68371.0,11581.23,1.3,18,20,0.007602,0.00014898,1,500,1
ACC03838,81500.07,101652.43,11,19,11,19,7409.1,5350.13,51395.0,14873.64,1.0,19,11,0.006001,0.00021919,1,675,1
ACC03839,105822.32,75705.94,18,12,18,12,5879.02,6308.83,28745.26,16410.68,1.0,12,18,0.006001,0.00012662,0,920,0
ACC03840,324540.88,37845.28,22,10,22,10,14751.86,3784.53,74110.12,13190.42,1.0,10,22,0.006401,9.529e-05,1,675,1
ACC03841,129155.22,70363.34,14,18,14,18,9225.37,3909.07,52111.41,20158.52,1.0323,18,14,0.006401,0.00013782,0,498,0
ACC03842,45977.93,79036.06,19,12,19,12,2419.89,6586.34,7901.46,29824.0,1.069,12,19,0.006201,0.00012869,1,255,1
ACC03843,73296.81,66113.77,20,14,20,14,3664.84,4722.41,9845.26,12031.35,1.1333,14,20,0.006801,0.00019438,1,990,0
ACC03844,132433.72,27365.43,14,8,14,8,9459.55,3420.68,56637.11,6456.53,1.0476,8,14,0.004401,0.00010533,0,990,0
ACC03845,65332.51,128835.53,18,15,18,15,3629.58,8589.04,7429.42,52094.0,1.0312,15,18,0.006601,0.00014696,0,664,1
ACC03846,46734.29,38878.89,13,13,13,13,3594.95,2990.68,10513.11,9465.18,1.0,13,13,0.005201,0.00010284,1,664,0
ACC03847,98686.28,159043.84,18,25,18,25,5482.57,6361.75,38817.8,39610.0,1.075,25,18,0.008602,0.00027293,1,920,1
ACC03848,36081.25,93423.53,12,18,12,18,3006.77,5190.2,7675.99,31706.0,1.0,18,12,0.006001,0.00015434,0,920,1
ACC03849,82714.34,84468.66,17,14,17,14,4865.55,6033.48,21348.94,16796.4,1.0,14,17,0.006201,0.00017794,1,664,0
ACC03850,55481.65,87554.65,14,16,14,16,3962.97,5472.17,13628.96,15098.61,1.0345,16,14,0.006001,0.00020172,0,675,0
ACC03851,72024.24,111168.35,16,8,16,8,4501.51,13896.04,12783.18,49767.84,1.0,8,16,0.004801,0.00018003,0,990,0
ACC03852,34775.02,925331.41,10,32,10,25,3477.5,28916.61,10637.24,98803.0,1.2353,25,10,0.007001,0.00039198,1,675,1
ACC03853,161083.74,98456.35,19,9,19,9,8478.09,10939.59,84584.0,81200.64,1.0769,9,19,0.005601,0.00024402,1,675,1
ACC03854,86171.5,39890.39,21,13,21,13,4103.4,3068.49,13369.53,10642.42,1.1333,13,21,0.006801,9.61e-05,0,675,0
ACC03855,80389.92,42923.48,14,15,14,15,5742.14,2861.57,25016.69,11125.71,1.0,15,14,0.005801,0.00015224,0,920,0
ACC03856,98795.07,41810.38,9,10,9,10,10977.23,4181.04,67085.0,8588.42,1.0,10,9,0.003801,0.00012147,0,664,1
ACC03857,43492.41,95402.56,16,15,16,15,2718.28,6360.17,9288.52,37774.2,1.1071,15,16,0.006201,0.00018348,1,664,0
ACC03858,68699.52,129692.05,15,21,15,21,4579.97,6175.81,12100.27,22981.87,1.0,21,15,0.007201,0.00035678,1,675,0
ACC03859,76474.26,82566.42,16,16,16,16,4779.64,5160.4,14906.02,38555.72,1.0,16,16,0.006401,0.0001478,0,500,0
ACC03860,66481.13,59706.94,11,11,11,11,6043.74,5427.9,18657.44,27898.31,1.0,11,11,0.004401,0.00010023,1,920,0
ACC03861,67472.55,118703.25,16,15,16,15,4217.03,7913.55,27804.61,25373.82,1.0333,15,16,0.006201,0.00023378,0,498,0
ACC03862,62406.79,41731.58,13,8,13,8,4800.52,5216.45,12192.98,25093.86,1.05,8,13,0.004201,8.53e-05,0,920,0
ACC03863,201762.89,49544.11,20,15,20,15,10088.14,3302.94,77986.38,15940.77,1.0294,15,20,0.007001,0.00011784,0,500,0
ACC03864,47994.28,72736.76,14,14,14,13,3428.16,5195.48,14699.01,13891.83,1.037,13,14,0.005401,0.00018763,1,990,0
ACC03865,34541.26,67926.24,10,15,10,15,3454.13,4528.42,11823.0,21318.32,1.0417,15,10,0.005001,0.00011693,0,664,0
ACC03866,36025.95,1026996.64,11,30,11,21,3275.09,34233.22,8849.19,98461.0,1.3226,21,11,0.006401,0.00027184,0,664,1
ACC03867,49199.02,70195.88,12,14,12,14,4099.92,5013.99,10755.55,33589.05,1.0833,14,12,0.005201,0.0001567,0,255,0
ACC03868,70885.13,89537.17,9,15,9,15,7876.13,5969.14,37079.0,20096.68,1.0435,15,9,0.004801,0.00015515,1,664,1
ACC03869,51876.09,168562.01,13,23,13,23,3990.47,7328.78,8468.29,77599.0,1.0,23,13,0.007201,0.00017887,0,675,1
ACC03870,646447.7,113287.18,26,21,21,21,24863.37,5394.63,96551.0,34762.74,1.175,21,21,0.008402,0.00024737,0,920,1
ACC03871,80760.96,154177.19,14,20,14,20,5768.64,7708.86,14806.84,65286.0,1.0968,20,14,0.006801,0.00024697,0,500,1
ACC03872,53135.84,69438.64,11,15,11,15,4830.53,4629.24,15319.02,21228.91,1.04,15,11,0.005201,0.00018555,0,920,0
ACC03873,64225.83,54763.05,17,13,17,13,3777.99,4212.54,10517.63,15963.43,1.0,13,17,0.006001,0.00011458,0,675,0
ACC03874,89201.16,67296.65,14,15,14,15,6371.51,4486.44,31776.74,16442.85,1.0357,15,14,0.005801,0.0001386,1,675,0
ACC03875,57159.41,107746.23,13,13,13,13,4396.88,8288.17,14342.04,30295.13,1.04,13,13,0.005201,0.00020232,1,920,0
ACC03876,141188.85,109661.34,15,17,15,17,9412.59,6450.67,89489.41,26597.74,1.0,17,15,0.006401,0.00045851,1,675,0
ACC03877,168227.49,373430.07,22,16,22,16,7646.7,23339.38,62217.0,83511.0,1.1176,16,22,0.007602,0.00043071,1,990,1
ACC03878,76362.14,93291.15,19,19,19,19,4019.06,4910.06,14895.0,23101.56,1.0,19,19,0.007602,0.00018647,0,920,0
ACC03879,148374.69,31308.25,13,8,13,8,11413.44,3913.53,92397.0,17822.48,1.05,8,13,0.004201,7.992e-05,0,255,1
ACC03880,560969.67,71639.18,27,15,27,15,20776.65,4775.95,79487.0,9869.92,1.3125,15,27,0.008402,0.00014545,1,920,1
ACC03881,88504.18,69030.39,17,7,17,7,5206.13,9861.48,19439.81,34373.0,1.0,7,17,0.004801,8.713e-05,0,920,1
ACC03882,110309.93,726382.91,16,21,16,15,6894.37,34589.66,31745.0,98606.0,1.2333,15,16,0.006201,0.00028439,0,920,1
ACC03883,70084.7,80705.76,20,17,20,17,3504.24,4747.4,15408.47,18434.46,1.0278,17,20,0.007401,0.00017717,0,990,0
ACC03884,43521.54,71244.79,14,6,14,6,3108.68,11874.13,8179.68,34310.36,1.0,6,14,0.004001,0.0001252,0,498,0
ACC03885,106500.9,42290.92,19,11,19,11,5605.31,3844.63,21218.12,11250.05,1.0,11,19,0.006001,9.835e-05,0,920,0
ACC03886,137090.26,58860.19,17,11,17,11,8064.13,5350.93,31325.99,24729.96,1.037,11,17,0.005601,0.00013592,1,920,0
ACC03887,166742.42,120921.97,23,21,23,21,7249.67,5758.19,52209.5,53275.0,1.1282,21,23,0.008802,0.00026916,1,990,1
ACC03888,62165.11,22121.75,12,11,12,11,5180.43,2011.07,12418.54,5113.93,1.0455,11,12,0.004601,6.812e-05,0,990,0
ACC03889,54141.45,174883.64,17,19,17,19,3184.79,9204.4,13641.15,44235.0,1.0286,19,17,0.007201,0.00034473,0,664,1
ACC03890,59409.99,55229.39,12,17,12,17,4950.83,3248.79,12409.71,10761.6,1.0357,17,12,0.005801,0.00014184,1,498,0
ACC03891,84572.44,90590.08,14,17,14,17,6040.89,5328.83,21750.69,29854.47,1.069,17,14,0.006201,0.00017837,0,675,0
ACC03892,109047.33,167343.65,15,20,15,20,7269.82,8367.18,35917.98,39260.76,1.0606,20,15,0.007001,0.00038537,1,920,1
ACC03893,44284.03,52001.18,13,11,13,11,3406.46,4727.38,4771.39,20818.83,1.0435,11,13,0.004801,0.00013349,0,498,0
ACC03894,37249.57,67698.14,13,11,13,11,2865.35,6154.38,10931.22,18622.3,1.0435,11,13,0.004801,0.00017121,0,498,0
ACC03895,68021.48,78211.71,16,14,16,14,4251.34,5586.55,10244.1,16061.34,1.0,14,16,0.006001,0.0001847,1,664,0
ACC03896,92743.12,58394.8,13,14,13,14,7134.09,4171.06,35730.72,13166.81,1.0,14,13,0.005401,0.00012636,1,990,0
ACC03897,51471.5,56638.83,15,14,15,14,3431.43,4045.63,11281.85,7753.2,1.0357,14,15,0.005801,0.00010741,1,920,0
ACC03898,90096.1,134463.29,18,22,18,22,5005.34,6111.97,14049.93,55044.12,1.0256,22,18,0.008002,0.00024904,1,920,0
ACC03899,64957.6,41668.01,10,13,10,13,6495.76,3205.23,19627.83,12453.91,1.0,13,10,0.004601,0.00010227,1,990,0
ACC03900,65908.53,68631.61,14,16,14,16,4707.75,4289.48,32223.11,12753.96,1.0,16,14,0.006001,0.00018175,1,920,0
ACC03901,120630.13,95787.18,10,18,10,18,12063.01,5321.51,77002.0,45785.0,1.0769,18,10,0.005601,0.00015346,1,498,1
ACC03902,223440.87,28977.05,20,9,20,9,11172.04,3219.67,77273.0,8016.64,1.0741,9,20,0.005801,9.964e-05,0,920,1
ACC03903,77913.67,76881.09,15,17,15,17,5194.24,4522.42,22293.05,21810.52,1.0667,17,15,0.006401,0.00016583,0,920,0
ACC03904,86753.63,159810.53,16,20,16,20,5422.1,7990.53,17290.89,41053.0,1.0,20,16,0.007201,0.00022624,1,920,1
ACC03905,104431.34,231092.25,18,19,18,19,5801.74,12162.75,22529.71,95000.0,1.0278,19,18,0.007401,0.00045838,1,498,0
ACC03906,32084.51,99467.53,10,14,10,14,3208.45,7104.82,8761.53,43114.0,1.0435,14,10,0.004801,0.00013116,0,990,1
ACC03907,86643.06,76753.0,10,15,10,15,8664.31,5116.87,37067.16,35122.18,1.0417,15,10,0.005001,0.00012908,1,990,0
ACC03908,98150.41,56612.83,14,16,14,16,7010.74,3538.3,62786.0,8068.88,1.0345,16,14,0.006001,0.00012328,1,675,1
ACC03909,99044.46,135984.64,16,16,16,16,6190.28,8499.04,20106.05,69792.0,1.0323,16,16,0.006401,0.00023315,1,920,1
ACC03910,151226.79,111770.66,17,16,17,16,8895.69,6985.67,56285.27,22198.54,1.0312,16,17,0.006601,0.00019673,0,498,0
ACC03911,120397.11,138691.79,21,26,21,26,5733.2,5334.3,41333.0,27758.58,1.0217,26,21,0.009402,0.00039637,1,498,1
ACC03912,81254.72,87630.04,19,16,19,16,4276.56,5476.88,14207.3,25569.73,1.0294,16,19,0.007001,0.00024412,0,498,0
ACC03913,50365.32,47336.06,5,13,5,13,10073.06,3641.24,33981.42,11424.85,1.0,13,5,0.003601,0.0001324,1,664,0
ACC03914,163491.32,103398.79,16,11,16,11,10218.21,9399.89,75436.0,64307.0,1.0385,11,16,0.005401,0.00013591,0,920,1
ACC03915,182900.97,79993.91,23,14,23,14,7952.22,5713.85,80491.31,20770.29,1.0,14,23,0.007401,0.0001907,1,500,0
ACC03916,26154.62,68586.19,7,14,7,14,3736.37,4899.01,7994.96,21782.99,1.0,14,7,0.004201,0.00011296,1,500,0
ACC03917,82671.26,91461.69,19,20,19,20,4351.12,4573.08,15144.05,12956.39,1.0263,20,19,0.007802,0.00021931,1,675,0
ACC03918,59540.66,88154.0,18,15,18,15,3307.81,5876.93,9339.0,25902.12,1.0645,15,18,0.006601,0.00019915,0,990,0
ACC03919,178650.71,54122.17,21,7,21,7,8507.18,7731.74,83898.0,35665.23,1.0,7,21,0.005601,0.0001059,1,990,1
ACC03920,135983.08,121168.84,14,16,14,16,9713.08,7573.05,75552.0,46136.72,1.0,16,14,0.006001,0.00017248,0,990,1
ACC03921,90024.45,170020.78,20,15,20,15,4501.22,11334.72,10435.99,95000.0,1.0294,15,20,0.007001,0.00020677,1,498,1
ACC03922,33560.42,92542.97,12,18,12,18,2796.7,5141.28,8904.43,24206.46,1.0714,18,12,0.006001,0.00018819,1,675,0
ACC03923,75683.61,66193.89,16,17,16,17,4730.23,3893.76,15232.99,11849.67,1.0,17,16,0.006601,0.00016332,1,675,0
ACC03924,60145.59,82946.73,15,18,15,18,4009.71,4608.15,10163.78,20724.79,1.0,18,15,0.006601,0.00018688,1,500,0
ACC03925,55422.62,95302.63,17,17,17,17,3260.15,5606.04,9843.67,22161.08,1.0303,17,17,0.006801,0.00018983,0,990,0
ACC03926,170584.39,181723.04,22,17,22,17,7753.84,10689.59,48799.0,72247.0,1.0833,17,22,0.007802,0.00026457,1,664,1
ACC03927,110090.32,113918.27,18,16,18,16,6116.13,7119.89,22772.0,39216.0,1.0625,16,18,0.006801,0.00025175,0,498,1
ACC03928,104628.82,37638.97,15,14,15,14,6975.25,2688.5,22894.27,6223.06,1.0357,14,15,0.005801,0.0001293,0,920,0
ACC03929,62360.84,607669.84,19,18,19,18,3282.15,33759.44,7572.54,531117.45,1.0278,18,19,0.007401,0.00065575,1,664,1
ACC03930,125769.35,146581.93,23,23,23,23,5468.23,6373.13,22965.21,24873.56,1.0698,23,23,0.009202,0.00029981,1,664,0
ACC03931,42938.48,101650.29,12,13,12,13,3578.21,7819.25,11031.94,27916.44,1.0,13,12,0.005001,0.00020415,0,664,0
ACC03932,168786.29,78511.67,19,14,19,14,8883.49,5607.98,61355.0,20793.17,1.0312,14,19,0.006601,0.00016531,0,675,1
ACC03933,92299.83,71015.37,10,20,10,20,9229.98,3550.77,36026.69,13694.6,1.0,20,10,0.006001,0.00017904,0,990,0
ACC03934,104037.1,123070.12,22,14,21,14,4728.96,8790.72,16698.82,46573.29,1.0588,14,21,0.007001,0.00027594,1,500,0
ACC03935,57198.7,73857.96,15,12,15,12,3813.25,6154.83,14042.15,16739.37,1.0,12,15,0.005401,0.00020917,0,500,0
ACC03936,89461.25,187117.7,11,14,11,14,8132.84,13365.55,20624.94,67183.0,1.0417,14,11,0.005001,0.00021894,1,255,1
ACC03937,65809.74,72363.03,18,17,18,17,3656.1,4256.65,14382.02,14167.7,1.0606,17,18,0.007001,0.00014053,0,664,0
ACC03938,120152.78,68280.62,17,20,17,20,7067.81,3414.03,31228.17,14497.83,1.0571,20,17,0.007401,0.00018965,1,675,0
ACC03939,83687.0,117518.09,18,14,18,14,4649.28,8394.15,18164.0,19102.81,1.1429,14,18,0.006401,0.00029483,1,920,0
ACC03940,109410.4,38037.75,20,13,20,13,5470.52,2925.98,22723.59,12587.79,1.0312,13,20,0.006601,0.00016801,1,675,0
ACC03941,144078.84,104237.49,21,16,21,16,6860.9,6514.84,40535.98,26139.24,1.0278,16,21,0.007401,0.00021232,1,664,0
ACC03942,89062.14,24599.11,21,9,21,9,4241.05,2733.23,13622.08,7757.66,1.0345,9,21,0.006001,8.625e-05,1,920,0
ACC03943,63520.17,66982.62,13,17,13,17,4886.17,3940.15,13289.52,11095.36,1.0,17,13,0.006001,0.00015806,0,498,0
ACC03944,66814.39,31920.38,15,12,15,12,4454.29,2660.03,11280.2,6268.5,1.0385,12,15,0.005401,0.00015482,1,498,0
ACC03945,39739.69,74823.79,15,12,15,12,2649.31,6235.32,10358.44,19388.76,1.0385,12,15,0.005401,0.00017895,0,664,0
ACC03946,696408.04,683441.08,22,25,22,25,31654.91,27337.64,589244.15,83941.0,1.4242,25,22,0.009402,0.00090301,1,920,1
ACC03947,96864.4,76326.2,15,13,15,13,6457.63,5871.25,23445.54,14259.32,1.0769,13,15,0.005601,0.00016306,1,498,0
ACC03948,7758.25,57418.27,6,13,6,13,1293.04,4416.79,3041.5,23064.1,1.0556,13,6,0.003801,0.00011331,0,664,0
ACC03949,79904.94,127487.72,17,22,17,22,4700.29,5794.9,11201.02,35838.3,1.0541,22,17,0.007802,0.00024611,1,990,0
ACC03950,68894.4,104100.07,18,24,18,24,3827.47,4337.5,8084.89,25551.37,1.0769,24,18,0.008402,0.00022869,0,498,0
ACC03951,100467.85,39331.89,14,13,14,13,7176.27,3025.53,36485.43,18655.5,1.0385,13,14,0.005401,0.00015108,1,990,0
ACC03952,74420.36,161919.8,13,20,13,20,5724.64,8095.99,17916.28,50051.88,1.0,20,13,0.006601,0.00034635,1,498,0
ACC03953,82313.68,78266.13,16,17,16,17,5144.6,4603.89,15032.35,19072.04,1.0312,17,16,0.006601,0.00019067,0,675,0
ACC03954,82842.97,127393.04,20,14,20,14,4142.15,9099.5,26679.17,34541.0,1.0303,14,20,0.006801,0.00021417,1,990,1
ACC03955,1057804.95,976601.56,18,27,18,27,58766.94,36170.43,861879.9,89159.0,1.5,27,18,0.009002,0.00140979,1,498,1
ACC03956,103451.37,95115.83,19,24,19,24,5444.81,3963.16,26263.99,17105.57,1.075,24,19,0.008602,0.00019836,1,990,0
ACC03957,78193.13,89938.73,16,14,16,14,4887.07,6424.19,15530.68,37990.28,1.0345,14,16,0.006001,0.00018259,1,500,0
ACC03958,53176.44,67192.84,10,14,10,14,5317.64,4799.49,24755.5,23993.23,1.0435,14,10,0.004801,0.00013462,0,990,0
ACC03959,85313.97,159956.47,10,17,9,17,8531.4,9409.2,57022.0,54741.12,1.0385,17,9,0.005201,0.00047094,1,990,1
ACC03960,130500.94,63761.09,19,12,19,12,6868.47,5313.42,31548.39,23735.14,1.0,12,19,0.006201,0.00029131,0,920,0
ACC03961,88733.3,55098.95,22,20,22,20,4033.33,2754.95,9027.48,14307.21,1.05,20,22,0.008402,0.00018376,0,500,0
ACC03962,49024.6,63762.13,9,12,9,12,5447.18,5313.51,22324.67,20076.28,1.1053,12,9,0.004201,0.00017557,1,498,0
ACC03963,75905.67,71687.69,17,10,17,10,4465.04,7168.77,20310.01,20778.09,1.0385,10,17,0.005401,0.00011184,0,675,0
ACC03964,95769.16,70931.96,16,19,16,19,5985.57,3733.26,32763.0,22268.78,1.0294,19,16,0.007001,0.00027005,1,500,1
ACC03965,122993.85,80030.04,14,11,14,11,8785.27,7275.46,48804.0,28394.08,1.0,11,14,0.005001,0.0001485,0,920,1
ACC03966,129527.72,137253.09,15,18,15,18,8635.18,7625.17,48821.0,46868.16,1.1786,18,15,0.006601,0.00023622,1,990,1
ACC03967,113737.55,42711.36,20,11,20,11,5686.88,3882.85,47192.0,14605.91,1.0333,11,20,0.006201,0.00011434,1,498,1
ACC03968,91510.39,59678.5,19,15,19,15,4816.34,3978.57,17385.71,18362.43,1.0303,15,19,0.006801,0.00011592,0,498,0
ACC03969,84072.59,23749.33,20,11,20,11,4203.63,2159.03,11202.73,6907.36,1.069,11,20,0.006201,8.427e-05,0,990,0
ACC03970,195413.79,133665.9,16,19,16,19,12213.36,7035.05,78495.0,20090.67,1.129,19,16,0.007001,0.00025345,1,664,1
ACC03971,118463.23,85793.9,21,13,21,13,5641.11,6599.53,41856.9,37010.25,1.0303,13,21,0.006801,0.00017656,1,255,0
ACC03972,118311.15,52829.15,23,10,23,10,5143.96,5282.91,40536.15,31463.59,1.0312,10,23,0.006601,0.000117,1,498,0
ACC03973,40989.64,49288.32,19,9,19,9,2157.35,5476.48,8165.16,9562.41,1.037,9,19,0.005601,0.00012477,0,664,0
ACC03974,1057349.93,39959.32,31,10,22,10,34108.06,3995.93,97880.0,12715.35,1.3226,10,22,0.006401,9.12e-05,1,675,1
ACC03975,49179.52,37886.67,15,13,15,13,3278.63,2914.36,11929.63,6660.94,1.0,13,15,0.005601,0.00012259,0,500,0
ACC03976,99643.81,126877.54,22,18,22,18,4529.26,7048.75,15725.55,35775.98,1.0811,18,22,0.008002,0.0002845,0,675,0
ACC03977,160838.2,163671.98,20,18,20,18,8041.91,9092.89,85156.8,86930.9,1.0857,18,20,0.007602,0.00032778,1,498,1
ACC03978,1013505.32,638348.78,28,21,20,16,36196.62,30397.56,98502.0,98843.0,1.4,16,20,0.007201,0.00026575,0,990,1
ACC03979,31098.36,46611.07,10,15,10,15,3109.84,3107.4,8755.32,8802.94,1.0,15,10,0.005001,0.0001264,0,675,0
ACC03980,65163.55,82616.02,13,19,13,19,5012.58,4348.21,20436.46,15903.12,1.0323,19,13,0.006401,0.00020942,0,664,0
ACC03981,236277.65,85470.27,16,16,16,16,14767.35,5341.89,63287.0,15750.8,1.1034,16,16,0.006401,0.00015402,0,920,1
ACC03982,51684.54,111860.81,12,17,12,17,4307.04,6580.05,23840.87,44732.41,1.0357,17,12,0.005801,0.00019612,1,920,0
ACC03983,40551.08,81058.1,10,14,10,14,4055.11,5789.86,10560.92,20363.47,1.0435,14,10,0.004801,0.00013764,0,990,0
ACC03984,89843.05,116519.57,14,16,14,16,6417.36,7282.47,23007.0,33315.0,1.0,16,14,0.006001,0.00016303,1,920,1
ACC03985,133177.71,158038.94,16,16,16,16,8323.61,9877.43,26670.48,42477.44,1.0,16,16,0.006401,0.00027044,1,664,0
ACC03986,83537.46,454596.1,14,21,14,21,5966.96,21647.43,32630.81,91640.0,1.0606,21,14,0.007001,0.00060925,1,498,1
ACC03987,105713.97,140710.38,10,15,10,15,10571.4,9380.69,69738.76,71162.0,1.0417,15,10,0.005001,0.00033173,1,498,1
ACC03988,44221.81,123183.5,13,20,13,19,3401.68,6159.18,9826.72,34360.0,1.1,19,13,0.006401,0.0001941,1,920,1
ACC03989,628253.08,21795.79,28,11,23,11,22437.61,1981.44,98001.0,8703.95,1.2188,11,23,0.006801,7.346e-05,1,920,1
ACC03990,97436.54,49860.2,16,14,16,14,6089.78,3561.44,23375.34,9830.69,1.0,14,16,0.006001,0.00016285,1,498,0
ACC03991,67343.98,92541.83,21,12,21,12,3206.86,7711.82,15738.86,45338.51,1.0645,12,21,0.006601,0.00022546,1,675,0
ACC03992,1190211.24,124200.77,22,23,11,23,54100.51,5400.03,98719.0,20777.44,1.4062,23,11,0.006801,0.00028377,1,664,1
ACC03993,216678.42,1134633.93,17,28,17,18,12745.79,40522.64,93546.39,97414.0,1.5517,18,17,0.007001,0.00040713,0,498,1
ACC03994,19611.13,106448.65,8,12,8,12,2451.39,8870.72,6916.27,41909.0,1.1111,12,8,0.004001,0.00010686,0,990,1
ACC03995,33724.21,80977.65,10,22,10,22,3372.42,3680.8,9731.05,11010.64,1.1034,22,10,0.006401,0.00019217,1,990,0
ACC03996,37559.06,58244.34,8,13,8,13,4694.88,4480.33,10520.77,13487.57,1.0,13,8,0.004201,0.00017194,1,920,0
ACC03997,51957.79,95418.88,12,13,12,13,4329.82,7339.91,9652.12,31083.97,1.0,13,12,0.005001,0.00015587,1,990,0
ACC03998,56827.23,51628.15,20,14,20,14,2841.36,3687.72,9841.19,8777.19,1.0,14,20,0.006801,0.00014096,1,920,0
ACC03999,71040.19,86416.3,18,13,18,13,3946.68,6647.41,13716.83,19201.81,1.0333,13,18,0.006201,0.00016617,0,500,0
ACC04000,196567.61,185604.65,13,19,13,19,15120.59,9768.67,84493.0,73877.3,1.1852,19,13,0.006401,0.00026362,1,990,1
ACC04001,790019.37,49158.63,29,15,23,15,27242.05,3277.24,98215.0,8448.06,1.2222,15,23,0.007602,0.00013374,1,920,1
ACC04002,69188.45,89034.32,11,20,11,19,6289.86,4451.72,38648.73,25814.0,1.0333,19,11,0.006001,0.00021278,1,990,0
ACC04003,125824.31,112160.38,22,26,22,26,5719.29,4313.86,52429.0,19680.05,1.0435,26,22,0.009602,0.00018679,1,498,1
ACC04004,44520.76,51281.7,9,11,8,11,4946.75,4661.97,16585.08,15781.77,1.0526,11,8,0.003801,0.00014442,1,498,0
ACC04005,73683.17,101961.86,16,20,16,20,4605.2,5098.09,12925.4,16382.45,1.0,20,16,0.007201,0.00018455,1,498,0
ACC04006,111968.54,31520.83,18,9,18,9,6220.47,3502.31,24695.5,6717.33,1.0,9,18,0.005401,8.787e-05,0,990,0
ACC04007,122407.74,160347.98,17,21,17,21,7200.46,7635.62,50999.0,42498.0,1.0556,21,17,0.007602,0.00020715,1,920,1
ACC04008,857784.36,44210.93,20,20,13,20,42889.22,2210.55,96966.0,9065.32,1.25,20,13,0.006601,0.00012482,1,920,1
ACC04009,74231.32,49261.25,19,9,19,9,3906.91,5473.47,18791.94,20267.97,1.037,9,19,0.005601,0.00011247,0,990,0
ACC04010,75639.8,127969.71,17,20,17,20,4449.4,6398.49,13471.22,38807.37,1.1212,20,17,0.007401,0.00024189,1,920,0
ACC04011,226527.18,71936.94,16,19,16,19,14157.95,3786.15,89688.0,10072.99,1.0,19,16,0.007001,0.00016411,0,498,1
ACC04012,62943.47,163069.19,19,18,19,18,3312.81,9059.4,13282.41,48926.0,1.0278,18,19,0.007401,0.00024705,1,990,1
ACC04013,41742.53,123582.87,13,16,13,16,3210.96,7723.93,8176.27,33728.07,1.0,16,13,0.005801,0.00019346,1,498,0
ACC04014,1119441.22,120683.99,27,12,17,12,41460.79,10057.0,98813.0,71225.0,1.3448,12,17,0.005801,0.00014194,0,498,1
ACC04015,35882.41,1012671.55,14,20,14,11,2563.03,50633.58,6101.7,98618.0,1.5455,11,14,0.005001,0.00025692,0,498,1
ACC04016,118006.97,994669.97,18,23,18,14,6555.94,43246.52,22499.28,97880.0,1.3226,14,18,0.006401,0.00018787,0,664,1
ACC04017,57411.62,69162.84,13,14,13,14,4416.28,4940.2,21429.52,17250.0,1.0,14,13,0.005401,0.00018991,0,920,1
ACC04018,85649.61,77911.37,25,16,25,16,3425.98,4869.46,14417.88,13181.16,1.025,16,25,0.008202,0.00014942,0,664,0
ACC04019,64252.7,134206.56,18,13,18,13,3569.59,10323.58,10009.59,44299.0,1.0333,13,18,0.006201,0.00017812,1,990,1
ACC04020,129795.04,891353.38,21,22,21,14,6180.72,40516.06,50402.62,97935.0,1.2286,14,21,0.007001,0.00022811,1,255,1
ACC04021,85372.95,128876.98,12,16,12,16,7114.41,8054.81,50304.0,48291.84,1.0769,16,12,0.005601,0.0002054,1,675,1
ACC04022,33992.57,50202.17,9,13,9,13,3776.95,3861.71,9502.2,11315.91,1.0,13,9,0.004401,0.00011295,0,255,0
ACC04023,92452.36,55776.42,15,18,15,18,6163.49,3098.69,39480.95,11069.89,1.1,18,15,0.006601,0.00015743,1,990,0
ACC04024,73712.49,41500.53,14,9,14,9,5265.18,4611.17,21881.21,16769.8,1.0455,9,14,0.004601,0.00011611,0,498,0
ACC04025,36086.91,66870.45,15,16,15,16,2405.79,4179.4,5181.79,10198.48,1.1481,16,15,0.006201,0.00016386,0,498,0
ACC04026,99598.38,120505.47,20,19,20,19,4979.92,6342.39,24336.24,34382.36,1.0263,19,20,0.007802,0.00018077,0,500,0
ACC04027,131199.85,1091283.07,16,22,16,12,8199.99,49603.78,21942.07,97378.0,1.4074,12,16,0.005601,0.00033698,0,675,1
ACC04028,95395.22,57634.67,11,16,11,16,8672.29,3602.17,27261.31,13550.04,1.0385,16,11,0.005401,0.00014101,0,920,0
ACC04029,93146.62,40566.31,17,13,17,13,5479.21,3120.49,31183.66,10544.16,1.0345,13,17,0.006001,0.00011998,1,664,0
ACC04030,98989.44,276856.13,16,20,16,20,6186.84,13842.81,33491.21,93094.0,1.0,20,16,0.007201,0.00043129,1,675,1
ACC04031,69578.4,42589.32,19,13,19,13,3662.02,3276.1,34599.0,11721.96,1.0323,13,19,0.006401,0.00010346,1,920,1
ACC04032,75188.98,111126.64,19,21,19,21,3957.31,5291.74,12981.72,13513.05,1.0256,21,19,0.008002,0.0003944,0,920,0
ACC04033,81345.95,113793.11,15,21,15,21,5423.06,5418.72,21473.47,41029.0,1.0,21,15,0.007201,0.00018622,0,920,1
ACC04034,103128.54,94959.92,13,16,13,16,7932.96,5935.0,35023.38,27368.1,1.1154,16,13,0.005801,0.00016722,1,675,0
ACC04035,74671.11,48021.89,15,15,15,15,4978.07,3201.46,18408.06,10289.74,1.0714,15,15,0.006001,0.00012589,1,498,0
ACC04036,186648.63,400923.2,15,23,15,23,12443.24,17431.44,75591.0,86970.0,1.027,23,15,0.007602,0.0004689,1,920,1
ACC04037,53056.27,131010.63,12,23,12,23,4421.36,5696.11,22019.54,19775.36,1.0294,23,12,0.007001,0.00026874,1,990,0
ACC04038,56101.38,112252.68,17,25,17,25,3300.08,4490.11,9928.98,16220.69,1.0769,25,17,0.008402,0.00020915,1,920,0
ACC04039,120798.91,73866.79,22,17,22,17,5490.86,4345.11,19975.22,12079.05,1.0263,17,22,0.007802,0.00017524,1,990,0
ACC04040,86531.17,107384.49,20,22,20,22,4326.56,4881.11,15621.28,15804.16,1.0769,22,20,0.008402,0.00023393,1,920,0
ACC04041,50069.87,64899.49,10,13,10,13,5006.99,4992.27,11168.89,24272.17,1.0952,13,10,0.004601,0.00017185,0,990,0
ACC04042,57419.75,119655.75,13,21,13,21,4416.9,5697.89,20647.0,18052.6,1.1333,21,13,0.006801,0.00026433,1,498,1
ACC04043,112938.65,118029.2,15,15,15,15,7529.24,7868.61,38001.57,56387.0,1.0,15,15,0.006001,0.00020784,0,920,1
ACC04044,134349.29,106431.1,18,16,18,16,7463.85,6651.94,49683.0,26860.25,1.0303,16,18,0.006801,0.00018442,1,990,1
ACC04045,111173.85,66601.92,22,13,22,13,5053.36,5123.22,24438.12,29720.86,1.0294,13,22,0.007001,0.00017771,0,990,0
ACC04046,93953.85,91052.47,17,16,17,16,5526.7,5690.78,33780.0,16146.96,1.0312,16,17,0.006601,0.00014052,1,920,1
ACC04047,195810.7,56452.28,26,13,26,13,7531.18,4342.48,95000.0,15198.3,1.0263,13,26,0.007802,0.00015471,0,990,0
ACC04048,87534.55,62802.48,16,20,16,20,5470.91,3140.12,19359.02,6704.99,1.0286,20,16,0.007201,0.00019834,0,500,0
ACC04049,75588.55,140276.23,15,22,15,22,5039.24,6376.19,16466.97,39219.0,1.0571,22,15,0.007401,0.00024789,0,498,1
ACC04050,88122.35,90383.21,20,24,20,24,4406.12,3765.97,21134.35,22894.27,1.0476,24,20,0.008802,0.00016726,1,498,0
ACC04051,54217.59,38207.42,17,11,17,11,3189.27,3473.4,13896.66,8403.57,1.12,11,17,0.005601,0.00013493,1,990,0
ACC04052,217238.08,64463.0,20,15,20,15,10861.9,4297.53,67663.0,10091.25,1.0,15,20,0.007001,0.00018323,1,500,1
ACC04053,75065.21,105974.43,9,14,9,14,8340.58,7569.6,52855.32,53934.0,1.0455,14,9,0.004601,0.00024732,1,990,1
ACC04054,48863.86,21481.44,10,11,10,11,4886.39,1952.86,15613.81,2969.51,1.0,11,10,0.004201,7.238e-05,0,990,0
ACC04055,133198.05,784825.86,19,23,19,17,7010.42,34122.86,66264.66,97214.0,1.3548,17,19,0.007201,0.00042535,1,498,1
ACC04056,187583.53,59519.73,15,11,15,11,12505.57,5410.88,88822.0,21017.43,1.0833,11,15,0.005201,0.00011914,0,664,1
ACC04057,64505.59,56857.98,14,13,14,13,4607.54,4373.69,9418.55,8808.37,1.0385,13,14,0.005401,0.00017604,0,498,0
ACC04058,95122.44,66038.35,18,17,18,17,5284.58,3884.61,19374.53,12149.65,1.0606,17,18,0.007001,0.0001508,0,920,0
ACC04059,64380.12,143768.36,15,21,15,21,4292.01,6846.11,10638.7,17347.23,1.125,21,15,0.007201,0.00029994,0,500,0
ACC04060,104608.71,100127.94,22,18,22,18,4754.94,5562.66,32969.15,13467.51,1.0256,18,22,0.008002,0.00023073,1,990,1
ACC04061,33205.32,52766.95,12,13,12,13,2767.11,4059.0,11740.41,11443.68,1.0,13,12,0.005001,0.00011306,1,920,0
ACC04062,127850.98,146295.94,15,16,15,16,8523.4,9143.5,78478.0,41981.66,1.0333,16,15,0.006201,0.00026237,0,498,1
ACC04063,44074.12,102919.36,19,14,19,14,2319.69,7351.38,8987.91,70188.64,1.0,14,19,0.006601,0.00019273,0,920,0
ACC04064,87997.27,137252.17,19,17,19,17,4631.44,8073.66,10661.99,39626.33,1.0286,17,19,0.007201,0.00025624,0,675,0
ACC04065,79455.4,72175.72,20,18,20,18,3972.77,4009.76,15291.76,19386.0,1.0857,18,20,0.007602,0.00013572,1,990,1
ACC04066,50821.15,67973.21,11,13,11,13,4620.1,5228.71,23712.19,17806.99,1.0,13,11,0.004801,0.00012963,0,664,0
ACC04067,108235.56,761865.75,15,22,15,22,7215.7,34630.26,17717.41,666137.15,1.1212,22,15,0.007401,0.0008151,1,255,1
ACC04068,38398.43,106895.86,14,17,14,17,2742.74,6287.99,10998.11,52423.32,1.069,17,14,0.006201,0.00019727,1,664,0
ACC04069,75743.95,178264.61,15,21,15,21,5049.6,8488.79,24005.38,78721.0,1.0,21,15,0.007201,0.00021869,1,498,1
ACC04070,124689.18,53325.78,30,13,30,13,4156.31,4101.98,20978.52,12096.2,1.1026,13,30,0.008602,0.0001434,0,920,0
ACC04071,103256.11,64612.23,24,11,24,11,4302.34,5873.84,17850.57,36119.85,1.0294,11,24,0.007001,0.00015209,1,920,0
ACC04072,63918.86,73732.27,14,16,14,16,4565.63,4608.27,9355.53,14457.16,1.0714,16,14,0.006001,0.00012752,0,500,0
ACC04073,122298.22,572621.21,25,16,25,16,4891.93,35788.83,42533.89,527200.6,1.0789,16,25,0.008202,0.00081875,1,990,1
ACC04074,61177.34,65727.13,11,19,11,19,5561.58,3459.32,22511.63,9698.52,1.0,19,11,0.006001,0.00019035,0,500,0
ACC04075,41069.6,99511.42,12,15,12,15,3422.47,6634.09,8720.33,46938.0,1.0385,15,12,0.005401,0.00013998,0,498,1
ACC04076,79082.74,80265.18,14,17,14,17,5648.77,4721.48,26219.33,13269.74,1.0333,17,14,0.006201,0.00028387,0,920,0
ACC04077,64821.9,22242.5,11,5,11,5,5892.9,4448.5,18557.43,8255.99,1.0,5,11,0.003201,6.248e-05,0,664,0
ACC04078,65588.11,174669.77,16,20,16,20,4099.26,8733.49,14594.73,37835.09,1.0588,20,16,0.007201,0.0003927,1,675,0
ACC04079,918215.23,48528.43,22,15,14,15,41737.06,3235.23,97360.0,10482.15,1.3214,15,14,0.005801,0.0001075,1,675,1
ACC04080,123991.43,180596.66,16,24,16,24,7749.46,7524.86,58303.68,59518.34,1.1111,24,16,0.008002,0.00035759,1,920,1
ACC04081,58067.52,79701.48,11,16,11,16,5278.87,4981.34,20116.2,17068.61,1.0,16,11,0.005401,0.00017059,1,255,0
ACC04082,169578.77,124064.22,10,13,10,13,16957.88,9543.4,74772.0,71781.12,1.15,13,10,0.004601,0.0001647,1,664,1
ACC04083,51667.6,38302.5,14,12,14,12,3690.54,3191.88,7834.92,9040.04,1.0833,12,14,0.005201,0.00010169,0,498,0
ACC04084,143988.79,82503.55,18,20,18,20,7999.38,4125.18,41203.94,13819.63,1.027,20,18,0.007602,0.00018539,0,255,0
ACC04085,62652.03,83699.99,15,16,15,16,4176.8,5231.25,13443.47,24770.13,1.0333,16,15,0.006201,0.00019253,0,498,0
ACC04086,41206.46,93192.95,9,13,9,13,4578.5,7168.69,10454.57,40097.76,1.1,13,9,0.004401,0.00019075,0,920,0
ACC04087,607723.63,663604.24,27,27,27,22,22508.28,24577.93,75694.0,98587.0,1.5882,22,27,0.009802,0.00045994,1,920,1
ACC04088,794459.36,44857.95,18,12,11,12,44136.63,3738.16,96302.0,12973.47,1.3043,12,11,0.004601,8.836e-05,0,664,1
ACC04089,164296.73,71676.93,17,12,17,12,9664.51,5973.08,68905.0,22296.92,1.0357,12,17,0.005801,0.00022864,1,498,1
ACC04090,41843.35,71373.99,14,18,14,18,2988.81,3965.22,13011.37,17028.0,1.0323,18,14,0.006401,0.00014324,0,664,0
ACC04091,67185.11,101791.25,9,16,9,16,7465.01,6361.95,24798.07,18569.07,1.0,16,9,0.005001,0.00037291,0,990,0
ACC04092,91868.32,60804.23,19,11,19,11,4835.17,5527.66,32772.0,16424.6,1.0714,11,19,0.006001,0.00017433,1,675,1
ACC04093,59399.95,80016.68,19,16,19,16,3126.31,5001.04,11931.77,20606.46,1.0606,16,19,0.007001,0.00021431,0,675,0
ACC04094,117320.59,204516.1,15,16,15,16,7821.37,12782.26,43955.94,45259.56,1.069,16,15,0.006201,0.00031866,1,675,1
ACC04095,128943.25,160974.68,18,16,18,16,7163.51,10060.92,62662.08,63967.54,1.1333,16,18,0.006801,0.00026609,1,498,1
ACC04096,47100.49,51020.26,15,12,15,12,3140.03,4251.69,9445.34,10777.92,1.0,12,15,0.005401,0.00010556,1,675,0
ACC04097,49046.31,105972.86,14,17,14,17,3503.31,6233.7,9596.16,24247.6,1.0333,17,14,0.006201,0.00027828,1,675,0
ACC04098,74551.74,46318.09,11,14,11,14,6777.43,3308.43,50352.0,10170.91,1.087,14,11,0.005001,0.00011325,1,498,1
ACC04099,70293.24,61219.7,11,13,11,13,6390.29,4709.21,18008.85,17435.13,1.0,13,11,0.004801,0.00016204,1,675,0
ACC04100,104932.64,82916.91,16,20,16,20,6558.29,4145.85,18915.29,13360.52,1.0286,20,16,0.007201,0.00018628,1,675,0
ACC04101,99581.64,160840.54,22,22,22,22,4526.44,7310.93,16631.28,43074.02,1.0233,22,22,0.008802,0.00028671,1,664,1
ACC04102,159571.37,55191.86,12,16,12,16,13297.61,3449.49,84451.0,8895.57,1.037,16,12,0.005601,0.00017725,1,990,1
ACC04103,110944.35,53021.29,21,20,21,20,5283.06,2651.06,21898.95,13828.43,1.1389,20,21,0.008202,0.00018295,1,920,0
ACC04104,65185.37,103133.5,19,17,19,17,3430.81,6066.68,17066.31,44815.0,1.0909,17,19,0.007201,0.00012481,1,990,1
ACC04105,937048.82,37343.48,27,12,19,12,34705.51,3111.96,97929.0,8666.68,1.3,12,19,0.006201,0.0001107,1,675,1
ACC04106,90427.57,72020.08,19,9,19,9,4759.35,8002.23,14969.56,18126.9,1.037,9,19,0.005601,0.0001755,0,920,0
ACC04107,28018.17,105310.61,14,11,14,11,2001.3,9573.69,5688.45,49097.99,1.0,11,14,0.005001,0.00014449,1,920,0
ACC04108,27106.06,89511.06,9,11,9,11,3011.78,8137.37,15611.89,28301.71,1.0,11,9,0.004001,0.00014237,0,675,0
ACC04109,66121.46,75347.53,16,18,16,18,4132.59,4185.97,17969.05,12335.93,1.1333,18,16,0.006801,0.00014457,1,500,0
ACC04110,122667.77,57777.55,17,13,17,13,7215.75,4444.43,28396.98,12612.42,1.0,13,17,0.006001,0.00011224,1,920,1
ACC04111,211131.23,24196.94,19,11,19,11,11112.17,2199.72,80067.0,5732.42,1.0,11,19,0.006001,6.191e-05,0,498,1
ACC04112,44320.36,107063.51,13,15,13,15,3409.26,7137.57,12753.96,23040.32,1.037,15,13,0.005601,0.0002107,1,500,0
ACC04113,63924.48,180345.95,15,17,15,17,4261.63,10608.59,11495.8,74130.0,1.0323,17,15,0.006401,0.00023132,0,664,1
ACC04114,160424.16,697180.39,18,23,18,23,8912.45,30312.19,95000.0,520679.8,1.0,23,18,0.008202,0.00104358,1,990,1
ACC04115,167040.44,97039.91,20,21,20,21,8352.02,4620.95,44269.02,12049.28,1.0789,21,20,0.008202,0.00021033,1,675,1
ACC04116,144668.13,704802.64,24,26,24,26,6027.84,27107.79,27059.21,585299.75,1.0638,26,24,0.010002,0.0008719,1,920,1
ACC04117,37883.98,118004.42,12,14,12,14,3157.0,8428.89,17916.47,44823.71,1.0,14,12,0.005201,0.00014707,0,990,0
ACC04118,62258.38,146561.09,17,14,17,14,3662.26,10468.65,8970.87,91941.75,1.0333,14,17,0.006201,0.00019061,0,920,0
ACC04119,104073.92,61873.88,16,15,16,15,6504.62,4124.93,28628.37,13599.87,1.0333,15,16,0.006201,0.00017199,0,675,0
ACC04120,103996.93,48570.53,16,15,16,15,6499.81,3238.04,43137.88,13896.14,1.0333,15,16,0.006201,0.00011807,1,675,0
ACC04121,74896.62,43469.58,11,10,11,10,6808.78,4346.96,26731.79,24299.75,1.05,10,11,0.004201,0.00011787,0,255,0
ACC04122,48598.86,69994.41,17,18,17,17,2858.76,3888.58,11564.19,10992.54,1.129,17,17,0.006801,0.00015553,0,664,0
ACC04123,140800.85,88473.21,16,16,16,16,8800.05,5529.58,49794.0,18833.4,1.0667,16,16,0.006401,0.00019186,1,255,1
ACC04124,185296.33,72969.83,13,19,13,19,14253.56,3840.52,71879.0,8230.71,1.0323,19,13,0.006401,0.00024013,0,990,1
ACC04125,59117.43,49076.79,14,16,14,16,4222.67,3067.3,13395.17,13416.44,1.0345,16,14,0.006001,0.00010304,1,920,0
ACC04126,64524.66,61385.22,17,16,17,16,3795.57,3836.58,23735.14,8849.29,1.0645,16,17,0.006601,0.00012993,1,920,0
ACC04127,45486.02,43071.24,12,9,12,9,3790.5,4785.69,11837.45,14074.24,1.0,9,12,0.004201,0.00014238,0,675,0
ACC04128,73368.3,73726.94,19,16,19,16,3861.49,4607.93,16566.17,17702.95,1.0938,16,19,0.007001,0.00016147,1,675,0
ACC04129,29724.76,76557.85,13,16,13,16,2286.52,4784.87,5715.85,26582.28,1.0357,16,13,0.005801,0.0001716,0,920,0
ACC04130,160353.02,48694.75,15,11,15,11,10690.2,4426.8,38829.72,8598.31,1.1304,11,15,0.005201,0.00011178,1,255,0
ACC04131,113856.96,646183.29,23,13,23,13,4950.3,49706.41,14166.38,591594.45,1.0588,13,23,0.007201,0.00090169,1,990,1
ACC04132,47529.77,76380.78,14,17,14,17,3394.98,4492.99,11083.17,11532.87,1.1071,17,14,0.006201,0.00016113,0,990,0
ACC04133,77425.66,188708.25,15,20,15,20,5161.71,9435.41,14967.4,61544.0,1.129,20,15,0.007001,0.00030834,1,920,1
ACC04134,117390.78,102591.49,18,19,18,19,6521.71,5399.55,20581.4,23677.42,1.1562,19,18,0.007401,0.00020769,1,498,0
ACC04135,112074.95,105058.19,16,16,16,16,7004.68,6566.14,35525.5,51380.27,1.0667,16,16,0.006401,0.00016056,1,990,0
ACC04136,125532.79,109688.03,21,19,21,19,5977.75,5773.05,19158.49,28138.62,1.0526,19,21,0.008002,0.00026519,0,675,0
ACC04137,53258.3,74348.86,17,13,17,13,3132.84,5719.14,8923.23,31629.51,1.0714,13,17,0.006001,0.00013538,1,498,0
ACC04138,174270.64,102678.16,21,20,21,20,8298.6,5133.91,36915.1,13193.52,1.0513,20,21,0.008202,0.00021054,0,664,0
ACC04139,68338.83,38955.58,13,16,13,16,5256.83,2434.72,25717.54,6149.98,1.0357,16,13,0.005801,9.331e-05,1,675,0
ACC04140,70252.9,37903.38,15,11,15,11,4683.53,3445.76,22821.14,11245.21,1.04,11,15,0.005201,8.538e-05,0,255,0
ACC04141,48929.82,61463.18,15,13,15,13,3261.99,4727.94,9988.91,9787.32,1.0769,13,15,0.005601,0.00013959,1,664,0
ACC04142,69827.88,64136.94,11,14,11,14,6347.99,4581.21,25262.11,9549.57,1.0417,14,11,0.005001,0.0001346,0,498,0
ACC04143,62921.09,94094.53,17,14,17,14,3701.24,6721.04,13615.07,35030.79,1.0,14,17,0.006201,0.00017371,1,498,0
ACC04144,90729.62,27437.83,19,12,19,12,4775.24,2286.49,23902.82,4776.27,1.0,12,19,0.006201,8.014e-05,0,498,0
ACC04145,129418.98,54207.25,11,14,11,14,11765.36,3871.95,80591.0,7378.48,1.0,14,11,0.005001,0.00011999,0,498,1
ACC04146,56306.9,72875.44,11,16,11,16,5118.81,4554.72,20490.28,13265.91,1.0385,16,11,0.005401,0.00015522,0,920,0
ACC04147,177726.95,55550.18,27,11,27,11,6582.48,5050.02,84283.0,19283.63,1.0857,11,27,0.007602,0.00014762,1,920,1
ACC04148,51667.63,114684.6,16,20,16,20,3229.23,5734.23,10207.2,31593.0,1.0909,20,16,0.007201,0.00027332,1,498,1
ACC04149,70135.6,162108.74,17,19,17,19,4125.62,8532.04,21404.28,52713.0,1.0286,19,17,0.007201,0.00024773,1,664,1
ACC04150,63800.65,38762.85,18,15,18,15,3544.48,2584.19,8390.25,5865.38,1.0312,15,18,0.006601,0.00013283,0,675,0
ACC04151,77761.01,107261.64,17,13,17,13,4574.18,8250.9,21159.35,37559.0,1.0345,13,17,0.006001,0.0001474,0,675,1
ACC04152,40489.83,114821.79,17,19,17,19,2381.75,6043.25,6885.75,44383.0,1.0909,19,17,0.007201,0.00015445,1,500,1
ACC04153,204809.07,117624.55,22,15,22,15,9309.5,7841.64,56902.49,21238.12,1.0,15,22,0.007401,0.00022522,1,255,0
ACC04154,83327.02,50092.75,10,14,10,14,8332.7,3578.05,14412.86,8318.99,1.0,14,10,0.004801,0.00014872,0,664,0
ACC04155,71779.85,165406.75,22,16,22,16,3262.72,10337.92,11399.56,40679.83,1.0556,16,22,0.007602,0.00026821,0,920,1
ACC04156,115452.84,37782.3,19,13,19,12,6076.47,2906.33,21651.6,15358.44,1.0,12,19,0.006201,9.232e-05,1,500,0
ACC04157,208796.11,80446.34,22,17,22,17,9490.73,4732.14,81697.0,17919.98,1.0541,17,22,0.007802,0.00015391,0,498,1
ACC04158,62123.06,24240.89,5,10,5,10,12424.61,2424.09,39264.36,4320.58,1.0714,10,5,0.003001,6.561e-05,0,990,0
ACC04159,87308.11,110825.5,21,20,21,20,4157.53,5541.27,19317.55,61063.0,1.025,20,21,0.008202,0.00013241,1,920,1
ACC04160,40288.38,51997.73,8,14,8,14,5036.05,3714.12,17712.47,10532.53,1.0476,14,8,0.004401,0.0001203,0,990,0
ACC04161,72381.95,74076.76,10,18,10,18,7238.19,4115.38,23808.02,11335.58,1.0,18,10,0.005601,0.00017965,1,498,0
ACC04162,66923.52,78359.16,11,21,11,21,6083.96,3731.39,14520.3,20465.63,1.0323,21,11,0.006401,0.00016292,1,675,0
ACC04163,43998.1,182106.86,14,14,14,14,3142.72,13007.63,18833.4,95000.0,1.0,14,14,0.005601,0.00017425,1,255,0
ACC04164,63989.22,48250.45,18,11,18,11,3554.96,4386.4,11943.78,13772.1,1.0357,11,18,0.005801,0.00015035,1,664,0
ACC04165,138398.99,170308.78,19,17,19,17,7284.16,10018.16,71652.48,73145.24,1.0588,17,19,0.007201,0.0002261,1,675,1
ACC04166,98153.1,90528.98,13,20,13,20,7550.24,4526.45,26735.22,12047.97,1.1379,20,13,0.006601,0.00018058,0,990,0
ACC04167,68296.34,63424.99,14,14,14,14,4878.31,4530.36,18494.06,11571.64,1.037,14,14,0.005601,0.00017155,1,500,0
ACC04168,98609.52,66035.74,19,15,19,15,5189.97,4402.38,29174.71,11170.1,1.0625,15,19,0.006801,0.00013892,1,990,0
ACC04169,75976.2,77988.04,17,10,17,10,4469.19,7798.8,19197.12,23036.18,1.0,10,17,0.005401,0.00015015,0,675,0
ACC04170,37067.94,69126.14,11,17,11,17,3369.81,4066.24,6199.05,11321.04,1.037,17,11,0.005601,0.00022401,1,675,0
ACC04171,47504.12,38143.09,20,12,20,12,2375.21,3178.59,8113.84,6636.96,1.0,12,20,0.006401,0.00017142,0,990,0
ACC04172,30682.92,86322.23,14,20,14,20,2191.64,4316.11,8340.49,16604.76,1.0,20,14,0.006801,0.00019809,1,664,0
ACC04173,81496.42,55766.36,19,17,19,17,4289.29,3280.37,16976.85,10850.84,1.0286,17,19,0.007201,0.00015852,1,990,0
ACC04174,82127.44,78737.57,17,18,17,18,4831.03,4374.31,25825.59,15021.12,1.0,18,17,0.007001,0.00016505,1,990,0
ACC04175,97471.04,144761.99,15,15,15,15,6498.07,9650.8,39315.0,40773.0,1.0714,15,15,0.006001,0.00021329,0,920,1
ACC04176,134608.87,78191.02,19,15,19,15,7084.68,5212.73,68352.59,21663.27,1.1333,15,19,0.006801,0.00020446,1,990,0
ACC04177,67625.28,209100.23,12,23,12,22,5635.44,9091.31,18081.34,76447.0,1.0294,22,12,0.006801,0.00023091,0,920,1
ACC04178,29339.03,87786.21,10,25,10,25,2933.9,3511.45,6820.29,8603.6,1.0606,25,10,0.007001,0.00023204,1,500,0
ACC04179,64284.9,84816.94,18,18,18,18,3571.38,4712.05,20116.03,22293.05,1.0286,18,18,0.007201,0.00028779,0,498,0
ACC04180,46960.98,219835.39,16,22,16,22,2935.06,9992.52,7509.94,53114.0,1.0556,22,16,0.007602,0.00026004,1,990,1
ACC04181,20167.1,53980.65,9,13,9,13,2240.79,4152.36,3655.92,15050.89,1.0,13,9,0.004401,0.00014587,0,664,0
ACC04182,105118.02,47152.47,11,13,11,13,9556.18,3627.11,29252.65,9928.62,1.0435,13,11,0.004801,0.00014212,1,500,0
ACC04183,88476.63,97467.7,14,17,14,17,6319.76,5733.39,23806.94,18087.19,1.0333,17,14,0.006201,0.00010925,0,255,0
ACC04184,71521.24,62023.8,17,18,17,18,4207.13,3445.77,31835.41,10266.28,1.25,18,17,0.007001,0.00013701,0,664,0
ACC04185,107686.58,26863.41,11,8,11,8,9789.69,3357.93,54946.17,7805.56,1.0,8,11,0.003801,0.00019481,0,664,0
ACC04186,47724.85,102347.16,16,8,16,8,2982.8,12793.39,7167.87,78421.0,1.0435,8,16,0.004801,9.414e-05,1,675,1
ACC04187,33946.84,49379.26,12,16,12,16,2828.9,3086.2,5865.77,10565.43,1.037,16,12,0.005601,0.00012809,0,990,0
ACC04188,93622.68,94365.94,17,20,17,20,5507.22,4718.3,20674.98,12783.18,1.0,20,17,0.007401,0.00020319,1,990,0
ACC04189,164810.8,52611.06,18,19,18,19,9156.16,2769.0,85841.0,7564.27,1.0,19,18,0.007401,0.00013339,1,990,1
ACC04190,137250.05,99561.2,18,19,16,19,7625.0,5240.06,52154.0,33781.35,1.0,19,16,0.007001,0.0002757,0,920,1
ACC04191,79231.71,82691.66,16,17,16,17,4951.98,4864.22,11281.36,17381.73,1.0645,17,16,0.006601,0.00024491,1,664,0
ACC04192,442082.53,74040.67,20,16,20,16,22104.13,4627.54,78721.0,16391.51,1.3333,16,20,0.007201,0.00017003,0,664,1
ACC04193,68302.78,56259.05,16,16,16,16,4268.92,3516.19,9013.31,7567.42,1.0667,16,16,0.006401,0.00016838,1,675,0
ACC04194,146941.64,102077.03,13,13,13,13,11303.2,7852.08,78425.68,31655.22,1.0,13,13,0.005201,0.00026053,1,500,0
ACC04195,45648.23,53341.95,12,11,12,11,3804.02,4849.27,8686.62,9793.46,1.0455,11,12,0.004601,0.00022887,0,675,0
ACC04196,66614.25,1040503.23,16,26,16,17,4163.39,40019.36,14071.91,97888.0,1.4483,17,16,0.006601,0.00023765,1,498,1
ACC04197,108930.15,85818.13,17,13,16,13,6407.66,6601.39,23267.43,27197.48,1.1538,13,16,0.005801,0.00025831,1,500,0
ACC04198,188245.29,200672.61,23,20,23,20,8184.58,10033.63,86375.0,93546.39,1.0238,20,23,0.008602,0.000317,1,920,1
ACC04199,93287.59,37644.49,13,11,13,11,7175.97,3422.23,33801.0,7485.68,1.0435,11,13,0.004801,0.00011555,1,498,1
ACC04200,123225.28,70364.78,15,15,15,15,8215.02,4690.99,61779.0,9869.14,1.0,15,15,0.006001,0.00019647,0,920,1
ACC04201,37431.2,162270.68,9,22,9,22,4159.02,7375.94,11129.83,38247.75,1.0,22,9,0.006201,0.00033715,1,990,0
ACC04202,123671.98,175703.67,21,16,21,16,5889.14,10981.48,20141.33,93108.39,1.0278,16,21,0.007401,0.00021585,0,920,0
ACC04203,1092871.84,128370.5,26,13,16,13,42033.53,9874.65,98306.0,44743.13,1.4444,13,16,0.005801,0.00029597,1,920,1
ACC04204,56031.97,68687.62,11,14,11,14,5093.82,4906.26,17071.6,18708.04,1.0,14,11,0.005001,0.00014068,0,664,0
ACC04205,66551.38,144211.28,14,21,14,21,4753.67,6867.2,18182.67,52608.0,1.0606,21,14,0.007001,0.00022496,0,990,1
ACC04206,97440.56,118950.62,17,16,17,16,5731.8,7434.41,40936.0,39298.56,1.0645,16,17,0.006601,0.00023601,1,498,1
ACC04207,164752.68,64028.44,21,18,21,18,7845.37,3557.14,48879.0,12451.21,1.0833,18,21,0.007802,0.00020593,1,498,1
ACC04208,91602.17,63818.0,16,17,16,17,5725.14,3754.0,19683.8,11827.06,1.0,17,16,0.006601,0.00012239,0,500,0
ACC04209,128777.64,81771.87,17,14,17,14,7575.16,5840.85,30446.57,13389.69,1.0333,14,17,0.006201,0.00013274,0,498,0
ACC04210,69634.37,56898.89,16,16,16,16,4352.15,3556.18,11682.77,8904.9,1.0,16,16,0.006401,0.00017809,0,990,0
ACC04211,75187.44,107629.64,18,13,18,13,4177.08,8279.2,9132.24,24434.0,1.069,13,18,0.006201,0.00022234,1,498,1
ACC04212,67690.36,49417.29,15,18,15,18,4512.69,2745.4,11982.3,7702.21,1.0312,18,15,0.006601,0.00010376,1,664,0
ACC04213,112956.29,58678.65,16,12,16,12,7059.77,4889.89,35098.98,14625.0,1.0,12,16,0.005601,0.00013011,1,498,0
ACC04214,75706.78,44461.32,15,11,14,11,5047.12,4041.94,31377.14,9569.53,1.04,11,14,0.005001,0.00013134,1,500,0
ACC04215,158299.64,72847.81,17,14,17,14,9311.74,5203.41,33962.37,18934.61,1.0333,14,17,0.006201,0.00011761,0,990,0
ACC04216,48437.8,58242.66,15,16,15,16,3229.19,3640.17,6753.84,17869.6,1.0333,16,15,0.006201,0.00015307,0,990,0
ACC04217,55776.64,102391.35,12,19,12,19,4648.05,5389.02,17355.51,27209.81,1.0333,19,12,0.006201,0.00023155,1,990,0
ACC04218,158911.48,113996.07,13,16,13,16,12223.96,7124.75,66299.0,41633.86,1.0357,16,13,0.005801,0.0002737,0,990,1
ACC04219,36945.32,80115.92,14,18,14,18,2638.95,4450.88,5254.3,10507.49,1.0323,18,14,0.006401,0.00016554,1,498,0
ACC04220,104167.68,99358.07,23,17,23,17,4529.03,5844.59,20926.85,29389.69,1.0256,17,23,0.008002,0.00021878,1,920,0
ACC04221,104514.9,149203.58,21,20,21,20,4976.9,7460.18,21177.43,36971.47,1.0789,20,21,0.008202,0.00029777,1,498,0
ACC04222,77358.57,74259.92,10,14,10,14,7735.86,5304.28,35838.3,23437.36,1.1429,14,10,0.004801,0.00017446,1,675,0
ACC04223,145922.45,108049.27,26,25,26,25,5612.4,4321.97,21520.0,16043.18,1.0625,25,26,0.010202,0.00034344,1,498,1
ACC04224,72000.39,119780.75,12,16,12,16,6000.03,7486.3,44400.0,41203.94,1.12,16,12,0.005601,0.00023355,1,920,1
ACC04225,54088.88,76841.96,13,19,13,19,4160.68,4044.31,9805.79,13627.89,1.0667,19,13,0.006401,0.00013233,0,920,0
ACC04226,110488.34,77329.59,17,21,17,21,6499.31,3682.36,19438.22,10081.73,1.0857,21,17,0.007602,0.00014511,0,990,0
ACC04227,102461.85,54429.91,17,14,17,14,6027.17,3887.85,26119.88,7412.66,1.069,14,17,0.006201,0.00015051,1,990,0
ACC04228,54303.01,62677.54,14,14,14,14,3878.79,4476.97,10789.2,14162.46,1.037,14,14,0.005601,0.00014102,1,500,0
ACC04229,138484.34,139738.48,16,22,16,22,8655.27,6351.75,58937.57,37657.43,1.027,22,16,0.007602,0.00021536,1,920,0
ACC04230,108824.34,55802.16,15,13,15,13,7254.96,4292.47,70807.0,15761.92,1.037,13,15,0.005601,0.00011027,0,920,1
ACC04231,95966.01,39127.31,15,15,15,15,6397.73,2608.49,25009.34,5178.9,1.0345,15,15,0.006001,0.0001142,1,498,0
ACC04232,62051.5,33106.23,14,12,14,12,4432.25,2758.85,10068.5,11830.87,1.04,12,14,0.005201,8.426e-05,0,920,0
ACC04233,80087.77,40166.47,21,9,21,9,3813.7,4462.94,14319.33,13214.35,1.1111,9,21,0.006001,8.42e-05,0,255,0
ACC04234,88884.05,56552.81,14,15,14,15,6348.86,3770.19,19185.59,11906.28,1.0357,15,14,0.005801,0.00014202,1,990,0
ACC04235,56295.4,46032.76,12,14,12,14,4691.28,3288.05,14313.93,8186.77,1.04,14,12,0.005201,0.00012822,0,498,0
ACC04236,424459.05,109642.9,25,19,25,19,16978.36,5770.68,76141.0,58888.0,1.1892,19,25,0.008802,0.00012849,1,498,1
ACC04237,70291.29,149584.1,15,20,15,20,4686.09,7479.2,18109.95,44694.0,1.0294,20,15,0.007001,0.00021493,1,498,1
ACC04238,55885.99,79034.0,10,16,10,16,5588.6,4939.63,15601.97,17570.74,1.0,16,10,0.005201,0.00013677,0,498,0
ACC04239,63853.86,30485.47,13,10,13,10,4911.84,3048.55,13818.04,6731.38,1.0455,10,13,0.004601,8.171e-05,0,920,0
ACC04240,96283.97,95874.84,13,19,13,19,7406.46,5046.04,22285.59,18731.13,1.0323,19,13,0.006401,0.00020888,1,920,0
ACC04241,93009.55,80609.91,22,17,22,17,4227.71,4741.76,12495.3,17989.52,1.0833,17,22,0.007802,0.00013867,1,920,0
ACC04242,61786.32,77385.74,16,12,16,12,3861.65,6448.81,12324.66,18366.41,1.0,12,16,0.005601,0.00019855,1,920,0
ACC04243,87591.59,70560.62,17,13,17,13,5152.45,5427.74,28213.48,12329.75,1.0,13,17,0.006001,0.00011565,0,990,0
ACC04244,109537.03,73501.51,13,17,13,17,8425.93,4323.62,39649.38,18108.18,1.0714,17,13,0.006001,0.00017333,1,498,0
ACC04245,43293.87,88667.71,8,15,8,15,5411.73,5911.18,14075.55,30964.15,1.0,15,8,0.004601,0.00016656,0,990,0
ACC04246,70279.94,40166.29,17,10,17,10,4134.11,4016.63,16949.35,10621.81,1.08,10,17,0.005401,0.00023336,0,498,0
ACC04247,70147.98,57326.81,19,17,19,17,3692.0,3372.17,13749.36,8722.16,1.0286,17,19,0.007201,0.00014853,0,990,0
ACC04248,66125.84,47182.93,17,12,17,12,3889.76,3931.91,12914.98,18340.29,1.0357,12,17,0.005801,0.00012522,0,498,0
ACC04249,188252.68,32831.62,15,11,15,11,12550.18,2984.69,73026.0,9826.06,1.04,11,15,0.005201,7.574e-05,0,990,1
ACC04250,139554.69,139546.73,27,15,27,15,5168.69,9303.12,18268.02,67895.0,1.0,15,27,0.008402,0.00017701,1,498,1
ACC04251,79492.4,53643.23,16,13,16,13,4968.28,4126.4,14817.07,13775.06,1.0357,13,16,0.005801,0.00019251,1,675,0
ACC04252,83696.7,26178.59,17,9,17,9,4923.34,2908.73,26760.0,7354.16,1.0,9,17,0.005201,9.202e-05,1,500,1
ACC04253,40624.14,93847.01,12,19,12,19,3385.34,4939.32,10135.44,25482.16,1.0,19,12,0.006201,0.00023308,0,990,0
ACC04254,81829.03,63907.16,12,15,12,15,6819.09,4260.48,27873.38,20495.82,1.0,15,12,0.005401,0.00014829,1,664,0
ACC04255,78319.91,118049.26,16,19,16,19,4894.99,6213.12,12372.91,35620.68,1.0938,19,16,0.007001,0.00024057,1,500,0
ACC04256,113717.82,66066.88,17,12,17,12,6689.28,5505.57,37769.66,15697.39,1.0741,12,17,0.005801,0.000188,1,990,0
ACC04257,85494.49,31174.94,16,12,16,12,5343.41,2597.91,13958.29,5404.62,1.0769,12,16,0.005601,9.225e-05,1,500,0
ACC04258,847622.14,45781.12,33,18,26,18,25685.52,2543.4,98803.0,6538.56,1.2143,18,26,0.008802,0.00013159,1,664,1
ACC04259,193124.76,109399.59,19,15,19,15,10164.46,7293.31,64860.0,62265.6,1.0968,15,19,0.006801,0.00023937,1,675,1
ACC04260,65912.35,46260.11,13,12,13,12,5070.18,3855.01,10417.36,8215.92,1.0417,12,13,0.005001,0.00011747,1,920,0
ACC04261,765939.47,917879.17,18,27,18,27,42552.19,33995.52,708420.7,89550.0,1.4062,27,18,0.009002,0.00100942,1,990,1
ACC04262,88230.59,71401.31,15,12,15,11,5882.04,5950.11,22545.2,14550.59,1.0385,11,15,0.005201,0.000175,0,675,0
ACC04263,77744.82,126804.17,13,20,13,19,5980.37,6340.21,19012.84,19771.3,1.0,19,13,0.006401,0.00024156,0,675,0
ACC04264,128829.47,100223.84,17,17,17,17,7578.2,5895.52,39298.56,40117.28,1.0968,17,17,0.006801,0.00019418,1,664,1
ACC04265,190515.82,81608.23,17,15,17,15,11206.81,5440.55,67030.98,19415.0,1.0667,15,17,0.006401,0.00017751,0,498,1
ACC04266,128087.23,151666.87,21,21,21,21,6099.39,7222.23,65624.0,58937.57,1.0244,21,21,0.008402,0.00019955,1,920,1
ACC04267,139799.57,83588.51,20,18,20,18,6989.98,4643.81,36737.62,14947.18,1.0556,18,20,0.007602,0.00017703,1,990,1
ACC04268,1144295.68,57560.47,31,18,21,18,36912.76,3197.8,97429.0,10273.98,1.2895,18,21,0.007802,0.00014041,0,664,1
ACC04269,126055.62,51115.51,21,17,21,17,6002.65,3006.79,24177.99,8026.51,1.0857,17,21,0.007602,0.0001384,1,675,0
ACC04270,104343.74,47993.14,20,17,20,17,5217.19,2823.13,37835.54,8477.81,1.0278,17,20,0.007401,0.00012477,0,990,0
ACC04271,66285.45,136838.94,18,16,18,16,3682.52,8552.43,11045.27,71058.0,1.0303,16,18,0.006801,0.00017399,1,920,1
ACC04272,55843.87,50553.75,10,10,10,10,5584.39,5055.38,28752.78,13473.41,1.0,10,10,0.004001,9.776e-05,0,990,0
ACC04273,70606.21,66856.32,17,14,17,14,4153.31,4775.45,16435.87,21325.43,1.0333,14,17,0.006201,0.00014134,0,498,0
ACC04274,62943.1,84713.79,16,19,16,19,3933.94,4458.62,15433.27,15153.08,1.0294,19,16,0.007001,0.00022871,0,920,0
ACC04275,70671.48,55529.94,22,11,22,11,3212.34,5048.18,8817.05,16052.52,1.0312,11,22,0.006601,0.00011656,0,920,0
ACC04276,53243.89,60967.65,13,17,13,17,4095.68,3586.33,18299.87,9119.82,1.0345,17,13,0.006001,0.00013273,0,498,0
ACC04277,73431.8,39857.04,16,18,16,18,4589.49,2214.28,15547.25,7184.35,1.0303,18,16,0.006801,9.351e-05,0,990,0
ACC04278,169067.77,61001.95,17,17,17,17,9945.16,3588.35,42695.95,10272.04,1.0625,17,17,0.006801,0.00018084,1,498,0
ACC04279,61364.69,67529.32,17,17,17,17,3609.69,3972.31,11997.53,10110.15,1.0968,17,17,0.006801,0.00016316,0,920,0
ACC04280,20707.51,78940.93,11,16,11,16,1882.5,4933.81,3945.75,16856.89,1.0385,16,11,0.005401,0.00015759,1,675,0
ACC04281,58684.39,45027.82,14,10,14,10,4191.74,4502.78,10010.7,15033.98,1.0,10,14,0.004801,0.00010411,1,920,0
ACC04282,91645.07,96559.76,14,19,14,19,6546.08,5082.09,31806.13,41739.62,1.0,19,14,0.006601,0.00026069,1,920,0
ACC04283,224538.61,146535.34,18,15,18,15,12474.37,9769.02,79245.0,58298.0,1.1786,15,18,0.006601,0.00030938,1,498,1
ACC04284,50070.74,22441.46,12,10,12,10,4172.56,2244.15,12070.07,4895.94,1.0476,10,12,0.004401,6.97e-05,1,990,0
ACC04285,128499.64,40919.4,19,11,19,11,6763.14,3719.95,77911.0,12362.5,1.0714,11,19,0.006001,0.00010527,0,498,1
ACC04286,113272.11,119031.8,20,18,20,18,5663.61,6612.88,22153.0,47453.0,1.0556,18,20,0.007602,0.00021718,1,498,1
ACC04287,110940.07,48505.09,22,9,22,9,5042.73,5389.45,29830.0,12393.54,1.0333,9,22,0.006201,0.00010877,0,920,1
ACC04288,89433.33,113639.09,22,19,22,19,4065.15,5981.0,19901.6,35744.23,1.0513,19,22,0.008202,0.00022858,1,498,0
ACC04289,53021.26,55320.84,20,10,20,10,2651.06,5532.08,7959.42,13754.14,1.0714,10,20,0.006001,0.00015314,1,990,0
ACC04290,144913.75,109092.16,25,18,25,18,5796.55,6060.68,28406.76,47840.24,1.075,18,25,0.008602,0.00017938,1,675,0
ACC04291,95867.57,53144.74,15,12,15,12,6391.17,4428.73,32147.24,11342.36,1.0,12,15,0.005401,0.00015207,0,664,0
ACC04292,84568.05,62968.64,19,15,19,15,4450.95,4197.91,12116.98,14134.86,1.0,15,19,0.006801,0.00014646,1,675,0
ACC04293,66390.8,77118.3,15,16,15,16,4426.05,4819.89,16047.6,16461.96,1.069,16,15,0.006201,0.00012805,0,990,0
ACC04294,97574.85,89574.56,16,15,16,15,6098.43,5971.64,21485.99,35559.75,1.069,15,16,0.006201,0.00015263,0,255,0
ACC04295,61352.96,109142.29,23,19,23,19,2667.52,5744.33,8638.13,18601.68,1.0244,19,23,0.008402,0.00016737,1,920,0
ACC04296,46920.45,52000.8,13,13,13,13,3609.27,4000.06,18892.36,12477.94,1.0,13,13,0.005201,0.00012656,1,255,0
ACC04297,194647.28,71284.45,28,17,28,17,6951.69,4193.2,33244.35,8809.17,1.0976,17,28,0.009002,0.00020341,1,498,0
ACC04298,55221.11,97068.82,13,11,13,11,4247.78,8824.44,14769.79,51243.0,1.0435,11,13,0.004801,0.00011518,0,920,1
ACC04299,483955.19,88129.3,28,15,28,15,17284.11,5875.29,71928.0,21898.95,1.1944,15,28,0.008602,0.00020529,1,990,1
ACC04300,55500.67,56172.66,16,18,16,18,3468.79,3120.7,12374.41,9679.04,1.1333,18,16,0.006801,0.00010046,0,664,0
ACC04301,203699.63,55250.75,20,9,20,9,10184.98,6138.97,67654.0,12676.32,1.0357,9,20,0.005801,0.00013065,0,498,1
ACC04302,80230.79,46926.96,18,9,18,9,4457.27,5214.11,20706.44,11415.58,1.0,9,18,0.005401,0.00012462,1,498,0
ACC04303,88653.62,847418.06,18,25,18,18,4925.2,33896.72,15009.49,98793.0,1.3438,18,18,0.007201,0.00031778,1,920,1
ACC04304,114577.73,153619.1,14,27,14,27,8184.12,5689.6,39433.78,27030.17,1.0513,27,14,0.008202,0.00024902,1,675,0
ACC04305,44013.48,53231.91,13,17,13,17,3385.65,3131.29,8551.63,7343.11,1.0714,17,13,0.006001,0.00013614,1,664,0
ACC04306,56835.52,66905.23,13,16,13,16,4371.96,4181.58,13561.5,11427.28,1.0357,16,13,0.005801,0.00014326,1,498,0
ACC04307,21794.5,147576.34,11,18,11,18,1981.32,8198.69,11020.1,37441.11,1.0357,18,11,0.005801,0.00026175,0,498,0
ACC04308,62482.69,65430.93,8,17,7,17,7810.34,3848.88,14269.43,13818.45,1.0,17,7,0.004801,0.00014655,1,990,0
ACC04309,110528.28,50456.15,16,15,16,15,6908.02,3363.74,34177.89,10029.31,1.0,15,16,0.006201,0.00013025,0,255,0
ACC04310,40628.56,81508.97,18,14,18,14,2257.14,5822.07,6213.17,17007.06,1.0323,14,18,0.006401,0.00013506,0,498,0
ACC04311,56986.87,51572.47,16,14,16,14,3561.68,3683.75,9283.07,17796.92,1.0345,14,16,0.006001,0.00012864,0,675,0
ACC04312,85895.68,47753.27,15,15,15,15,5726.38,3183.55,16503.05,8161.29,1.0345,15,15,0.006001,0.00016933,1,664,0
ACC04313,132587.92,38062.46,18,11,18,11,7366.0,3460.22,20605.07,11632.27,1.1154,11,18,0.005801,9.52e-05,0,500,0
ACC04314,100917.34,41862.33,21,10,21,10,4805.59,4186.23,16220.69,13621.14,1.069,10,21,0.006201,0.00012392,1,920,0
ACC04315,31675.99,105541.16,13,17,13,17,2436.61,6208.3,8439.88,18890.15,1.0714,17,13,0.006001,0.0002256,0,498,0
ACC04316,113328.0,87327.19,11,18,11,18,10302.55,4851.51,55082.0,11796.96,1.0,18,11,0.005801,0.0002112,0,500,1
ACC04317,113806.91,85735.78,11,13,11,13,10346.08,6595.06,80344.0,31873.43,1.0,13,11,0.004801,0.00019465,0,675,1
ACC04318,166087.82,83691.09,19,11,19,11,8741.46,7608.28,44837.24,26740.3,1.0,11,19,0.006001,0.00016007,0,990,0
ACC04319,80450.53,29114.95,17,10,17,10,4732.38,2911.5,15971.7,4853.91,1.0385,10,17,0.005401,7.81e-05,0,990,0
ACC04320,67817.21,58076.01,17,20,17,20,3989.25,2903.8,13148.47,8668.44,1.0278,20,17,0.007401,0.00015256,1,990,0
ACC04321,56208.79,64176.42,11,20,11,20,5109.89,3208.82,16316.91,7021.58,1.0333,20,11,0.006201,0.00011511,0,990,0
ACC04322,72186.14,36159.0,16,13,16,13,4511.63,2781.46,16600.6,9520.84,1.0,13,16,0.005801,0.00010137,0,664,0
ACC04323,31069.3,67533.4,7,15,7,15,4438.47,4502.23,10892.66,15190.49,1.0,15,7,0.004401,0.00015688,0,990,0
ACC04324,35638.92,105327.14,12,16,12,16,2969.91,6582.95,10780.42,33451.14,1.0,16,12,0.005601,0.00023937,1,990,0
ACC04325,409843.05,402208.63,9,25,9,25,45538.12,16088.35,332970.25,83234.0,1.3077,25,9,0.006801,0.00058904,1,675,1
ACC04326,42227.81,115832.97,15,19,15,19,2815.19,6096.47,10919.82,31792.09,1.0625,19,15,0.006801,0.00022886,1,500,0
ACC04327,54224.52,115460.4,13,20,13,20,4171.12,5773.02,34841.0,19033.67,1.0312,20,13,0.006601,0.00022181,0,498,1
ACC04328,114575.07,26193.67,16,10,16,10,7160.94,2619.37,28194.24,9439.5,1.04,10,16,0.005201,5.782e-05,1,990,0
ACC04329,35577.23,41081.41,9,13,9,13,3953.03,3160.11,10870.61,8159.98,1.1,13,9,0.004401,0.0001076,0,920,0
ACC04330,75733.27,67030.57,22,10,21,10,3442.42,6703.06,9255.07,25215.12,1.1034,10,21,0.006201,0.00018375,0,255,0
ACC04331,101812.71,120256.12,20,24,20,24,5090.64,5010.67,24182.59,19743.11,1.0233,24,20,0.008802,0.00025326,1,498,0
ACC04332,86746.55,140531.51,12,27,12,27,7228.88,5204.87,26815.98,20034.15,1.0541,27,12,0.007802,0.0002788,0,255,0
ACC04333,50495.48,98381.9,11,17,11,17,4590.5,5787.17,14788.5,25937.0,1.0769,17,11,0.005601,0.00014642,0,675,1
ACC04334,126765.87,38381.81,12,13,12,13,10563.82,2952.45,36721.0,7467.51,1.0417,13,12,0.005001,0.00012802,1,664,1
ACC04335,48698.94,90858.54,11,17,11,17,4427.18,5344.62,12520.06,28110.54,1.0,17,11,0.005601,0.00015338,0,675,0
ACC04336,77544.07,87940.35,20,18,20,18,3877.2,4885.58,14756.97,11792.03,1.027,18,20,0.007602,0.00018595,1,498,0
ACC04337,49485.73,72697.14,18,18,18,18,2749.21,4038.73,7378.21,13101.43,1.0,18,18,0.007201,0.00015296,0,498,0
ACC04338,49232.01,60601.52,11,14,11,14,4475.64,4328.68,12525.33,16620.03,1.0,14,11,0.005001,0.00013372,1,990,0
ACC04339,86131.22,103844.57,15,18,15,18,5742.08,5769.14,28630.0,17512.0,1.1,18,15,0.006601,0.00020838,0,990,1
ACC04340,117542.11,141679.61,18,18,18,18,6530.12,7871.09,68032.58,69421.0,1.0286,18,18,0.007201,0.00025005,1,500,1
ACC04341,81520.87,103254.36,16,21,16,21,5095.05,4916.87,20777.44,25792.4,1.0278,21,16,0.007401,0.00022754,1,664,0
ACC04342,116668.94,98465.66,18,13,18,13,6481.61,7574.28,40814.4,41664.7,1.0333,13,18,0.006201,0.00016832,1,664,1
ACC04343,115954.69,67838.85,15,16,15,16,7730.31,4239.93,39351.6,15052.72,1.069,16,15,0.006201,0.0001398,1,990,0
ACC04344,59191.89,47660.97,9,14,9,14,6576.88,3404.36,20793.17,9634.69,1.0952,14,9,0.004601,0.00010577,1,675,0
ACC04345,41590.68,147194.67,13,13,13,13,3199.28,11322.67,9156.6,62037.44,1.0,13,13,0.005201,0.00024552,1,990,0
ACC04346,1037484.69,61336.49,30,14,21,13,34582.82,4381.18,98461.0,15752.09,1.3333,13,21,0.006801,0.00013573,1,498,1
ACC04347,32377.03,131600.15,9,20,9,20,3597.45,6580.01,5833.31,59446.0,1.0,20,9,0.005801,0.00023683,0,500,1
ACC04348,156778.1,110107.48,25,24,25,24,6271.12,4587.81,75022.0,23040.21,1.1136,24,25,0.009802,0.00019821,1,990,1
ACC04349,228969.51,61118.67,24,13,24,13,9540.4,4701.44,85604.0,14579.92,1.1212,13,24,0.007401,0.00020017,1,664,1
ACC04350,43391.12,158218.51,9,18,9,18,4821.24,8789.92,7561.97,71262.0,1.0,18,9,0.005401,0.00021677,1,675,1
ACC04351,219325.92,27698.91,20,13,20,13,10966.3,2130.69,70844.31,5837.12,1.0,13,20,0.006601,8.262e-05,0,920,0
ACC04352,71620.05,171206.06,12,27,12,27,5968.34,6340.97,12371.29,32358.92,1.0,27,12,0.007802,0.00035856,1,498,0
ACC04353,66157.83,132513.08,13,17,13,17,5089.06,7794.89,22139.29,60427.92,1.0714,17,13,0.006001,0.00021957,1,990,0
ACC04354,89276.51,93184.65,18,13,18,13,4959.81,7168.05,21292.0,40534.7,1.069,13,18,0.006201,0.00026711,1,675,1
ACC04355,57313.9,152099.9,10,19,10,19,5731.39,8005.26,23817.27,54320.14,1.0357,19,10,0.005801,0.00024994,1,498,0
ACC04356,22411.0,110935.09,7,21,7,21,3201.57,5282.62,9173.85,41684.38,1.0,21,7,0.005601,0.00026312,1,675,0
ACC04357,62873.47,60739.78,11,11,11,11,5715.77,5521.8,31221.93,20504.48,1.0,11,11,0.004401,0.0001315,0,500,0
ACC04358,71058.52,61847.21,16,17,16,17,4441.16,3638.07,13307.76,13290.97,1.0645,17,16,0.006601,0.00016004,0,500,0
ACC04359,53282.01,135413.54,10,27,10,27,5328.2,5015.32,12512.02,26851.38,1.0278,27,10,0.007401,0.00025419,1,990,0
ACC04360,35134.62,61496.27,12,8,12,8,2927.88,7687.03,10459.08,26646.6,1.0,8,12,0.004001,0.00012383,0,675,0
ACC04361,65206.17,63957.9,9,12,9,12,7245.13,5329.82,37454.22,19292.31,1.05,12,9,0.004201,0.00014768,1,664,0
ACC04362,749188.97,728146.13,17,23,17,23,44069.94,31658.53,633100.9,88618.0,1.5385,23,17,0.008002,0.00107191,1,675,1
ACC04363,1222158.47,59071.77,26,16,15,16,47006.1,3691.99,98761.0,11670.06,1.3548,16,15,0.006201,0.00011787,1,990,1
ACC04364,87216.12,75460.09,20,18,20,18,4360.81,4192.23,17007.06,15382.44,1.1515,18,20,0.007602,0.00015423,1,498,0
ACC04365,57416.55,123327.98,16,14,16,14,3588.53,8809.14,10246.54,54174.0,1.1111,14,16,0.006001,0.00027358,1,675,1
ACC04366,65342.26,78020.46,17,14,17,14,3843.66,5572.89,12713.92,19642.06,1.0333,14,17,0.006201,0.00021148,0,920,0
ACC04367,97950.0,57172.36,19,13,19,13,5155.26,4397.87,33761.2,21123.29,1.0323,13,19,0.006401,0.00010342,0,990,0
ACC04368,89196.85,92464.97,15,15,15,15,5946.46,6164.33,32697.0,28804.99,1.0,15,15,0.006001,0.0001538,1,990,1
ACC04369,52591.47,79454.89,16,19,16,19,3286.97,4181.84,9234.25,17909.77,1.0938,19,16,0.007001,0.00018489,1,255,0
ACC04370,46387.63,35471.97,16,16,16,16,2899.23,2217.0,5390.09,5974.57,1.1034,16,16,0.006401,8.601e-05,0,255,0
ACC04371,160920.94,41043.13,17,13,17,13,9465.94,3157.16,54608.0,8628.74,1.0714,13,17,0.006001,0.00012318,1,675,1
ACC04372,63507.27,68778.36,14,17,14,17,4536.23,4045.79,12925.34,10372.28,1.0,17,14,0.006201,0.00013158,1,664,0
ACC04373,108431.75,176907.97,17,18,17,18,6378.34,9828.22,31436.0,58076.1,1.0938,18,17,0.007001,0.00030435,1,675,1
ACC04374,109713.94,103108.78,19,17,19,17,5774.42,6065.22,40208.52,23203.99,1.0,17,19,0.007201,0.00015841,1,500,0
ACC04375,37728.57,69298.52,12,16,12,16,3144.05,4331.16,7399.13,11757.79,1.037,16,12,0.005601,0.00012327,1,990,0
ACC04376,188694.55,126192.12,24,17,23,17,7862.27,7423.07,78845.0,49856.67,1.0513,17,23,0.008002,0.00032117,1,664,1
ACC04377,107779.76,135716.67,24,15,24,15,4490.82,9047.78,40642.56,41489.28,1.0541,15,24,0.007802,0.00037774,1,498,1
ACC04378,85233.33,87361.19,17,17,17,17,5013.73,5138.89,26672.0,14594.73,1.0968,17,17,0.006801,0.00022634,1,990,1
ACC04379,137424.87,95097.08,18,18,18,18,7634.72,5283.17,58138.0,21644.64,1.0,18,18,0.007201,0.00019788,1,675,1
ACC04380,164549.22,46907.73,16,10,16,10,10284.33,4690.77,90493.0,11031.94,1.0,10,16,0.005201,0.00011524,0,920,1
ACC04381,1035205.14,25447.05,25,5,16,5,41408.21,5089.41,97472.0,8206.55,1.4286,5,16,0.004201,7.715e-05,0,990,1
ACC04382,76018.11,83370.48,18,17,18,17,4223.23,4904.15,17187.21,19360.02,1.0,17,18,0.007001,0.00020369,1,664,0
ACC04383,58582.3,892329.3,15,23,15,15,3905.49,38796.93,11415.33,98711.0,1.3571,15,15,0.006001,0.00025056,1,920,1
ACC04384,83358.66,108470.71,16,19,16,19,5209.92,5708.98,16199.65,23276.34,1.0294,19,16,0.007001,0.00022288,1,990,0
ACC04385,216438.69,153075.95,21,20,21,20,10306.6,7653.8,87312.0,73276.56,1.025,20,21,0.008202,0.00027693,1,498,1
ACC04386,46750.89,107558.82,10,16,10,16,4675.09,6722.43,15143.56,34319.63,1.04,16,10,0.005201,0.00018975,0,990,0
ACC04387,76241.34,49385.31,11,12,11,12,6931.03,4115.44,47777.57,8456.14,1.0,12,11,0.004601,0.00019517,0,920,0
ACC04388,108272.1,55193.51,15,13,15,13,7218.14,4245.65,48692.0,9215.54,1.12,13,15,0.005601,0.00015623,0,990,1
ACC04389,100281.82,41173.05,17,9,17,9,5898.93,4574.78,16560.65,13443.47,1.0,9,17,0.005201,0.00011672,1,255,0
ACC04390,103396.47,52416.53,15,17,15,16,6893.1,3083.33,22080.0,11410.09,1.0,16,15,0.006201,0.0002442,1,498,0
ACC04391,78357.98,54806.56,18,12,18,12,4353.22,4567.21,13647.56,13587.01,1.0345,12,18,0.006001,0.00017485,0,664,0
ACC04392,66581.84,73272.21,23,16,23,16,2894.86,4579.51,6736.69,28896.36,1.0541,16,23,0.007802,0.00018085,1,675,0
ACC04393,528044.8,39225.97,27,11,27,11,19557.21,3566.0,78421.0,10696.43,1.2667,11,27,0.007602,9.898e-05,1,675,1
ACC04394,129494.75,85303.75,22,12,22,12,5886.12,7108.65,37825.0,36312.0,1.0303,12,22,0.006801,0.00017449,1,675,1
ACC04395,87979.68,86916.47,19,15,19,15,4630.51,5794.43,23102.9,32350.14,1.0,15,19,0.006801,0.00019245,1,498,0
ACC04396,127150.34,87053.13,18,17,18,17,7063.91,5120.77,26740.25,17209.12,1.0294,17,18,0.007001,0.00015879,1,920,0
ACC04397,49746.2,83413.55,18,15,18,15,2763.68,5560.9,11042.63,25698.81,1.1,15,18,0.006601,0.00019451,1,920,0
ACC04398,16430.86,26497.84,6,10,6,10,2738.48,2649.78,4620.0,8515.87,1.0,10,6,0.003201,7.227e-05,0,990,0
ACC04399,154436.87,132042.96,10,11,10,11,15443.69,12003.91,75321.82,76859.0,1.05,11,10,0.004201,0.00022498,1,990,1
ACC04400,68860.07,29629.79,17,12,17,12,4050.59,2469.15,9964.06,7721.71,1.0741,12,17,0.005801,7.031e-05,1,675,0
ACC04401,141605.94,131382.2,16,16,16,16,8850.37,8211.39,40280.0,49350.34,1.0323,16,16,0.006401,0.00039637,0,920,1
ACC04402,67226.84,97128.73,14,17,14,17,4801.92,5713.45,16025.44,20766.81,1.069,17,14,0.006201,0.00026613,0,675,0
ACC04403,666340.95,90278.09,28,22,28,22,23797.89,4103.55,79328.0,15776.68,1.3889,22,28,0.010002,0.00020381,1,498,1
ACC04404,110758.63,27873.84,22,9,22,9,5034.48,3097.09,21806.09,6722.94,1.0333,9,22,0.006201,0.00011581,0,920,0
ACC04405,71537.35,75991.11,19,12,19,12,3765.12,6332.59,25659.24,49765.05,1.1071,12,19,0.006201,0.00014598,0,255,0
ACC04406,105578.26,978574.86,18,21,18,12,5865.46,46598.8,18725.53,97472.0,1.3929,12,18,0.006001,0.00018942,1,920,1
ACC04407,81969.9,82872.12,20,15,20,15,4098.49,5524.81,10911.58,25620.91,1.0294,15,20,0.007001,0.00021849,1,675,0
ACC04408,61028.16,72499.41,15,16,15,16,4068.54,4531.21,15016.35,27805.01,1.069,16,15,0.006201,0.0001477,0,498,0
ACC04409,79135.8,47160.89,12,13,12,13,6594.65,3627.76,21597.58,9194.8,1.0417,13,12,0.005001,9.135e-05,1,664,0
ACC04410,143166.24,144351.87,12,15,12,15,11930.52,9623.46,61990.88,63256.0,1.125,15,12,0.005401,0.00026494,1,498,1
ACC04411,65048.19,69700.26,17,13,17,13,3826.36,5361.56,22061.2,18912.35,1.0,13,17,0.006001,0.00016684,1,498,0
ACC04412,92936.17,77899.58,15,18,15,18,6195.74,4327.75,20105.0,20116.65,1.0645,18,15,0.006601,0.00022322,0,500,0
ACC04413,74106.8,51251.61,17,14,17,14,4359.22,3660.83,15428.92,10072.34,1.0333,14,17,0.006201,0.00011558,1,675,0
ACC04414,170083.57,120031.69,16,21,16,21,10630.22,5715.79,48748.0,30312.93,1.0882,21,16,0.007401,0.00025088,1,675,1
ACC04415,69748.87,119914.02,13,15,13,15,5365.3,7994.27,27197.48,37623.53,1.0,15,13,0.005601,0.00020594,1,675,0
ACC04416,79852.65,90501.58,22,12,22,12,3629.67,7541.8,8402.68,31081.0,1.0968,12,22,0.006801,0.00016664,1,498,1
ACC04417,73829.95,109591.56,16,17,16,17,4614.37,6446.56,9797.22,17546.04,1.0312,17,16,0.006601,0.00018497,0,675,0
ACC04418,35934.69,134473.07,8,13,8,13,4491.84,10344.08,13905.88,72719.0,1.0,13,8,0.004201,0.00021921,0,498,1
ACC04419,61521.31,44347.86,13,16,13,16,4732.41,2771.74,18086.86,7329.03,1.0357,16,13,0.005801,0.00010024,0,255,0
ACC04420,78797.3,85840.73,19,12,19,12,4147.23,7153.39,13727.89,47283.37,1.0333,12,19,0.006201,0.00021401,0,498,0
ACC04421,54092.11,103292.38,16,18,16,18,3380.76,5738.47,12717.19,52491.32,1.0625,18,16,0.006801,0.00020557,1,498,0
ACC04422,107422.65,64009.79,22,15,22,15,4882.85,4267.32,17757.42,11256.05,1.0571,15,22,0.007401,0.00017162,1,675,0
ACC04423,60889.92,91302.52,17,18,16,17,3581.76,5072.36,9565.2,30675.22,1.0294,17,16,0.006601,0.00017085,1,920,0
ACC04424,52762.65,108119.11,16,18,16,18,3297.67,6006.62,16235.16,16680.56,1.0303,18,16,0.006801,0.00024025,1,920,0
ACC04425,53948.48,30232.36,13,12,13,12,4149.88,2519.36,17056.99,5641.65,1.087,12,13,0.005001,0.00010059,1,990,0
ACC04426,62738.63,121018.53,17,15,17,15,3690.51,8067.9,17973.71,59827.0,1.1034,15,17,0.006401,0.00020341,0,675,1
ACC04427,89075.64,378206.65,18,27,18,27,4948.65,14007.65,17189.67,77320.0,1.0976,27,18,0.009002,0.00051429,1,920,1
ACC04428,89336.93,75506.34,15,17,15,17,5955.8,4441.55,18409.34,16328.92,1.0323,17,15,0.006401,0.00014861,0,990,0
ACC04429,151989.67,110989.17,18,13,18,13,8443.87,8537.63,40181.49,18949.17,1.0333,13,18,0.006201,0.00022917,0,498,0
ACC04430,46154.54,100309.73,13,10,13,10,3550.35,10030.97,13858.52,31593.0,1.0,10,13,0.004601,0.00019612,0,255,1
ACC04431,108560.53,89739.25,16,20,16,20,6785.03,4486.96,25502.65,11357.4,1.0588,20,16,0.007201,0.00021048,1,498,0
ACC04432,86750.78,192520.93,15,28,15,27,5783.39,6875.75,32031.22,34603.59,1.0488,27,15,0.008402,0.00031452,1,255,0
ACC04433,45451.89,65506.19,11,13,11,13,4131.99,5038.94,9447.48,15936.91,1.0909,13,11,0.004801,0.00013887,0,920,0
ACC04434,71983.01,59313.2,15,18,15,18,4798.87,3295.18,15500.67,10831.64,1.0645,18,15,0.006601,0.00021456,1,664,0
ACC04435,76744.81,115578.33,16,13,16,13,4796.55,8890.64,18746.35,54384.0,1.0741,13,16,0.005801,0.00011805,0,990,1
ACC04436,151834.4,979337.16,15,27,15,19,10122.29,36271.75,59974.13,97966.0,1.4,19,15,0.006801,0.0002581,1,498,1
ACC04437,43999.07,20376.5,12,7,12,7,3666.59,2910.93,15660.07,6541.96,1.0,7,12,0.003801,7.069e-05,0,664,0
ACC04438,118231.33,52109.74,19,14,19,14,6222.7,3722.12,26550.42,10631.14,1.0,14,19,0.006601,0.00013006,0,498,0
ACC04439,122350.29,75777.5,21,18,21,18,5826.2,4209.86,24682.02,11829.51,1.0541,18,21,0.007802,0.00014841,1,920,0
ACC04440,66585.44,76645.29,17,14,17,14,3916.79,5474.66,6875.31,25975.07,1.0,14,17,0.006201,0.00017811,0,990,0
ACC04441,97646.49,47861.5,14,12,14,12,6974.75,3988.46,16718.62,8777.73,1.04,12,14,0.005201,0.00013344,0,920,0
ACC04442,70660.02,54289.24,14,17,14,17,5047.14,3193.48,12526.12,9359.78,1.1071,17,14,0.006201,0.00022209,1,675,0
ACC04443,47603.82,40196.92,16,13,16,13,2975.24,3092.07,13065.25,10644.82,1.0357,13,16,0.005801,8.635e-05,1,498,0
ACC04444,148107.14,57239.75,18,10,18,10,8228.17,5723.98,33005.0,23797.15,1.0769,10,18,0.005601,0.00012749,0,990,1
ACC04445,39979.24,18035.28,10,5,10,5,3997.92,3607.06,11463.07,12992.47,1.0,5,10,0.003001,5.072e-05,0,675,0
ACC04446,136315.63,67791.51,15,12,14,12,9087.71,5649.29,21666.21,19055.64,1.08,12,14,0.005201,0.00011947,1,920,0
ACC04447,129071.87,162933.63,12,17,12,17,10755.99,9584.33,81200.64,82892.32,1.0357,17,12,0.005801,0.00033795,1,675,1
ACC04448,55639.12,53037.25,13,14,13,14,4279.93,3788.38,13660.48,21589.2,1.0,14,13,0.005401,9.47e-05,0,990,0
ACC04449,55612.73,67893.42,9,15,9,15,6179.19,4526.23,22002.4,21862.22,1.0435,15,9,0.004801,0.00019315,0,498,0
ACC04450,24406.28,43767.37,11,10,11,10,2218.75,4376.74,7053.53,10708.01,1.0,10,11,0.004201,8.548e-05,1,498,0
ACC04451,38596.24,61010.86,7,14,7,13,5513.75,4357.92,22410.82,9239.45,1.05,13,7,0.004001,0.00015112,0,920,0
ACC04452,56781.37,66689.39,15,18,15,18,3785.42,3704.97,10913.7,13325.46,1.0312,18,15,0.006601,0.00015326,1,498,0
ACC04453,497764.21,494582.03,19,24,19,24,26198.12,20607.58,418869.25,70512.0,1.2286,24,19,0.008602,0.0005814,1,920,1
ACC04454,130773.4,74853.53,12,13,12,13,10897.78,5757.96,49401.0,23829.96,1.0,13,12,0.005001,0.00017349,0,255,1
ACC04455,51110.36,44842.98,11,14,11,14,4646.4,3203.07,9801.04,9915.29,1.0,14,11,0.005001,9.547e-05,0,990,0
ACC04456,31412.94,55953.0,9,9,9,9,3490.33,6217.0,9104.11,16206.01,1.0588,9,9,0.003601,0.00014429,1,664,0
ACC04457,100809.45,97587.79,18,18,18,18,5600.52,5421.54,25630.57,36838.73,1.0588,18,18,0.007201,0.00018536,1,500,0
ACC04458,94078.22,142355.39,17,18,17,18,5534.01,7908.63,28978.96,33482.49,1.0,18,17,0.007001,0.0002394,0,500,0
ACC04459,40732.06,80300.41,10,15,10,15,4073.21,5353.36,16162.56,15143.56,1.0417,15,10,0.005001,0.00028778,0,990,0
ACC04460,185670.77,31073.14,19,10,19,10,9772.15,3107.31,86924.0,13338.11,1.0741,10,19,0.005801,7.325e-05,1,920,1
ACC04461,70889.75,92622.8,24,18,24,18,2953.74,5145.71,8005.98,14271.96,1.0244,18,24,0.008402,0.00023476,1,920,0
ACC04462,146909.08,136148.72,14,26,14,26,10493.51,5236.49,70429.0,24675.0,1.0256,26,14,0.008002,0.00023636,0,990,1
ACC04463,180783.79,111776.78,18,25,18,25,10043.54,4471.07,81548.0,19229.47,1.1026,25,18,0.008602,0.00027564,1,664,1
ACC04464,49049.69,41819.43,12,9,12,9,4087.47,4646.6,9232.24,11444.69,1.05,9,12,0.004201,0.00011271,0,990,0
ACC04465,46457.86,71067.43,14,11,14,11,3318.42,6460.68,11201.04,21462.85,1.0,11,14,0.005001,0.00013415,0,990,0
ACC04466,61159.4,59788.08,9,15,9,15,6795.49,3985.87,24711.03,9700.59,1.0,15,9,0.004801,0.00011742,1,498,0
ACC04467,102369.51,83937.4,23,17,23,16,4450.85,4937.49,22562.14,16305.64,1.0526,16,23,0.007802,0.00017236,1,664,0
ACC04468,68057.96,68002.78,10,14,10,14,6805.8,4857.34,36357.97,21485.99,1.0435,14,10,0.004801,0.00013944,0,498,0
ACC04469,78412.22,92856.8,19,21,19,21,4126.96,4421.75,23720.21,15121.06,1.0256,21,19,0.008002,0.00022386,1,500,0
ACC04470,103167.79,129285.48,14,14,14,14,7369.13,9234.68,59998.54,61223.0,1.037,14,14,0.005601,0.00027854,1,255,1
ACC04471,90351.17,24039.93,11,7,11,7,8213.74,3434.28,33820.63,11478.42,1.0588,7,11,0.003601,7.959e-05,1,664,0
ACC04472,112049.48,49531.61,17,19,17,19,6591.15,2606.93,27818.85,9936.39,1.0588,19,17,0.007201,0.0001212,0,498,0
ACC04473,68666.67,106971.75,13,14,13,14,5282.05,7640.84,23319.1,66659.0,1.0,14,13,0.005401,0.00011211,1,498,1
ACC04474,117897.84,116911.02,21,18,21,18,5614.18,6495.06,25467.26,40461.11,1.0541,18,21,0.007802,0.00022664,1,920,0
ACC04475,63993.89,59078.98,18,17,18,17,3555.22,3475.23,8022.95,12100.24,1.0938,17,18,0.007001,0.00012945,1,675,0
ACC04476,77248.96,117921.04,13,16,13,16,5942.23,7370.07,42978.0,41258.88,1.1154,16,13,0.005801,0.00039113,1,920,1
ACC04477,48030.41,95458.9,14,17,14,17,3430.74,5615.23,7909.55,14334.03,1.1071,17,14,0.006201,0.00032063,1,255,0
ACC04478,61070.57,32018.49,11,13,11,13,5551.87,2462.96,16378.54,6120.25,1.0435,13,11,0.004801,9.933e-05,0,675,0
ACC04479,64456.16,91051.11,12,15,12,15,5371.35,6070.07,26160.17,27636.88,1.0,15,12,0.005401,0.00016747,1,990,0
ACC04480,49427.49,61392.23,11,14,11,14,4493.41,4385.16,20222.06,15880.83,1.0,14,11,0.005001,0.00017677,0,664,0
ACC04481,92461.31,32409.03,21,12,21,12,4402.92,2700.75,19771.3,5586.33,1.0,12,21,0.006601,9.154e-05,1,675,0
ACC04482,44397.11,59145.79,12,14,12,13,3699.76,4224.7,7352.34,13368.56,1.0833,13,12,0.005001,0.00012367,1,498,0
ACC04483,97859.95,65162.46,13,16,13,16,7527.69,4072.65,39260.76,13683.5,1.0357,16,13,0.005801,0.00013926,1,920,0
ACC04484,51714.68,46867.79,13,11,13,11,3978.05,4260.71,10433.42,13918.11,1.0,11,13,0.004801,9.679e-05,1,255,0
ACC04485,94158.46,73463.58,17,9,17,9,5538.73,8162.62,18425.7,27409.55,1.0,9,17,0.005201,0.00011677,0,500,0
ACC04486,134032.78,119577.41,17,18,17,18,7884.28,6643.19,28263.51,22241.95,1.129,18,17,0.007001,0.0002576,1,675,0
ACC04487,108456.15,50167.22,15,11,15,11,7230.41,4560.66,61062.5,17535.4,1.0,11,15,0.005201,0.0001126,0,990,0
ACC04488,62065.41,56763.68,12,18,12,18,5172.12,3153.54,15208.99,12246.23,1.0714,18,12,0.006001,0.000153,0,664,0
ACC04489,62226.65,55992.64,10,14,10,14,6222.66,3999.47,20817.66,10585.85,1.0,14,10,0.004801,0.00012227,0,498,0
ACC04490,187358.79,151899.63,11,23,11,23,17032.62,6604.33,83234.0,61158.86,1.0968,23,11,0.006801,0.00030902,1,675,1
ACC04491,185828.58,112118.19,21,16,21,16,8848.98,7007.39,42232.32,43112.16,1.0571,16,21,0.007401,0.00016725,1,664,1
ACC04492,39893.92,74058.85,10,18,9,18,3989.39,4114.38,10431.4,14226.89,1.12,18,9,0.005401,0.00014553,0,920,0
ACC04493,242362.54,130787.28,24,17,24,17,10098.44,7693.37,69628.0,73535.0,1.0789,17,24,0.008202,0.00015457,1,990,1
ACC04494,112721.82,31899.02,18,15,18,15,6262.32,2126.6,18512.85,6917.82,1.0645,15,18,0.006601,8.677e-05,1,920,0
ACC04495,81132.68,123167.02,19,23,19,23,4270.14,5355.09,40534.7,27390.72,1.05,23,19,0.008402,0.00031681,1,675,0
ACC04496,46939.87,43999.28,11,10,11,10,4267.26,4399.93,12081.35,10044.02,1.0,10,11,0.004201,0.00012558,0,498,0
ACC04497,142681.16,63369.67,9,13,9,13,15853.46,4874.59,83068.0,18946.27,1.0,13,9,0.004401,0.00012569,0,920,1
ACC04498,43642.03,33593.37,11,9,11,9,3967.46,3732.6,14599.83,12143.61,1.0,9,11,0.004001,0.00010482,1,498,0
ACC04499,97460.32,83316.94,13,11,13,11,7496.95,7574.27,35175.81,21891.84,1.0,11,13,0.004801,0.00018661,0,664,0
ACC04500,44618.86,73849.44,11,16,11,16,4056.26,4615.59,7821.5,11578.56,1.0385,16,11,0.005401,0.00015182,0,500,0
ACC04501,571834.88,657937.33,17,34,17,34,33637.35,19351.1,527200.6,82118.0,1.4571,34,17,0.010202,0.0008756,1,675,1
ACC04502,22778.99,117367.48,8,13,8,13,2847.37,9028.27,8972.48,40322.1,1.0,13,8,0.004201,0.00025432,0,675,0
ACC04503,84658.87,72772.83,18,17,18,17,4703.27,4280.75,19105.39,23055.38,1.0938,17,18,0.007001,0.00011352,0,990,0
ACC04504,113934.26,48541.98,17,12,17,12,6702.02,4045.16,37441.11,15032.46,1.0357,12,17,0.005801,0.00018735,1,498,0
ACC04505,74482.2,59462.32,11,13,11,13,6771.11,4574.02,16088.66,16040.88,1.0435,13,11,0.004801,0.00017069,1,675,0
ACC04506,110720.44,64383.48,11,15,11,15,10065.49,4292.23,48543.37,16177.06,1.0,15,11,0.005201,0.00014857,1,675,0
ACC04507,134940.48,83594.12,16,23,16,23,8433.78,3634.53,64845.0,11538.39,1.0263,23,16,0.007802,0.00021246,1,990,1
ACC04508,84448.45,82842.54,13,15,13,15,6496.03,5522.84,13479.41,26647.63,1.037,15,13,0.005601,0.0001517,0,255,0
ACC04509,32477.87,70859.6,14,13,14,13,2319.85,5450.74,8578.75,27363.85,1.0385,13,14,0.005401,0.00016512,0,498,0
ACC04510,34650.49,141910.8,16,17,16,17,2165.66,8347.69,4870.25,54340.97,1.1,17,16,0.006601,0.00021532,0,990,0
ACC04511,35392.26,103550.65,14,21,14,21,2528.02,4930.98,6739.59,17717.27,1.0,21,14,0.007001,0.00017831,0,920,0
ACC04512,64899.83,142287.04,15,21,15,21,4326.66,6775.57,12643.77,40354.0,1.0588,21,15,0.007201,0.0002099,1,675,1
ACC04513,188367.52,130495.97,18,19,18,19,10464.86,6868.21,85006.0,27505.26,1.0882,19,18,0.007401,0.00026802,0,990,1
ACC04514,117281.76,77686.06,22,16,22,16,5330.99,4855.38,17662.02,20665.0,1.0556,16,22,0.007602,0.00013531,0,664,1
ACC04515,81353.81,109107.79,21,18,21,18,3873.99,6061.54,13347.91,24273.18,1.0541,18,21,0.007802,0.00021768,1,664,0
ACC04516,56948.0,69414.58,17,18,17,18,3349.88,3856.37,15551.53,11586.55,1.0938,18,17,0.007001,0.00012117,1,500,0
ACC04517,681327.88,53588.69,24,11,24,11,28388.66,4871.7,75212.0,15691.76,1.4583,11,24,0.007001,0.00014444,1,920,1
ACC04518,781808.12,730842.87,20,30,20,30,39090.41,24361.43,657377.2,89133.0,1.4706,30,20,0.010002,0.0009544,1,920,1
ACC04519,172846.06,60266.71,20,16,20,16,8642.3,3766.67,82328.0,12303.82,1.0,16,20,0.007201,0.00017817,1,675,1
ACC04520,69365.44,45454.83,15,14,15,14,4624.36,3246.77,20102.03,12734.16,1.0357,14,15,0.005801,0.00016777,0,920,0
ACC04521,55474.74,47455.26,18,16,18,16,3081.93,2965.95,8489.92,7776.15,1.0968,16,18,0.006801,0.0001013,1,500,0
ACC04522,72161.32,67745.2,13,14,13,14,5550.87,4838.94,22602.89,23638.22,1.0385,14,13,0.005401,0.00012438,1,498,0
ACC04523,158024.08,68245.19,13,13,13,13,12155.7,5249.63,55310.0,33074.91,1.04,13,13,0.005201,0.00014139,0,498,1
ACC04524,66176.33,638612.28,18,17,18,17,3676.46,37565.43,10551.49,579934.15,1.0294,17,18,0.007001,0.0007385,0,498,1
ACC04525,133379.42,78879.63,17,12,17,12,7845.85,6573.3,39610.0,38025.6,1.1154,12,17,0.005801,0.00013993,1,990,1
ACC04526,69581.09,72846.92,13,18,13,18,5352.39,4047.05,32093.51,14378.3,1.069,18,13,0.006201,0.00021025,1,990,0
ACC04527,76958.89,130408.68,16,19,16,19,4809.93,6863.61,20246.47,36404.0,1.0,19,16,0.007001,0.00022079,1,990,1
ACC04528,50916.09,56890.38,9,17,9,17,5657.34,3346.49,21206.61,13266.8,1.0,17,9,0.005201,0.0001264,1,920,0
ACC04529,138409.09,138472.23,26,19,26,19,5323.43,7288.01,37309.77,37761.31,1.0227,19,26,0.009002,0.0002796,0,664,1
ACC04530,234662.43,701967.03,20,22,20,17,11733.12,31907.59,79676.0,98627.0,1.1667,17,20,0.007401,0.00025225,0,990,1
ACC04531,101642.4,26850.74,16,6,16,6,6352.65,4475.12,23740.14,6520.0,1.0,6,16,0.004401,0.00011128,1,675,0
ACC04532,76428.58,52618.36,18,12,18,12,4246.03,4384.86,8968.22,18294.41,1.0345,12,18,0.006001,0.00011685,1,500,0
ACC04533,84480.54,54563.56,12,14,12,14,7040.05,3897.4,22834.84,10257.98,1.0,14,12,0.005201,0.00015043,0,920,0
ACC04534,41978.93,59816.33,9,13,9,13,4664.33,4601.26,11889.66,16074.9,1.1,13,9,0.004401,0.00015777,1,500,0
ACC04535,197132.71,60771.55,27,14,27,14,7301.21,4340.83,25484.48,10487.17,1.0789,14,27,0.008202,0.00021629,1,675,0
ACC04536,123304.17,120927.31,16,20,16,20,7706.51,6046.37,31386.19,31342.03,1.0,20,16,0.007201,0.00031811,1,498,0
ACC04537,88852.94,74747.91,14,13,14,13,6346.64,5749.84,21055.66,19454.98,1.08,13,14,0.005401,0.00016512,0,920,0
ACC04538,67391.08,42006.28,17,8,17,8,3964.18,5250.78,12008.75,13228.69,1.0417,8,17,0.005001,0.00014681,1,920,0
ACC04539,53220.97,82914.86,15,16,15,16,3548.06,5182.18,11006.27,21607.74,1.0,16,15,0.006201,0.00026847,1,920,0
ACC04540,116936.31,47615.43,18,13,18,13,6496.46,3662.73,27339.0,10795.36,1.0333,13,18,0.006201,0.00010487,0,675,1
ACC04541,114531.35,57012.57,26,13,26,13,4405.05,4385.58,16535.31,10369.21,1.0263,13,26,0.007802,0.00011398,1,500,0
ACC04542,76991.27,25446.3,13,12,13,12,5922.41,2120.53,25991.41,5487.59,1.0,12,13,0.005001,6.699e-05,1,255,0
ACC04543,145684.18,69524.05,19,9,19,9,7667.59,7724.89,37694.4,38479.7,1.037,9,19,0.005601,0.00014862,1,675,1
ACC04544,154264.72,761842.82,20,26,20,20,7713.24,29301.65,28153.36,98436.0,1.1795,20,20,0.008002,0.00038249,1,990,1
ACC04545,180252.12,71406.48,27,5,27,5,6676.0,14281.3,59518.34,60733.0,1.0323,5,27,0.006401,0.00027093,1,920,1
ACC04546,95004.38,150704.76,21,18,21,18,4524.02,8372.49,41455.93,48345.94,1.0833,18,21,0.007802,0.0002856,0,675,0
ACC04547,70091.49,151307.79,11,13,11,13,6371.95,11639.06,31599.04,72719.0,1.0,13,11,0.004801,0.00017303,0,920,1
ACC04548,67178.3,52113.46,11,12,11,12,6107.12,4342.79,25617.33,12832.6,1.0455,12,11,0.004601,0.00010692,0,920,0
ACC04549,65536.07,103686.6,16,14,16,14,4096.0,7406.19,16755.07,27956.28,1.0,14,16,0.006001,0.00015539,0,920,1
ACC04550,27843.87,57225.73,9,11,9,11,3093.76,5202.34,9763.75,18224.57,1.0526,11,9,0.004001,0.0001315,0,920,0
ACC04551,76687.24,105234.94,11,20,11,20,6971.57,5261.75,35775.98,14626.38,1.0333,20,11,0.006201,0.00026871,0,990,0
ACC04552,93701.72,88887.76,16,14,16,14,5856.36,6349.13,24888.38,21539.07,1.0714,14,16,0.006001,0.00025392,0,498,0
ACC04553,97604.1,1149148.22,26,29,26,19,3754.0,39625.8,29845.35,96865.0,1.3095,19,26,0.009002,0.00032969,1,498,1
ACC04554,44368.7,71022.97,16,15,16,15,2773.04,4734.86,10428.35,19533.27,1.0333,15,16,0.006201,0.00019434,0,675,0
ACC04555,35512.75,88301.47,14,13,14,13,2536.62,6792.42,8392.16,22883.21,1.0385,13,14,0.005401,0.00015831,0,920,0
ACC04556,23751.07,104458.75,8,15,8,15,2968.88,6963.92,6878.87,29386.86,1.0952,15,8,0.004601,0.00020383,1,500,0
ACC04557,54173.88,157284.72,13,19,13,19,4167.22,8278.14,14445.21,44599.0,1.0323,19,13,0.006401,0.00026633,0,675,1
ACC04558,108842.81,51441.85,18,14,18,14,6046.82,3674.42,19001.59,15601.14,1.0,14,18,0.006401,0.00013232,1,664,0
ACC04559,183650.44,36088.06,20,10,20,10,9182.52,3608.81,79838.51,7799.18,1.0,10,20,0.006001,0.00012305,0,664,1
ACC04560,114369.86,27887.26,24,14,24,14,4765.41,1991.95,14334.03,7328.33,1.0857,14,24,0.007602,8.112e-05,1,920,0
ACC04561,95217.78,96347.62,13,12,13,12,7324.44,8028.97,31034.57,27603.97,1.0417,12,13,0.005001,0.00017713,0,990,0
ACC04562,130081.73,67721.57,8,19,8,19,16260.22,3564.29,42825.78,8492.27,1.0,19,8,0.005401,0.00014594,0,920,0
ACC04563,52162.93,68915.54,9,21,9,21,5795.88,3281.69,12732.03,8839.64,1.0714,21,9,0.006001,0.00020825,0,498,0
ACC04564,94244.32,108014.34,22,19,22,19,4283.83,5684.97,18576.16,20147.45,1.0513,19,22,0.008202,0.00027446,0,500,0
ACC04565,89209.19,67908.7,12,15,12,15,7434.1,4527.25,26641.21,12115.48,1.0385,15,12,0.005401,0.0001629,0,920,0
ACC04566,74573.95,63883.39,15,11,15,11,4971.6,5807.58,18306.06,21028.98,1.0,11,15,0.005201,0.00021723,0,500,0
ACC04567,59099.3,48540.85,15,14,15,14,3939.95,3467.2,9007.45,9752.19,1.0,14,15,0.005801,0.0001406,0,255,0
ACC04568,92935.52,82197.16,24,17,24,17,3872.31,4835.13,11189.85,15799.18,1.0789,17,24,0.008202,0.00021484,1,990,0
ACC04569,1165084.84,75041.99,23,16,12,16,50655.86,4690.12,97568.0,11459.47,1.4444,16,12,0.005601,0.0002029,1,255,1
ACC04570,163556.91,91519.13,12,20,12,20,13629.74,4575.96,42893.16,11061.61,1.2308,20,12,0.006401,0.00033194,1,500,0
ACC04571,51190.48,59245.4,11,18,11,18,4653.68,3291.41,24672.23,8275.44,1.0,18,11,0.005801,0.00010265,0,255,0
ACC04572,119116.68,730015.78,20,22,20,16,5955.83,33182.54,23748.17,98240.0,1.2727,16,20,0.007201,0.00032591,0,500,1
ACC04573,81564.08,99349.37,16,23,16,23,5097.76,4319.54,22033.33,19233.59,1.0541,23,16,0.007802,0.00023185,0,255,0
ACC04574,41340.35,64587.22,11,14,11,14,3758.21,4613.37,7452.67,26963.61,1.087,14,11,0.005001,0.00020188,0,498,0
ACC04575,35264.47,107670.98,8,14,8,14,4408.06,7690.78,11657.5,32454.41,1.0476,14,8,0.004401,0.00020626,1,498,0
ACC04576,130617.77,63404.22,19,15,19,15,6874.62,4226.95,60871.0,23874.0,1.0303,15,19,0.006801,0.00012654,1,675,1
ACC04577,24100.1,64398.87,10,18,10,18,2410.01,3577.72,10084.88,12726.52,1.0,18,10,0.005601,0.00023205,1,990,0
ACC04578,59873.16,126322.5,10,14,10,14,5987.32,9023.04,8816.22,53617.8,1.0,14,10,0.004801,0.00021946,0,498,0
ACC04579,41773.9,65134.1,12,15,12,15,3481.16,4342.27,10245.62,20492.84,1.0,15,12,0.005401,0.00013726,0,664,0
ACC04580,62934.16,68571.78,16,15,16,15,3933.38,4571.45,22439.22,16323.03,1.069,15,16,0.006201,0.00016042,0,990,0
ACC04581,49092.64,56349.07,15,15,15,15,3272.84,3756.6,9803.93,9244.13,1.0345,15,15,0.006001,9.98e-05,1,498,0
ACC04582,35966.29,494249.85,9,14,9,14,3996.25,35303.56,9849.59,452713.95,1.0455,14,9,0.004601,0.00077961,1,675,1
ACC04583,48035.59,124569.35,14,20,14,20,3431.11,6228.47,11260.88,46674.28,1.0,20,14,0.006801,0.00039132,1,498,0
ACC04584,90197.07,94715.21,23,13,23,13,3921.61,7285.79,8979.74,32094.33,1.0588,13,23,0.007201,0.00032109,1,675,0
ACC04585,70413.29,162854.06,18,16,18,16,3911.85,10178.38,14729.3,79548.18,1.0625,16,18,0.006801,0.00033926,1,498,0
ACC04586,87305.32,108071.45,22,21,22,21,3968.42,5146.26,17383.88,23065.71,1.075,21,22,0.008602,0.00023375,0,990,0
ACC04587,105544.32,124678.9,12,16,12,16,8795.36,7792.43,34680.7,34976.0,1.037,16,12,0.005601,0.00023155,1,500,1
ACC04588,85832.61,32760.17,16,9,16,9,5364.54,3640.02,16384.39,8024.35,1.0417,9,16,0.005001,8.839e-05,1,990,0
ACC04589,62665.85,56683.48,12,17,12,17,5222.15,3334.32,12693.69,15056.78,1.0741,17,12,0.005801,0.00012224,0,664,0
ACC04590,106586.14,177496.38,17,19,17,19,6269.77,9341.91,27187.78,36485.43,1.0,19,17,0.007201,0.00039949,0,675,1
ACC04591,73132.19,47929.04,15,16,15,16,4875.48,2995.57,16416.07,8409.85,1.069,16,15,0.006201,0.00016186,0,990,0
ACC04592,28229.77,144013.1,10,23,10,23,2822.98,6261.44,9352.15,31520.95,1.1,23,10,0.006601,0.00029184,1,664,0
ACC04593,55762.36,951261.25,17,18,17,9,3280.14,52847.85,15215.64,97585.0,1.3462,9,17,0.005201,0.00012182,0,990,1
ACC04594,80319.04,67975.15,19,15,19,15,4227.32,4531.68,12388.38,17630.78,1.0,15,19,0.006801,0.00012763,1,500,0
ACC04595,69165.91,90732.68,15,15,15,15,4611.06,6048.85,11796.96,16281.49,1.1111,15,15,0.006001,0.0002141,0,500,0
ACC04596,27770.06,1092894.9,13,24,13,14,2136.16,45537.29,5431.27,98955.0,1.4231,14,13,0.005401,0.00021837,1,498,1
ACC04597,66481.82,94620.29,16,22,16,22,4155.11,4300.92,13593.2,11042.63,1.0,22,16,0.007602,0.00025825,1,990,0
ACC04598,58020.95,72601.68,9,9,9,9,6446.77,8066.85,13746.31,33092.29,1.125,9,9,0.003601,0.00021166,0,675,0
ACC04599,80897.75,103894.65,16,20,16,20,5056.11,5194.73,18227.69,20914.93,1.0909,20,16,0.007201,0.00016842,1,920,0
ACC04600,166474.28,24551.64,21,11,20,11,7927.35,2231.97,67634.0,4120.1,1.0323,11,20,0.006201,7.645e-05,0,675,1
ACC04601,116705.45,84763.6,13,15,13,15,8977.34,5650.91,84740.0,20334.81,1.0769,15,13,0.005601,0.00019155,0,664,1
ACC04602,74943.01,69253.53,15,17,15,17,4996.2,4073.74,13612.93,12737.58,1.0,17,15,0.006401,0.00011872,1,255,0
ACC04603,68379.9,61517.98,17,15,17,15,4022.35,4101.2,19809.25,28385.0,1.1034,15,17,0.006401,0.00010438,0,920,1
ACC04604,82380.86,81924.22,22,16,22,16,3744.58,5120.26,10992.44,11038.25,1.0556,16,22,0.007602,0.00017113,1,675,0
ACC04605,29222.25,81822.73,5,22,5,22,5844.45,3719.21,14913.6,24472.31,1.125,22,5,0.005401,0.00022643,1,990,0
ACC04606,170701.23,85911.8,14,19,14,19,12192.94,4521.67,95000.0,11948.04,1.1,19,14,0.006601,0.00014623,1,498,1
ACC04607,139431.35,63538.0,20,18,20,18,6971.57,3529.89,59798.4,10934.09,1.0857,18,20,0.007602,0.00016848,1,498,0
ACC04608,60107.21,628609.63,21,15,21,15,2862.25,41907.31,9502.83,584828.55,1.0909,15,21,0.007201,0.00081624,1,500,1
ACC04609,102688.31,74103.32,18,20,18,20,5704.91,3705.17,23711.36,13936.92,1.0556,20,18,0.007602,0.00013473,0,990,0
ACC04610,95329.87,66732.0,13,12,13,12,7333.07,5561.0,36326.4,37083.2,1.0417,12,13,0.005001,0.00016039,1,255,1
ACC04611,64175.43,143608.7,16,20,16,20,4010.96,7180.43,11330.24,46041.0,1.0588,20,16,0.007201,0.00028017,1,255,1
ACC04612,47358.62,75767.18,11,18,11,18,4305.33,4209.29,13034.52,13329.08,1.0357,18,11,0.005801,0.0001773,1,990,0
ACC04613,78846.72,35269.44,13,10,13,10,6065.13,3526.94,24946.45,16495.6,1.0455,10,13,0.004601,7.168e-05,1,990,0
ACC04614,44963.74,80941.36,12,16,12,16,3746.98,5058.83,10387.19,13427.53,1.037,16,12,0.005601,0.00015466,0,498,0
ACC04615,102312.64,121629.49,17,19,17,19,6018.39,6401.55,22718.93,18026.3,1.0588,19,17,0.007201,0.00026233,0,990,0
ACC04616,111936.87,100530.04,26,14,26,14,4305.26,7180.72,50741.0,48711.36,1.1111,14,26,0.008002,0.00023436,1,990,1
ACC04617,88117.32,26942.66,15,13,15,13,5874.49,2072.51,24614.79,10054.91,1.0,13,15,0.005601,9.187e-05,0,498,0
ACC04618,147034.33,104934.9,18,17,18,17,8168.57,6172.64,61223.0,58774.08,1.0294,17,18,0.007001,0.00026263,1,255,1
ACC04619,127973.4,64448.75,14,16,14,16,9140.96,4028.05,66640.0,22535.93,1.0714,16,14,0.006001,0.00014646,0,498,1
ACC04620,43558.75,55919.71,14,16,14,16,3111.34,3494.98,9313.18,9601.63,1.0,16,14,0.006001,0.00013658,1,664,0
ACC04621,128161.77,51835.97,20,15,20,15,6408.09,3455.73,46314.19,14263.44,1.0294,15,20,0.007001,0.00012986,0,255,0
ACC04622,58407.02,116310.06,21,17,21,17,2781.29,6841.77,7367.41,20102.03,1.027,17,21,0.007602,0.0002119,1,920,0
ACC04623,67315.26,91912.52,19,18,19,18,3542.91,5106.25,17637.7,12925.98,1.0571,18,19,0.007401,0.00021979,0,498,0
ACC04624,125260.7,46185.9,16,14,16,14,7828.79,3298.99,39014.79,12269.12,1.0345,14,16,0.006001,0.00012733,1,990,0
ACC04625,32151.49,58591.06,12,14,12,14,2679.29,4185.08,4485.39,15922.64,1.0,14,12,0.005201,0.00012402,0,990,0
ACC04626,33960.99,155638.57,8,22,8,22,4245.12,7074.48,10985.6,30365.69,1.0,22,8,0.006001,0.0003789,1,664,0
ACC04627,700033.95,781387.94,8,30,8,30,87504.24,26046.26,649509.3,86005.0,1.5833,30,8,0.007602,0.0010475,1,498,1
ACC04628,91208.52,40438.73,20,13,20,13,4560.43,3110.67,24195.92,8317.25,1.0,13,20,0.006601,0.00012443,0,920,0
ACC04629,44168.95,138548.81,13,19,13,18,3397.61,7292.04,12309.88,33609.22,1.0667,18,13,0.006201,0.00033903,0,920,0
ACC04630,66150.41,61409.93,13,14,13,14,5088.49,4386.42,11945.24,10496.7,1.0,14,13,0.005401,0.00016364,0,990,0
ACC04631,90776.32,44114.16,15,15,15,15,6051.75,2940.94,20778.09,16819.96,1.0345,15,15,0.006001,0.00013285,1,500,0
ACC04632,140062.74,78440.66,19,20,18,20,7371.72,3922.03,30675.22,15143.71,1.0263,20,18,0.007602,0.00022467,1,920,0
ACC04633,37620.41,54976.8,10,12,10,12,3762.04,4581.4,8700.31,12193.31,1.0,12,10,0.004401,0.0001149,0,664,0
ACC04634,75136.8,98058.9,15,16,15,16,5009.12,6128.68,13164.87,22237.6,1.0,16,15,0.006201,0.00017381,0,664,0
ACC04635,78723.18,1178999.74,17,26,17,15,4630.78,45346.14,10922.08,98061.0,1.3438,15,17,0.006401,0.00019747,0,675,1
ACC04636,96753.67,78548.33,17,14,16,14,5691.39,5610.6,18377.8,11898.17,1.069,14,16,0.006001,0.00019581,1,990,0
ACC04637,46668.72,70007.4,14,17,14,17,3333.48,4118.08,8399.17,11328.81,1.0,17,14,0.006201,0.00013939,0,498,0
ACC04638,86278.16,94202.75,24,18,24,18,3594.92,5233.49,12856.49,20209.46,1.05,18,24,0.008402,0.0002056,1,664,1
ACC04639,103520.96,45882.35,15,17,15,17,6901.4,2698.96,48548.0,8200.13,1.1429,17,15,0.006401,0.00011645,1,500,1
ACC04640,38444.63,72651.69,9,19,9,19,4271.63,3823.77,10038.78,20971.7,1.0769,19,9,0.005601,0.00023738,0,920,0
ACC04641,46889.21,60304.59,13,14,13,14,3606.86,4307.47,11274.7,12289.78,1.0385,14,13,0.005401,0.00012882,0,498,0
ACC04642,53227.22,143299.45,12,20,12,20,4435.6,7164.97,15605.94,24942.0,1.0323,20,12,0.006401,0.0002368,1,664,1
ACC04643,84101.26,105052.73,20,18,20,18,4205.06,5836.26,19127.24,24900.91,1.0556,18,20,0.007602,0.00014234,0,920,0
ACC04644,37038.25,180503.45,7,21,7,21,5291.18,8595.4,12774.93,67101.0,1.0769,21,7,0.005601,0.00025618,0,500,1
ACC04645,118543.35,115184.42,17,12,17,12,6973.14,9598.7,57010.0,54729.6,1.0741,12,17,0.005801,0.00031709,1,920,1
ACC04646,68221.25,40318.62,12,11,12,11,5685.1,3665.33,14820.54,7572.54,1.15,11,12,0.004601,0.00015755,0,990,0
ACC04647,644984.25,603899.02,20,30,20,30,32249.21,20129.97,485934.5,89533.0,1.25,30,20,0.010002,0.00069483,1,920,1
ACC04648,69878.91,96663.54,15,17,15,17,4658.59,5686.09,23019.0,47777.57,1.0667,17,15,0.006401,0.00024333,0,675,1
ACC04649,128145.58,74255.53,16,15,16,15,8009.1,4950.37,77043.0,21346.74,1.0333,15,16,0.006201,0.00012398,0,675,1
ACC04650,52747.32,51244.35,13,18,13,18,4057.49,2846.91,7542.39,19031.18,1.0,18,13,0.006201,0.00011941,0,498,0
ACC04651,32742.94,118022.06,12,23,12,23,2728.58,5131.39,5885.81,18134.55,1.0938,23,12,0.007001,0.00026614,1,990,0
ACC04652,80027.41,58002.67,13,16,13,16,6155.95,3625.17,22327.05,9396.48,1.0357,16,13,0.005801,0.00017456,0,675,0
ACC04653,58559.85,67388.05,15,16,15,16,3903.99,4211.75,11350.01,11918.27,1.0333,16,15,0.006201,0.00012939,0,255,0
ACC04654,120864.67,122644.78,13,20,13,20,9297.28,6132.24,39645.12,40471.06,1.0645,20,13,0.006601,0.00040286,1,990,1
ACC04655,117756.28,69308.06,15,8,15,8,7850.42,8663.51,50222.6,29980.71,1.0952,8,15,0.004601,0.00013219,1,675,0
ACC04656,41551.98,59021.39,13,19,13,19,3196.31,3106.39,9634.68,11090.66,1.0,19,13,0.006401,0.00015478,0,990,0
ACC04657,50559.51,80855.69,16,13,16,13,3159.97,6219.67,9715.83,17198.5,1.0,13,16,0.005801,0.00016317,1,920,0
ACC04658,58002.36,79566.28,14,18,14,18,4143.03,4420.35,13449.62,12834.46,1.0323,18,14,0.006401,0.0001391,1,990,0
ACC04659,41599.55,48766.37,14,15,14,15,2971.4,3251.09,11554.91,6587.18,1.0357,15,14,0.005801,0.00012219,0,920,0
ACC04660,45259.45,555605.6,7,12,7,12,6465.64,46300.47,10621.81,480844.4,1.0,12,7,0.003801,0.00072491,0,920,1
ACC04661,84022.2,54260.78,17,15,17,15,4942.48,3617.39,46573.29,9981.66,1.0667,15,17,0.006401,0.00018716,0,500,0
ACC04662,678027.3,112924.68,21,17,16,17,32287.01,6642.63,98398.0,23817.27,1.1875,17,16,0.006601,0.00024752,1,990,1
ACC04663,61771.86,50010.54,21,15,21,15,2941.52,3334.04,18140.98,11473.53,1.125,15,21,0.007201,0.00010337,1,500,0
ACC04664,34650.88,60738.68,10,12,10,12,3465.09,5061.56,7674.73,25752.12,1.0,12,10,0.004401,0.00016947,0,920,0
ACC04665,39880.56,198752.24,11,17,11,17,3625.51,11691.31,10285.09,41434.95,1.0,17,11,0.005601,0.00041298,0,498,0
ACC04666,72101.26,59801.39,19,20,19,20,3794.8,2990.07,8814.9,12311.55,1.0833,20,19,0.007802,0.00013506,1,664,0
ACC04667,54120.92,167728.32,9,18,9,18,6013.44,9318.24,36980.98,95000.0,1.08,18,9,0.005401,0.00021527,0,500,0
ACC04668,38780.77,116559.38,8,16,8,16,4847.6,7284.96,10847.78,39433.78,1.0435,16,8,0.004801,0.00035674,1,498,0
ACC04669,133518.89,164036.59,18,16,18,16,7417.72,10252.29,62749.44,64056.72,1.0968,16,18,0.006801,0.00022019,1,675,1
ACC04670,63367.59,106142.0,13,18,13,18,4874.43,5896.78,20894.82,20229.65,1.069,18,13,0.006201,0.00039907,1,675,0
ACC04671,112816.75,67538.58,22,14,22,14,5128.03,4824.18,26655.1,24873.3,1.0,14,22,0.007201,0.00014633,1,664,0
ACC04672,58838.57,123665.57,13,18,13,18,4526.04,6870.31,13561.99,71384.0,1.0333,18,13,0.006201,0.00014893,1,675,1
ACC04673,168749.84,77943.68,20,21,20,21,8437.49,3711.6,45272.92,12741.46,1.0789,21,20,0.008202,0.00018934,1,498,0
ACC04674,133052.33,28800.29,16,7,16,7,8315.77,4114.33,23411.24,10780.42,1.0455,7,16,0.004601,0.00019539,0,675,0
ACC04675,103903.37,82761.08,17,15,17,15,6111.96,5517.41,41325.63,18911.48,1.1034,15,17,0.006401,0.00019985,0,990,0
ACC04676,1192751.21,98061.43,33,18,23,18,36143.98,5447.86,98775.0,20620.96,1.275,18,23,0.008202,0.00017139,1,664,1
ACC04677,55765.83,45465.41,18,14,18,14,3098.1,3247.53,11853.49,9107.61,1.0,14,18,0.006401,0.00014593,1,498,0
ACC04678,46879.43,70251.72,18,15,18,15,2604.41,4683.45,6234.52,17439.83,1.0312,15,18,0.006601,0.0001428,0,990,0
ACC04679,174871.06,156439.41,21,20,21,20,8327.19,7821.97,73675.42,75179.0,1.0513,20,21,0.008202,0.00019154,1,990,1
ACC04680,424280.43,85519.4,19,16,19,16,22330.55,5344.96,71419.0,15930.8,1.25,16,19,0.007001,0.00016596,1,990,1
ACC04681,74688.19,56957.59,18,14,18,14,4149.34,4068.4,13752.95,8906.83,1.0,14,18,0.006401,0.00012007,1,920,0
ACC04682,184420.65,81577.46,15,20,15,20,12294.71,4078.87,78619.0,14874.51,1.0294,20,15,0.007001,0.000211,0,920,1
ACC04683,37384.37,87224.7,11,19,11,19,3398.58,4590.77,11227.44,14936.37,1.0714,19,11,0.006001,0.00021634,1,675,0
ACC04684,46092.89,70315.77,16,16,16,16,2880.81,4394.74,8060.72,12099.44,1.0,16,16,0.006401,0.00014853,1,920,0
ACC04685,62233.19,45602.44,17,17,17,17,3660.78,2682.5,11754.91,10992.19,1.0625,17,17,0.006801,0.00013648,1,664,0
ACC04686,49622.26,33833.29,17,12,17,12,2918.96,2819.44,7898.27,6184.1,1.0357,12,17,0.005801,0.00010774,1,498,0
ACC04687,116075.7,733786.03,17,27,17,21,6827.98,27177.26,47308.68,97206.0,1.2222,21,17,0.007602,0.00028963,1,990,1
ACC04688,232855.66,84495.74,17,20,17,20,13697.39,4224.79,87314.0,15743.64,1.0571,20,17,0.007401,0.0001921,1,990,1
ACC04689,106449.32,15779.2,20,6,20,6,5322.47,2629.87,23447.64,8502.64,1.1304,6,20,0.005201,7.663e-05,0,498,0
ACC04690,73768.15,45540.5,13,9,13,9,5674.47,5060.06,22676.62,11615.69,1.0,9,13,0.004401,9.109e-05,0,990,0
ACC04691,672446.61,684266.04,20,29,20,29,33622.33,23595.38,531117.45,89479.0,1.3243,29,20,0.009802,0.00070393,1,664,1
ACC04692,144807.78,58045.54,26,16,26,16,5569.53,3627.85,27603.97,7256.34,1.0244,16,26,0.008402,0.00016512,1,990,0
ACC04693,105437.43,127827.37,21,14,21,14,5020.83,9130.53,12978.31,58158.96,1.0294,14,21,0.007001,0.00038369,1,920,0
ACC04694,59139.83,54922.4,19,14,19,14,3112.62,3923.03,23177.57,11436.1,1.0312,14,19,0.006601,0.0001793,1,990,0
ACC04695,71864.43,78533.03,16,19,16,19,4491.53,4133.32,20689.55,10850.12,1.0,19,16,0.007001,0.00019823,0,500,0
ACC04696,41346.81,50599.94,14,16,14,16,2953.34,3162.5,9033.58,9908.83,1.0345,16,14,0.006001,0.00011584,1,498,0
ACC04697,160095.42,168656.38,22,19,22,19,7277.06,8876.65,58298.0,55966.08,1.1081,19,22,0.008202,0.00037498,1,920,1
ACC04698,79124.87,71723.02,19,18,19,18,4164.47,3984.61,10918.37,21559.92,1.0,18,19,0.007401,0.00014297,0,675,0
ACC04699,38639.45,91432.53,12,16,12,16,3219.95,5714.53,10000.42,20682.05,1.0,16,12,0.005601,0.00020875,0,920,0
ACC04700,71376.94,163220.07,20,18,20,18,3568.85,9067.78,13856.6,41685.0,1.0857,18,20,0.007602,0.00025217,1,920,1
ACC04701,80746.75,95654.42,13,15,13,15,6211.29,6376.96,24059.19,20945.9,1.0769,15,13,0.005601,0.0002068,0,500,0
ACC04702,174058.94,94372.81,23,18,23,18,7567.78,5242.93,43464.0,33627.72,1.1081,18,23,0.008202,0.00035403,0,500,1
ACC04703,140343.95,235930.35,16,15,16,15,8771.5,15728.69,78980.16,80592.0,1.0333,15,16,0.006201,0.00028006,1,500,1
ACC04704,30795.97,67509.05,13,14,13,14,2368.92,4822.07,5610.41,17916.47,1.0385,14,13,0.005401,0.00020017,0,920,0
ACC04705,150443.75,190975.5,21,17,21,17,7163.99,11233.85,60076.8,61328.4,1.1176,17,21,0.007602,0.00037069,1,255,1
ACC04706,95228.34,86893.62,14,16,14,16,6802.02,5430.85,29841.01,24292.9,1.0345,16,14,0.006001,0.00015593,0,990,0
ACC04707,138633.55,67328.3,21,14,21,14,6601.6,4809.16,40234.49,16001.81,1.0294,14,21,0.007001,0.00010667,1,990,0
ACC04708,104216.42,96484.39,22,19,22,19,4737.11,5078.13,30740.79,13083.92,1.0789,19,22,0.008202,0.00035569,1,920,0
ACC04709,67877.32,74799.71,12,14,12,14,5656.44,5342.84,17684.66,25991.41,1.0,14,12,0.005201,0.00010758,1,500,0
ACC04710,50910.92,47648.46,15,19,15,19,3394.06,2507.81,9085.76,9076.61,1.0,19,15,0.006801,0.0001411,0,920,0
ACC04711,47524.98,62568.42,17,14,17,14,2795.59,4469.17,9393.78,17540.22,1.069,14,17,0.006201,0.00016214,0,920,0
ACC04712,135471.96,52357.2,22,13,21,13,6157.82,4027.48,21319.26,13248.9,1.0606,13,21,0.006801,9.815e-05,1,990,0
ACC04713,64224.22,1244519.23,12,34,12,23,5352.02,36603.51,18488.22,98284.0,1.4375,23,12,0.007001,0.00030336,0,990,1
ACC04714,51739.84,69660.43,12,17,12,17,4311.65,4097.67,13088.86,15248.63,1.0357,17,12,0.005801,0.00014352,0,664,0
ACC04715,119662.66,161826.65,9,20,9,20,13295.85,8091.33,78929.28,80573.64,1.0741,20,9,0.005801,0.00028494,1,990,1
ACC04716,55383.16,134162.67,16,25,16,25,3461.45,5366.51,6706.15,23343.13,1.1081,25,16,0.008202,0.00026923,1,990,0
ACC04717,32355.99,75030.17,10,11,10,11,3235.6,6820.92,7810.73,24127.18,1.1053,11,10,0.004201,0.00019579,0,675,0
ACC04718,56990.66,65584.2,11,11,11,11,5180.97,5962.2,17888.04,30261.66,1.0476,11,11,0.004401,0.0001763,1,990,0
ACC04719,83208.62,33794.54,15,12,15,12,5547.24,2816.21,19935.72,7352.43,1.0385,12,15,0.005401,0.00010623,0,675,0
ACC04720,162734.88,85747.57,18,14,18,14,9040.83,6124.83,38611.2,26638.29,1.0667,14,18,0.006401,0.00018965,1,920,0
ACC04721,116931.71,72149.5,24,18,24,18,4872.15,4008.31,22008.61,16142.15,1.0769,18,24,0.008402,0.00017243,0,990,0
ACC04722,133242.7,51608.19,19,14,19,14,7012.77,3686.3,81589.0,9533.33,1.0312,14,19,0.006601,0.00012737,1,500,1
ACC04723,199211.48,78702.3,20,17,20,17,9960.57,4629.55,83997.0,15660.07,1.0278,17,20,0.007401,0.00016021,1,990,1
ACC04724,82819.63,52028.64,17,13,17,13,4871.74,4002.2,26564.04,12666.12,1.0345,13,17,0.006001,8.998e-05,0,675,0
ACC04725,130961.61,75219.63,19,11,19,11,6892.72,6838.15,44734.74,25938.62,1.0345,11,19,0.006001,0.00019316,1,920,0
ACC04726,56989.31,99216.76,13,19,13,18,4383.79,5221.93,17586.69,16225.27,1.0323,18,13,0.006201,0.00020447,1,990,0
ACC04727,217053.21,103562.61,15,16,15,16,14470.21,6472.66,70122.0,30848.0,1.1071,16,15,0.006201,0.00014663,1,498,1
ACC04728,46354.25,72972.6,15,8,15,8,3090.28,9121.58,13779.55,32838.0,1.0455,8,15,0.004601,9.381e-05,1,500,1
ACC04729,119175.03,124909.47,17,17,17,17,7010.3,7347.62,39742.0,55868.0,1.0,17,17,0.006801,0.00015716,1,664,1
ACC04730,74485.37,138210.21,14,23,14,23,5320.38,6009.14,18910.64,34377.94,1.0571,23,14,0.007401,0.00036282,0,498,0
ACC04731,44560.76,953686.75,10,20,10,11,4456.08,47684.34,14822.03,98586.0,1.4286,11,10,0.004201,0.00023816,0,675,1
ACC04732,68403.82,107787.24,13,16,13,16,5261.83,6736.7,14687.65,18374.78,1.0357,16,13,0.005801,0.00034492,0,920,0
ACC04733,26114.23,62514.36,9,8,9,8,2901.58,7814.3,6373.2,27877.7,1.0625,8,9,0.003401,0.00012397,1,990,0
ACC04734,127364.85,127024.34,15,23,15,23,8490.99,5522.8,52231.0,26645.83,1.0556,23,15,0.007602,0.00027461,1,675,1
ACC04735,130069.86,89107.27,22,24,22,24,5912.27,3712.8,29901.22,14647.5,1.0455,24,22,0.009202,0.00016293,1,664,0
ACC04736,55649.0,73100.47,12,16,12,16,4637.42,4568.78,13511.32,22281.03,1.0,16,12,0.005601,0.00015374,1,498,0
ACC04737,32949.71,65138.89,14,14,14,14,2353.55,4652.78,8664.86,20277.35,1.037,14,14,0.005601,0.00015263,1,500,0
ACC04738,44302.97,63818.35,14,17,14,17,3164.5,3754.02,5753.69,26048.73,1.0,17,14,0.006201,0.00016462,0,664,0
ACC04739,54693.69,43348.46,18,10,18,10,3038.54,4334.85,15880.74,11020.83,1.0,10,18,0.005601,9.29e-05,0,920,0
ACC04740,70936.35,64116.85,18,17,18,16,3940.91,3771.58,14647.5,21287.17,1.0606,16,18,0.006801,0.00016491,0,664,0
ACC04741,110008.89,110417.54,24,11,24,11,4583.7,10037.96,16810.98,74263.45,1.129,11,24,0.007001,0.00012236,0,675,0
ACC04742,71296.79,77646.65,22,18,22,18,3240.76,4313.7,13414.72,13730.8,1.0256,18,22,0.008002,0.00017373,0,990,0
ACC04743,108488.96,112631.11,15,14,15,14,7232.6,8045.08,60725.76,61990.88,1.0357,14,15,0.005801,0.00022006,1,500,1
ACC04744,115889.93,54951.54,18,19,18,19,6438.33,2892.19,33451.14,8060.72,1.0278,19,18,0.007401,0.00013596,1,500,0
ACC04745,68952.81,15957.37,12,7,12,7,5746.07,2279.62,22282.08,4334.98,1.0,7,12,0.003801,5.164e-05,1,675,0
ACC04746,96056.29,83463.84,20,14,20,14,4802.81,5961.7,45782.58,35759.85,1.0303,14,20,0.006801,0.00021706,0,990,0
ACC04747,439855.06,411290.12,19,23,19,23,23150.27,17882.18,348160.75,75038.0,1.3125,23,19,0.008402,0.00042269,1,675,1
ACC04748,51420.51,84604.34,12,13,12,13,4285.04,6508.03,15888.71,28240.99,1.0417,13,12,0.005001,0.00013983,0,990,0
ACC04749,47178.85,107729.05,14,17,14,17,3369.92,6337.0,21265.73,17646.91,1.0333,17,14,0.006201,0.00026589,1,920,0
ACC04750,63187.84,77924.0,14,20,14,20,4513.42,3896.2,12681.5,12407.43,1.0625,20,14,0.006801,0.00017272,1,920,0
ACC04751,99748.24,32292.04,15,12,15,12,6649.88,2691.0,19763.27,7115.88,1.0,12,15,0.005401,8.852e-05,0,675,0
ACC04752,152606.3,67129.01,27,15,27,14,5652.09,4475.27,42929.52,17147.86,1.0,14,27,0.008202,0.00013302,1,255,0
ACC04753,104840.56,171109.6,11,24,11,24,9530.96,7129.57,52760.0,50649.6,1.0938,24,11,0.007001,0.00031184,1,498,1
ACC04754,117220.27,96963.17,17,18,17,18,6895.31,5386.84,67862.0,21959.74,1.0,18,17,0.007001,0.00019657,1,500,1
ACC04755,1077230.15,51538.59,28,16,19,16,38472.51,3221.16,97888.0,12105.52,1.2941,16,19,0.007001,0.00012767,0,498,1
ACC04756,77522.85,73355.49,15,17,15,17,5168.19,4315.03,15237.79,11334.09,1.0323,17,15,0.006401,0.00016833,0,498,0
ACC04757,69333.34,67545.06,18,10,18,10,3851.85,6754.51,12629.17,29708.54,1.0,10,18,0.005601,0.00015273,1,675,0
ACC04758,58305.71,51672.35,16,11,16,11,3644.11,4697.49,15572.7,11975.8,1.08,11,16,0.005401,0.0001078,1,500,0
ACC04759,161656.42,126527.2,17,14,17,14,9509.2,9037.66,82218.0,78929.28,1.0333,14,17,0.006201,0.00026808,1,990,1
ACC04760,136306.58,18508.84,19,8,19,8,7174.03,2313.61,65789.0,7727.3,1.0,8,19,0.005401,5.198e-05,0,664,1
ACC04761,93040.62,66761.64,15,10,15,10,6202.71,6676.16,22888.63,26731.79,1.0417,10,15,0.005001,0.00012724,0,255,0
ACC04762,144353.22,43796.18,14,18,14,18,10310.94,2433.12,69105.0,5129.2,1.0667,18,14,0.006401,0.00014313,0,498,1
ACC04763,67553.8,66189.49,14,15,14,15,4825.27,4412.63,25938.62,22973.03,1.0357,15,14,0.005801,9.423e-05,1,920,0
ACC04764,92144.13,45372.51,18,15,18,15,5119.12,3024.83,26727.53,15831.06,1.0312,15,18,0.006601,0.00011777,1,990,0
ACC04765,136217.94,85367.12,15,17,15,17,9081.2,5021.6,43295.0,15791.45,1.1429,17,15,0.006401,0.00016439,1,500,1
ACC04766,105042.39,126817.68,25,15,25,15,4201.7,8454.51,15441.0,61992.0,1.0,15,25,0.008002,0.00013616,1,990,1
ACC04767,77314.97,62010.38,18,16,18,16,4295.28,3875.65,13243.69,14007.55,1.0968,16,18,0.006801,0.00011393,1,990,0
ACC04768,71777.59,101137.2,14,19,14,19,5126.97,5323.01,15880.31,27479.72,1.1,19,14,0.006601,0.00019826,1,500,0
ACC04769,80140.32,31371.63,19,12,19,12,4217.91,2614.3,19544.88,7085.97,1.1481,12,19,0.006201,8.717e-05,1,675,0
ACC04770,62294.22,42689.76,9,12,8,12,6921.58,3557.48,22313.69,12559.03,1.1053,12,8,0.004001,0.00011073,0,990,0
ACC04771,38185.59,103514.73,12,15,12,15,3182.13,6900.98,8761.49,33820.63,1.0,15,12,0.005401,0.00020566,0,664,0
ACC04772,69322.18,52903.4,12,15,12,15,5776.85,3526.89,24236.01,13961.97,1.0385,15,12,0.005401,0.00012198,1,990,0
ACC04773,41960.33,81492.73,15,15,15,15,2797.36,5432.85,8361.07,18253.06,1.0345,15,15,0.006001,0.00017135,1,920,0
ACC04774,132005.43,979333.97,20,30,20,22,6600.27,32644.47,53409.78,98982.0,1.3158,22,20,0.008402,0.00031842,0,990,1
ACC04775,124842.22,69665.06,17,17,17,17,7343.66,4097.94,62037.44,13438.17,1.0303,17,17,0.006801,0.00011705,1,675,0
ACC04776,136819.55,127872.04,21,19,21,19,6515.22,6730.11,33268.85,39014.79,1.0526,19,21,0.008002,0.0002052,1,920,0
ACC04777,53940.35,90229.48,16,14,16,14,3371.27,6444.96,9719.52,36357.97,1.0,14,16,0.006001,0.00016866,1,664,0
ACC04778,141014.57,42379.86,19,15,19,15,7421.82,2825.32,20524.06,9665.98,1.0625,15,19,0.006801,0.00013698,1,664,0
ACC04779,50905.66,55039.73,15,13,15,13,3393.71,4233.83,14079.57,13509.4,1.0,13,15,0.005601,0.00014162,0,675,0
ACC04780,149548.48,61014.25,17,12,17,12,8796.97,5084.52,84238.0,25717.54,1.0357,12,17,0.005801,0.00013497,1,675,1
ACC04781,22535.6,69588.0,11,12,11,12,2048.69,5799.0,3963.59,14001.58,1.0455,12,11,0.004601,0.00011175,0,664,0
ACC04782,97367.67,57242.83,20,14,20,14,4868.38,4088.77,18942.95,27412.2,1.0,14,20,0.006801,0.00019678,0,498,0
ACC04783,86700.0,112173.91,16,14,16,14,5418.75,8012.42,26990.65,33468.36,1.0,14,16,0.006001,0.00020337,1,675,0
ACC04784,54454.32,71877.08,12,15,11,15,4537.86,4791.81,16970.45,13799.23,1.0,15,11,0.005201,0.00016361,0,675,0
ACC04785,58375.83,105953.02,15,16,15,16,3891.72,6622.06,12505.01,19185.59,1.0333,16,15,0.006201,0.00030686,1,920,0
ACC04786,82096.93,66241.48,18,10,18,10,4560.94,6624.15,11965.28,27726.32,1.037,10,18,0.005601,9.205e-05,1,498,0
ACC04787,150074.21,65228.43,16,12,16,12,9379.64,5435.7,59515.0,11210.56,1.0,12,16,0.005601,0.00014561,0,990,1
ACC04788,96367.54,1118805.23,14,28,14,18,6883.4,39957.33,26685.82,98848.0,1.4,18,14,0.006401,0.00023325,0,255,1
ACC04789,37290.06,119970.1,14,18,14,18,2663.58,6665.01,11357.4,22321.84,1.0667,18,14,0.006401,0.00025145,0,990,0
ACC04790,91146.6,105564.42,16,22,16,22,5696.66,4798.38,29123.86,23102.9,1.0857,22,16,0.007602,0.00022918,1,920,0
ACC04791,787841.0,64239.43,16,17,9,17,49240.06,3778.79,98096.0,11050.07,1.2692,17,9,0.005201,0.00011381,1,255,1
ACC04792,114253.94,132988.08,16,15,16,15,7140.87,8865.87,30048.96,30674.98,1.069,15,16,0.006201,0.00030897,1,990,1
ACC04793,74110.24,1222967.37,14,29,14,18,5293.59,42171.29,29493.09,98320.0,1.3871,18,14,0.006401,0.00027017,0,920,1
ACC04794,53619.79,85463.32,10,15,10,15,5361.98,5697.55,13059.37,15398.63,1.0417,15,10,0.005001,0.00018031,1,664,0
ACC04795,74860.14,38890.04,15,13,15,13,4990.68,2991.54,15986.68,7328.71,1.037,13,15,0.005601,0.00014996,0,500,0
ACC04796,36363.85,121029.4,14,19,14,19,2597.42,6369.97,10351.49,23256.25,1.0,19,14,0.006601,0.00029336,1,990,0
ACC04797,90056.38,159613.16,20,19,20,19,4502.82,8400.69,19171.52,76080.0,1.0541,19,20,0.007802,0.00027409,1,500,1
ACC04798,103998.17,165625.57,12,23,12,23,8666.51,7201.11,39627.22,52116.0,1.0938,23,12,0.007001,0.00029281,1,664,1
ACC04799,45731.17,60445.45,12,17,12,17,3810.93,3555.61,17803.28,18928.13,1.0741,17,12,0.005801,0.00015211,1,920,0
ACC04800,117330.47,48968.11,18,12,17,12,6518.36,4080.68,50642.16,9058.2,1.0714,12,17,0.005801,0.00012351,0,664,0
ACC04801,28417.13,44097.02,11,14,11,14,2583.38,3149.79,4711.26,7729.14,1.0,14,11,0.005001,0.00014714,1,498,0
ACC04802,157080.3,61171.32,12,20,12,20,13090.02,3058.57,74636.0,14307.43,1.0323,20,12,0.006401,0.00016862,1,675,1
ACC04803,12459.97,776417.5,5,19,5,12,2491.99,40864.08,5193.54,96525.0,1.4118,12,5,0.003401,0.00017345,1,498,1
ACC04804,51062.65,79589.12,13,20,13,20,3927.9,3979.46,9813.2,11476.49,1.0,20,13,0.006601,0.00021838,0,920,0
ACC04805,52163.9,741311.85,10,24,10,18,5216.39,30887.99,14896.45,98215.0,1.2593,18,10,0.005601,0.00023706,1,990,1
ACC04806,164424.77,73122.38,22,15,22,15,7473.85,4874.83,67973.0,16238.51,1.0278,15,22,0.007401,0.00027656,0,675,1
ACC04807,42147.51,130188.43,15,17,15,17,2809.83,7658.14,10677.55,32972.05,1.0667,17,15,0.006401,0.00030557,0,675,0
ACC04808,947916.2,72753.9,19,19,11,19,49890.33,3829.15,97264.0,12761.94,1.2667,19,11,0.006001,0.00018489,1,500,1
ACC04809,26343.99,46352.04,10,14,10,14,2634.4,3310.86,9961.84,7827.07,1.0909,14,10,0.004801,0.00012511,0,675,0
ACC04810,125578.0,131538.47,17,16,17,16,7386.94,8221.15,32358.92,45739.1,1.0645,16,17,0.006601,0.00022992,1,920,1
ACC04811,89988.66,107104.06,17,17,17,17,5293.45,6300.24,24485.99,16767.59,1.0303,17,17,0.006801,0.00020169,0,664,1
ACC04812,77920.89,48140.84,16,11,16,11,4870.06,4376.44,20533.57,14078.07,1.0,11,16,0.005401,9.243e-05,0,500,0
ACC04813,61303.96,118026.12,23,16,23,16,2665.39,7376.63,10457.89,30476.13,1.0263,16,23,0.007802,0.00021359,0,990,0
ACC04814,91960.04,59662.16,22,10,22,10,4180.0,5966.22,17236.15,14650.03,1.1429,10,22,0.006401,0.00016149,1,500,0
ACC04815,165975.4,113301.4,19,19,19,19,8735.55,5963.23,79827.0,20904.29,1.027,19,19,0.007602,0.00021463,0,990,1
ACC04816,45584.03,115773.62,15,13,15,13,3038.94,8905.66,11956.43,46780.86,1.0,13,15,0.005601,0.00019623,1,664,0
ACC04817,45620.87,141943.6,9,18,9,18,5068.99,7885.76,12864.86,62173.39,1.0385,18,9,0.005401,0.0002825,0,664,0
ACC04818,88293.08,43001.19,19,8,19,8,4647.0,5375.15,34232.27,10437.1,1.0,8,19,0.005401,0.0001476,1,675,0
ACC04819,70248.74,50482.14,15,13,15,13,4683.25,3883.24,17030.21,7941.74,1.0769,13,15,0.005601,0.00012274,1,990,0
ACC04820,106604.8,98196.52,16,17,16,17,6662.8,5776.27,40044.45,25955.79,1.0645,17,16,0.006601,0.00019687,1,500,0
ACC04821,47619.02,304158.68,19,16,19,16,2506.26,19009.92,6196.63,90378.0,1.0294,16,19,0.007001,0.00046893,0,498,1
ACC04822,63044.64,67148.11,17,13,17,13,3708.51,5165.24,14389.74,11410.3,1.0345,13,17,0.006001,0.00015803,1,990,0
ACC04823,73591.17,31723.41,17,10,17,10,4328.89,3172.34,19842.37,6188.81,1.08,10,17,0.005401,9.31e-05,1,920,0
ACC04824,81949.26,778600.18,16,13,16,13,5121.83,59892.32,17513.7,670098.65,1.0,13,16,0.005801,0.00100659,1,255,1
ACC04825,105319.05,69087.0,18,13,18,13,5851.06,5314.38,20404.56,29488.97,1.069,13,18,0.006201,0.00017806,0,255,0
ACC04826,68536.11,55747.4,17,15,17,15,4031.54,3716.49,13484.11,9301.33,1.1034,15,17,0.006401,0.00014043,1,498,0
ACC04827,39303.05,51489.01,11,13,10,13,3573.0,3960.69,11132.48,10781.45,1.0,13,10,0.004601,0.00015387,0,664,0
ACC04828,61048.62,56811.48,13,11,13,11,4696.05,5164.68,11454.1,20437.54,1.0435,11,13,0.004801,0.00010558,0,498,0
ACC04829,82785.18,116594.03,19,15,19,15,4357.11,7772.94,22625.14,50736.17,1.0968,15,19,0.006801,0.00018983,1,664,0
ACC04830,693861.16,54703.1,26,15,26,15,26686.97,3646.87,75740.0,18716.54,1.4138,15,26,0.008202,0.00012265,0,675,1
ACC04831,62126.28,71369.34,14,17,14,17,4437.59,4198.2,22049.0,20894.82,1.1071,17,14,0.006201,0.00023012,0,664,0
ACC04832,48617.18,84461.25,10,14,10,14,4861.72,6032.95,12311.54,24499.27,1.0,14,10,0.004801,0.00018665,0,255,0
ACC04833,44082.7,75883.34,15,18,15,18,2938.85,4215.74,8804.04,13521.51,1.0,18,15,0.006601,0.00017542,0,664,0
ACC04834,137879.78,143804.11,13,15,13,15,10606.14,9586.94,58905.0,41894.53,1.0,15,13,0.005601,0.00020639,1,920,1
ACC04835,185013.44,121597.84,20,20,20,20,9250.67,6079.89,87606.85,21811.32,1.0811,20,20,0.008002,0.00025297,1,920,0
ACC04836,99773.59,66508.25,22,16,22,16,4535.16,4156.77,27030.17,14661.47,1.0857,16,22,0.007602,0.00014736,1,675,0
ACC04837,35918.33,98283.21,14,23,14,23,2565.6,4273.18,5954.38,23559.54,1.0571,23,14,0.007401,0.00036187,0,498,0
ACC04838,67059.55,114126.87,10,16,10,16,6705.95,7132.93,27038.01,23260.57,1.04,16,10,0.005201,0.00021051,1,675,0
ACC04839,25374.85,46628.09,11,7,11,7,2306.8,6661.16,6582.05,10642.77,1.0,7,11,0.003601,0.00010061,0,500,0
ACC04840,142899.56,46924.53,22,13,22,13,6495.43,3609.58,19676.22,14204.17,1.129,13,22,0.007001,0.00012162,0,500,0
ACC04841,205835.76,96184.26,20,18,20,18,10291.79,5343.57,76225.0,15765.88,1.027,18,20,0.007602,0.00019815,0,920,1
ACC04842,106056.92,105344.84,17,13,17,13,6238.64,8103.45,22903.6,35294.08,1.0,13,17,0.006001,0.0001747,0,498,0
ACC04843,122299.96,55953.78,10,13,10,13,12230.0,4304.14,89142.0,15174.4,1.0455,13,10,0.004601,0.00014152,1,500,1
ACC04844,63811.0,39468.57,15,10,15,10,4254.07,3946.86,12493.81,9527.49,1.0417,10,15,0.005001,0.00018458,1,255,0
ACC04845,71345.33,107208.0,19,17,19,17,3755.02,6306.35,20237.1,30258.01,1.0909,17,19,0.007201,0.0001685,1,255,0
ACC04846,82683.06,39234.42,14,11,14,11,5905.93,3566.77,17822.48,7430.82,1.0,11,14,0.005001,9.706e-05,0,920,0
ACC04847,48997.04,113733.3,14,20,14,20,3499.79,5686.66,8514.73,55467.56,1.0968,20,14,0.006801,0.00020614,1,990,0
ACC04848,110251.38,104756.88,15,13,15,13,7350.09,8058.22,68777.0,42043.0,1.0,13,15,0.005601,0.00017027,1,920,1
ACC04849,90630.86,115681.01,17,17,17,17,5331.23,6804.77,21039.51,74826.58,1.0303,17,17,0.006801,0.0001748,1,990,0
ACC04850,63289.35,76836.83,12,16,12,16,5274.11,4802.3,12037.62,11715.61,1.0,16,12,0.005601,0.00018772,1,675,0
ACC04851,69214.02,50915.06,21,15,21,15,3295.91,3394.34,10026.74,7765.22,1.125,15,21,0.007201,0.00015325,1,500,0
ACC04852,53547.18,47009.85,14,7,14,7,3824.8,6715.69,14429.34,17061.57,1.0,7,14,0.004201,0.0001076,0,990,0
ACC04853,65907.62,73245.54,15,13,15,13,4393.84,5634.27,15922.64,20643.43,1.12,13,15,0.005601,0.0002004,1,255,0
ACC04854,139072.39,113121.78,18,16,18,16,7726.24,7070.11,37060.48,22820.78,1.0,16,18,0.006801,0.00029037,0,664,0
ACC04855,159699.08,22705.31,16,9,16,9,9981.19,2522.81,46398.0,7533.29,1.0,9,16,0.005001,7.386e-05,0,920,1
ACC04856,107789.6,79221.5,21,13,21,13,5132.84,6093.96,19888.28,27680.21,1.0303,13,21,0.006801,0.00016901,0,498,0
ACC04857,166293.28,45679.82,11,12,11,12,15117.57,3806.65,89479.0,6681.16,1.15,12,11,0.004601,0.0001072,0,990,1
ACC04858,58335.48,60057.98,11,15,11,15,5303.23,4003.87,12469.12,17802.84,1.04,15,11,0.005201,0.00017429,1,920,0
ACC04859,40168.64,902488.39,11,28,11,20,3651.69,32231.73,11233.12,98481.0,1.2581,20,11,0.006201,0.00026851,1,498,1
ACC04860,83434.61,103765.08,14,17,14,17,5959.61,6103.83,28842.14,62183.0,1.0,17,14,0.006201,0.00012785,1,500,1
ACC04861,40484.15,54860.16,12,10,12,10,3373.68,5486.02,7799.18,23149.93,1.1,10,12,0.004401,0.00011146,0,675,0
ACC04862,102668.36,313409.73,15,18,15,18,6844.56,17411.65,35997.0,84414.0,1.0645,18,15,0.006601,0.00037878,0,255,1
ACC04863,909505.14,77798.87,23,17,15,17,39543.7,4576.4,98481.0,12570.0,1.3333,17,15,0.006401,0.00014937,0,920,1
ACC04864,73368.47,76115.41,12,19,12,19,6114.04,4006.07,35999.07,14680.46,1.0333,19,12,0.006201,0.000198,1,920,0
ACC04865,66638.85,53551.41,15,13,15,13,4442.59,4119.34,16246.17,7740.61,1.037,13,15,0.005601,0.0001338,1,675,0
ACC04866,77890.67,59811.61,14,15,14,15,5563.62,3987.44,28519.28,14488.5,1.0,15,14,0.005801,0.00017182,1,664,0
ACC04867,61036.77,583885.33,16,11,16,11,3814.8,53080.48,15917.95,538023.0,1.08,11,16,0.005401,0.00068149,0,920,1
ACC04868,52267.12,68712.74,15,17,15,17,3484.47,4041.93,10819.79,14382.02,1.0667,17,15,0.006401,0.00012263,0,990,0
ACC04869,100519.58,62712.81,20,15,20,15,5025.98,4180.85,15799.12,10958.9,1.0,15,20,0.007001,0.00018338,1,498,0
ACC04870,76086.52,75548.54,18,17,18,17,4227.03,4444.03,15779.43,13055.1,1.0,17,18,0.007001,0.00020786,0,990,0
ACC04871,31363.78,91002.72,15,14,15,14,2090.92,6500.19,4652.37,21156.11,1.0357,14,15,0.005801,0.00018061,0,498,0
ACC04872,71068.5,39828.91,11,14,11,14,6460.77,2844.92,33279.69,5181.79,1.0,14,11,0.005001,0.00011176,0,498,0
ACC04873,83287.84,29146.97,15,11,15,11,5552.52,2649.72,17044.73,8179.02,1.0,11,15,0.005201,8.465e-05,0,255,0
ACC04874,122104.65,79713.3,22,17,22,16,5550.21,4689.02,33110.03,12305.88,1.0541,16,22,0.007602,0.00022001,1,920,0
ACC04875,43773.65,91510.67,13,16,13,16,3367.2,5719.42,9123.45,27199.65,1.0357,16,13,0.005801,0.00018675,1,675,0
ACC04876,145061.1,52921.3,14,13,14,13,10361.51,4070.87,81506.0,11930.41,1.0,13,14,0.005401,0.00013001,0,255,1
ACC04877,98085.82,53336.92,20,14,20,14,4904.29,3809.78,21149.39,15034.56,1.0625,14,20,0.006801,0.00012481,1,990,0
ACC04878,92539.3,99206.59,17,20,17,20,5443.49,4960.33,31229.19,32147.24,1.0882,20,17,0.007401,0.00019139,1,498,0
ACC04879,49736.37,91044.59,13,18,13,18,3825.87,5058.03,16943.48,20257.88,1.0333,18,13,0.006201,0.00014041,1,920,0
ACC04880,45816.74,80423.73,10,17,10,17,4581.67,4730.81,12063.68,14760.41,1.0,17,10,0.005401,0.00020192,0,255,0
ACC04881,84865.64,75164.85,18,18,18,18,4714.76,4175.82,14913.79,13191.8,1.0286,18,18,0.007201,0.00020455,0,990,0
ACC04882,146819.08,65010.61,25,17,25,17,5872.76,3824.15,33195.0,9758.58,1.0769,17,25,0.008402,0.00018462,0,920,1
ACC04883,46026.94,50631.9,10,14,10,14,4602.69,3616.56,26299.19,7002.17,1.0435,14,10,0.004801,0.00014034,0,990,0
ACC04884,86826.11,67652.53,19,20,19,20,4569.8,3382.63,17824.66,11616.34,1.0263,20,19,0.007802,9.868e-05,1,498,0
ACC04885,1101187.99,115549.72,30,23,20,23,36706.27,5023.9,97811.0,20311.83,1.2927,23,20,0.008602,0.00024052,1,255,1
ACC04886,89781.14,78889.12,18,15,18,15,4987.84,5259.27,26653.64,37835.54,1.0,15,18,0.006601,0.00014632,0,990,0
ACC04887,91026.07,32425.68,16,12,16,12,5689.13,2702.14,44769.24,6983.76,1.12,12,16,0.005601,0.00012179,1,498,0
ACC04888,101886.34,31133.96,20,11,20,11,5094.32,2830.36,24272.17,7821.14,1.0333,11,20,0.006201,9.594e-05,1,664,0
ACC04889,50902.59,70286.13,12,18,12,18,4241.88,3904.79,13509.59,33018.97,1.0714,18,12,0.006001,0.00022769,0,675,0
ACC04890,85686.53,26785.05,18,8,18,8,4760.36,3348.13,10451.69,8301.79,1.0,8,18,0.005201,7.671e-05,0,920,0
ACC04891,51300.31,40545.6,12,12,12,12,4275.03,3378.8,13410.46,6804.91,1.0435,12,12,0.004801,9.807e-05,1,664,0
ACC04892,75379.32,78922.85,17,17,17,17,4434.08,4642.52,19203.91,15767.07,1.0625,17,17,0.006801,0.00017621,0,990,0
ACC04893,74556.52,90782.53,14,22,14,22,5325.47,4126.48,16237.05,25932.56,1.0286,22,14,0.007201,0.00023146,0,990,0
ACC04894,72494.72,118006.96,16,20,16,20,4530.92,5900.35,17598.84,25682.79,1.0286,20,16,0.007201,0.00033047,1,990,0
ACC04895,92729.55,46215.35,12,14,12,14,7727.46,3301.1,32466.62,13708.17,1.0833,14,12,0.005201,0.00015265,0,498,0
ACC04896,51670.5,79554.12,9,14,9,14,5741.17,5682.44,25184.95,38035.0,1.15,14,9,0.004601,0.00011079,0,498,1
ACC04897,59985.05,62292.34,17,17,17,17,3528.53,3664.26,13960.12,15912.24,1.0303,17,17,0.006801,0.00010646,1,990,0
ACC04898,97480.87,79315.77,21,18,20,18,4641.95,4406.43,25783.53,9243.74,1.1143,18,20,0.007602,0.00015628,1,920,0
ACC04899,88619.55,433457.22,9,16,9,16,9846.62,27091.08,63620.62,88337.0,1.087,16,9,0.005001,0.000443,1,675,1
ACC04900,110997.7,123668.25,14,22,14,22,7928.41,5621.28,51752.0,26400.0,1.0588,22,14,0.007201,0.00020594,0,500,1
ACC04901,106688.25,94895.9,22,16,22,16,4849.47,5930.99,31250.81,17090.03,1.0556,16,22,0.007602,0.00022117,1,920,0
ACC04902,42743.04,94177.93,16,11,16,11,2671.44,8561.63,10562.97,22579.38,1.0385,11,16,0.005401,0.00020406,1,255,0
ACC04903,809009.63,54414.25,19,8,12,8,42579.45,6801.78,98793.0,18878.92,1.35,8,12,0.004001,0.00012503,0,920,1
ACC04904,48809.45,63239.38,17,13,17,13,2871.14,4864.57,8250.19,11350.24,1.0,13,17,0.006001,0.00022289,1,675,0
ACC04905,125744.57,176047.81,10,26,10,26,12574.46,6771.07,84287.04,86043.02,1.0909,26,10,0.007201,0.00025239,1,990,1
ACC04906,109456.38,184273.68,19,21,19,21,5760.86,8774.94,23829.96,58557.0,1.0811,21,19,0.008002,0.0002832,1,498,1
ACC04907,64775.76,119390.82,11,13,11,13,5888.71,9183.91,15406.13,75249.0,1.0,13,11,0.004801,0.00017816,1,920,1
ACC04908,60032.28,117793.97,23,21,23,21,2610.1,5609.24,11302.75,34212.0,1.0233,21,23,0.008802,0.00019423,1,498,1
ACC04909,173894.05,96526.08,20,13,20,13,8694.7,7425.08,86752.0,40535.98,1.1,13,20,0.006601,0.00018209,1,498,1
ACC04910,64764.32,167702.54,15,22,15,22,4317.62,7622.84,12726.52,33619.19,1.0882,22,15,0.007401,0.00035066,0,675,1
ACC04911,49967.74,48251.87,15,18,15,18,3331.18,2680.66,14430.15,5885.83,1.1,18,15,0.006601,0.0001203,0,664,0
ACC04912,235548.81,91610.78,24,23,24,23,9814.53,3983.08,41943.68,14730.69,1.0682,23,24,0.009402,0.00016548,1,498,0
ACC04913,89517.27,66461.63,23,21,23,21,3892.06,3164.84,11975.8,8650.87,1.0732,21,23,0.008802,0.00012721,0,500,0
ACC04914,73270.36,105716.72,15,17,14,17,4884.69,6218.63,9591.0,29127.0,1.0667,17,14,0.006201,0.00017836,0,675,1
ACC04915,209413.5,86888.12,18,27,18,27,11634.08,3218.08,76243.0,12916.83,1.0714,27,18,0.009002,0.00026285,0,990,1
ACC04916,82515.07,85245.98,16,14,16,14,5157.19,6089.0,36591.0,12314.48,1.0,14,16,0.006001,0.00022612,0,990,1
ACC04917,91673.64,34302.87,19,9,19,9,4824.93,3811.43,16054.16,16036.9,1.0769,9,19,0.005601,6.4e-05,0,498,0
ACC04918,28620.19,43327.31,8,12,8,12,3577.52,3610.61,6569.8,9048.07,1.0,12,8,0.004001,0.00015825,0,255,0
ACC04919,104326.56,88408.96,12,17,12,17,8693.88,5200.53,33671.26,20862.0,1.0741,17,12,0.005801,0.00015454,0,255,1
ACC04920,67947.67,76628.6,15,21,15,21,4529.84,3648.98,11609.91,7498.57,1.0286,21,15,0.007201,0.00016044,0,498,0
ACC04921,43490.45,67614.28,9,17,9,17,4832.27,3977.31,9512.56,19410.64,1.0,17,9,0.005201,0.00017835,0,675,0
ACC04922,50774.96,62714.64,12,14,12,14,4231.25,4479.62,10121.26,10494.84,1.0,14,12,0.005201,0.00014023,0,255,0
ACC04923,83439.2,84913.33,19,13,19,13,4391.54,6531.79,20218.72,17826.82,1.0323,13,19,0.006401,0.00016949,1,920,0
ACC04924,90830.6,800223.66,15,21,15,14,6055.37,38105.89,23882.09,96966.0,1.2414,14,15,0.005801,0.00022353,1,920,1
ACC04925,82127.69,112231.79,21,16,21,16,3910.84,7014.49,15353.78,40382.0,1.0,16,21,0.007401,0.00013962,1,498,1
ACC04926,33792.0,53625.23,12,11,12,11,2816.0,4875.02,7986.16,18129.72,1.0,11,12,0.004601,0.00014262,1,498,0
ACC04927,142241.35,48116.7,16,14,16,14,8890.08,3436.91,72797.0,6737.88,1.0345,14,16,0.006001,0.00010731,0,675,1
ACC04928,519591.5,75636.13,22,16,22,16,23617.8,4727.26,65553.0,15273.43,1.52,16,22,0.007602,0.00015656,0,990,1
ACC04929,20406.02,132446.88,7,18,7,18,2915.15,7358.16,8098.74,42996.88,1.087,18,7,0.005001,0.00023336,1,990,0
ACC04930,78350.24,103162.82,17,17,17,17,4608.84,6068.4,16222.85,32714.83,1.0625,17,17,0.006801,0.00023999,0,920,0
ACC04931,125366.58,45369.51,16,17,16,17,7835.41,2668.79,74815.0,6240.13,1.0645,17,16,0.006601,0.0001107,0,920,1
ACC04932,78888.92,97447.46,14,17,14,17,5634.92,5732.2,18610.08,24676.75,1.0333,17,14,0.006201,0.00020315,0,675,0
ACC04933,142696.5,113322.85,15,21,15,20,9513.1,5396.33,46707.0,15300.33,1.0286,20,15,0.007001,0.00031867,1,498,1
ACC04934,110376.02,69969.94,15,15,15,15,7358.4,4664.66,42649.02,9824.22,1.0714,15,15,0.006001,0.00015069,0,675,0
ACC04935,71970.86,43361.76,13,12,13,12,5536.22,3613.48,18840.07,9986.71,1.0,12,13,0.005001,0.00011019,0,664,0
ACC04936,77263.49,73003.26,15,18,15,18,5150.9,4055.74,16238.51,12511.51,1.0312,18,15,0.006601,0.00015867,1,920,0
ACC04937,26208.08,54771.81,8,17,8,17,3276.01,3221.87,8083.92,11758.88,1.0,17,8,0.005001,0.00011026,1,675,0
ACC04938,130403.65,84299.54,17,15,17,15,7670.8,5619.97,69707.05,25442.38,1.0323,15,17,0.006401,0.00028634,1,990,0
ACC04939,141331.17,102958.45,19,15,19,15,7438.48,6863.9,53934.0,51776.64,1.0625,15,19,0.006801,0.00020237,1,664,1
ACC04940,53859.87,68272.7,17,19,17,19,3168.23,3593.3,10840.58,21425.66,1.0909,19,17,0.007201,0.00015,0,664,0
ACC04941,62256.14,24068.82,12,9,12,9,5188.01,2674.31,12181.41,7659.5,1.0,9,12,0.004201,6.163e-05,1,990,0
ACC04942,72698.26,18600.13,15,9,15,9,4846.55,2066.68,13337.19,3997.82,1.0435,9,15,0.004801,6.48e-05,0,990,0
ACC04943,126302.06,111186.38,28,17,28,17,4510.79,6540.38,33938.0,36597.64,1.0714,17,28,0.009002,0.00022871,1,990,1
ACC04944,137421.47,146959.85,20,19,20,19,6871.07,7734.73,71690.92,73154.0,1.1143,19,20,0.007802,0.00018361,1,990,1
ACC04945,444728.84,476209.53,15,29,15,29,29648.59,16421.02,379451.85,69628.0,1.3333,29,15,0.008802,0.00067295,1,498,1
ACC04946,123418.75,68558.2,23,15,23,15,5366.03,4570.55,22161.08,24594.73,1.0,15,23,0.007602,0.0001368,0,990,0
ACC04947,235549.72,144713.07,20,20,20,20,11777.49,7235.65,95000.0,52760.0,1.0256,20,20,0.008002,0.00036872,1,664,1
ACC04948,85240.27,33312.15,13,10,13,10,6556.94,3331.21,40588.79,9673.88,1.0455,10,13,0.004601,0.00010277,0,920,0
ACC04949,151918.44,118090.08,20,12,20,12,7595.92,9840.84,72974.4,74494.7,1.0667,12,20,0.006401,0.00020352,1,500,1
ACC04950,47970.76,513333.94,15,14,15,14,3198.05,36666.71,7151.12,369714.35,1.1154,14,15,0.005801,0.00075041,0,920,1
ACC04951,178978.46,140026.34,14,23,14,23,12784.18,6088.1,82784.0,21851.76,1.0278,23,14,0.007401,0.00029291,0,664,1
ACC04952,225804.92,126675.72,20,15,19,15,11290.25,8445.05,72665.0,57537.0,1.0294,15,19,0.006801,0.00014527,1,664,1
ACC04953,142790.96,28241.75,16,8,16,8,8924.44,3530.22,54786.0,9600.16,1.0435,8,16,0.004801,0.00011188,0,990,1
ACC04954,101690.13,155308.76,19,19,19,19,5352.11,8174.15,42592.79,41125.39,1.0556,19,19,0.007602,0.00028085,0,990,0
ACC04955,26865.33,99461.02,8,18,8,18,3358.17,5525.61,6674.92,26679.17,1.0,18,8,0.005201,0.00023476,0,255,0
ACC04956,91485.73,95581.79,18,18,18,18,5082.54,5310.1,14873.64,23393.51,1.0286,18,18,0.007201,0.00021,1,664,0
ACC04957,100288.16,137638.65,13,21,13,21,7714.47,6554.22,30198.0,21234.71,1.0303,21,13,0.006801,0.00024714,1,498,1
ACC04958,39435.97,143245.92,13,12,13,12,3033.54,11937.16,8366.58,53956.0,1.0417,12,13,0.005001,0.00017754,0,498,1
ACC04959,178287.52,53297.16,17,18,17,18,10487.5,2960.95,92615.0,9085.83,1.0938,18,17,0.007001,0.00019329,1,498,1
ACC04960,62160.55,75426.9,15,18,15,18,4144.04,4190.38,18106.63,26849.52,1.0645,18,15,0.006601,0.00017482,0,675,0
ACC04961,113591.48,74172.8,13,14,13,14,8737.81,5298.06,44643.75,30936.63,1.0,14,13,0.005401,0.00017691,0,920,0
ACC04962,633807.26,75615.94,18,18,13,18,35211.51,4200.89,97723.0,11830.9,1.2,18,13,0.006201,0.00015669,1,498,1
ACC04963,52607.6,76492.72,15,17,15,17,3507.17,4499.57,18113.46,14599.83,1.0667,17,15,0.006401,0.00019853,1,498,0
ACC04964,50167.41,104462.03,13,15,13,15,3859.03,6964.14,13040.51,47696.4,1.0769,15,13,0.005601,0.00019052,0,990,0
ACC04965,645079.05,134344.03,27,19,27,19,23891.82,7070.74,73247.0,32412.0,1.3143,19,27,0.009202,0.00016975,1,920,1
ACC04966,47433.75,94940.75,15,19,15,19,3162.25,4996.88,10831.64,25134.17,1.0303,19,15,0.006801,0.00018441,0,990,0
ACC04967,79348.78,81089.42,20,14,20,14,3967.44,5792.1,13713.38,22033.33,1.0,14,20,0.006801,0.0001839,0,498,0
ACC04968,89062.53,95245.78,21,25,21,25,4241.07,3809.83,11830.9,19347.0,1.0698,25,21,0.009202,0.00017375,1,920,1
ACC04969,133408.08,113041.76,16,19,16,19,8338.01,5949.57,67367.0,21876.89,1.0606,19,16,0.007001,0.00019128,1,498,1
ACC04970,179289.77,123263.03,23,21,23,21,7795.21,5869.67,87075.0,23817.04,1.0476,21,23,0.008802,0.00028071,1,920,1
ACC04971,141825.6,52981.97,14,12,14,12,10130.4,4415.16,81184.0,12962.09,1.0,12,14,0.005201,0.00011849,0,664,1
ACC04972,50600.12,53524.09,16,12,16,12,3162.51,4460.34,11425.2,11225.72,1.037,12,16,0.005601,0.00014972,1,920,0
ACC04973,78868.09,46096.84,23,15,23,15,3429.05,3073.12,10158.89,5453.57,1.0556,15,23,0.007602,0.00010923,0,675,0
ACC04974,73439.32,83438.69,18,13,18,13,4079.96,6418.36,17635.07,19877.71,1.0333,13,18,0.006201,0.00022102,1,498,0
ACC04975,100228.62,135356.34,22,19,22,19,4555.85,7124.02,11882.86,54672.69,1.0513,19,22,0.008202,0.00021627,1,498,0
ACC04976,133333.51,119834.89,18,17,18,17,7407.42,7049.11,59213.0,18597.58,1.0294,17,18,0.007001,0.00026769,0,675,1
ACC04977,129483.78,87149.55,14,24,14,24,9248.84,3631.23,55044.0,9877.94,1.0857,24,14,0.007602,0.00019577,1,990,1
ACC04978,1166511.86,88239.18,26,15,15,15,44865.84,5882.61,98938.0,12776.07,1.4138,15,15,0.006001,0.00022697,0,498,1
ACC04979,60527.62,45607.32,14,12,14,12,4323.4,3800.61,10299.61,15468.35,1.0,12,14,0.005201,0.0001142,0,675,0
ACC04980,86706.63,105318.74,22,20,22,20,3941.21,5265.94,25386.75,22985.0,1.05,20,22,0.008402,0.00018807,1,920,1
ACC04981,89812.92,50546.19,18,13,18,13,4989.61,3888.17,16385.13,10631.27,1.0333,13,18,0.006201,0.00011624,0,990,0
ACC04982,117488.95,29346.27,18,12,18,12,6527.16,2445.52,27764.02,5493.62,1.1111,12,18,0.006001,0.00011133,0,675,0
ACC04983,100939.54,42587.48,12,13,12,13,8411.63,3275.96,52324.08,19318.49,1.0417,13,12,0.005001,0.00010644,1,498,0
ACC04984,75511.2,124782.96,15,17,15,17,5034.08,7340.17,15697.71,53188.52,1.0323,17,15,0.006401,0.00018232,0,498,0
ACC04985,67746.16,95202.76,18,19,18,19,3763.68,5010.67,12115.12,26557.81,1.0278,19,18,0.007401,0.0002031,0,664,0
ACC04986,92575.27,48475.97,15,8,15,8,6171.68,6059.5,20590.44,13493.64,1.0455,8,15,0.004601,0.00015181,1,255,0
ACC04987,126000.14,49350.91,14,12,14,12,9000.01,4112.58,47370.0,8563.27,1.04,12,14,0.005201,0.00012952,0,498,1
ACC04988,58291.07,68314.73,18,11,18,11,3238.39,6210.43,13213.51,15881.81,1.0,11,18,0.005801,0.00011722,1,920,0
ACC04989,47241.42,77878.22,8,21,8,21,5905.18,3708.49,24013.92,27764.09,1.0357,21,8,0.005801,0.00016534,0,920,0
ACC04990,53691.29,71390.14,15,19,15,19,3579.42,3757.38,14557.52,18369.82,1.0625,19,15,0.006801,0.00018366,1,498,0
ACC04991,132622.57,61523.76,21,18,21,18,6315.36,3417.99,52737.0,7449.08,1.0833,18,21,0.007802,0.00022643,1,255,1
ACC04992,110921.19,61326.64,22,18,22,18,5041.87,3407.04,13862.6,16259.81,1.1111,18,22,0.008002,0.0001401,0,675,0
ACC04993,84972.28,128329.34,22,19,21,19,3862.38,6754.18,14254.87,22826.71,1.0513,19,21,0.008002,0.00016087,1,498,0
ACC04994,130898.86,227305.1,12,23,12,23,10908.24,9882.83,79149.7,80765.0,1.0606,23,12,0.007001,0.00039271,1,920,1
ACC04995,120798.57,144896.51,16,18,16,18,7549.91,8049.81,47844.58,48821.0,1.0968,18,16,0.006801,0.000272,1,664,1
ACC04996,104407.92,895588.79,18,21,18,13,5800.44,42647.09,27456.32,98377.0,1.3448,13,18,0.006201,0.00023739,1,498,1
ACC04997,32054.76,104689.39,12,14,12,14,2671.23,7477.81,8116.43,26782.1,1.0,14,12,0.005201,0.00019834,1,664,0
ACC04998,63895.27,102737.88,14,10,14,10,4563.95,10273.79,8834.15,27262.79,1.0909,10,14,0.004801,0.00018799,0,990,0
ACC04999,72806.95,69922.62,15,23,15,23,4853.8,3040.11,25599.06,7484.18,1.1176,23,15,0.007602,0.00016827,1,920,0
ACC05000,65838.91,67228.3,16,16,16,16,4114.93,4201.77,10172.66,19706.73,1.1034,16,16,0.006401,0.00015419,1,990,0
