account_uid,customer_name,email,phone,account_type,created_at,risk_level,fraud_score,is_fraud
ACC00001,Aryan Maharaj,udantdewan@example.net,8196001338908,Savings,2023-12-06,Low,0.0,1
ACC00002,Oni Kannan,zmall@example.org,6542351161559,Wallet,2023-04-25,Low,0.0,0
ACC00003,Caleb Sharaf,radhakrishnanfarhan@example.net,9593103413164,Current,2023-08-11,Low,0.0,1
ACC00004,Janya Gaba,isha34@example.net,9283276483503,Savings,2022-02-07,Low,0.0,0
ACC00005,Diya Rattan,dominic39@example.net,3767242388496,Savings,2022-05-06,Low,0.0,1
ACC00006,Janaki Kanda,yashodharatak@example.org,1226916697848,Business,2023-11-29,Low,0.0,0
ACC00007,Ishwar Yadav,harini14@example.com,7048281489325,Savings,2023-09-27,Low,0.0,0
ACC00008,Aadi Naik,hbahl@example.com,3039117182278,Current,2023-05-07,Low,0.0,0
ACC00009,Alka Wable,ikakar@example.net,4657871331509,Savings,2022-06-05,Low,0.0,0
ACC00010,Thomas Amble,bhargavaveer@example.org,5183473829973,Current,2021-12-28,Low,0.0,0
ACC00011,Niharika Gupta,chatterjeeraagini@example.com,6701065133387,Business,2023-05-20,Low,0.0,0
ACC00012,Pahal Goswami,turvi31@example.com,0801326773602,Business,2022-05-07,Low,0.0,0
ACC00013,Aarnav Ramakrishnan,suhani46@example.net,2343098050097,Wallet,2021-09-24,Low,0.0,0
ACC00014,Dakshesh Trivedi,grewalekapad@example.net,3619399091699,Savings,2021-11-14,Low,0.0,1
ACC00015,Advika Jayaraman,william46@example.org,7510799118384,Current,2022-01-16,Low,0.0,0
ACC00016,Ikshita Biswas,kalamane@example.org,8498084124118,Business,2023-01-17,Low,0.0,0
ACC00017,Anita Manda,hemaljani@example.net,8740164005242,Wallet,2023-07-25,Low,0.0,0
ACC00018,Prisha Andra,borramanthan@example.net,5982620450533,Current,2024-07-07,Low,0.0,1
ACC00019,Irya Ray,warjasgaba@example.org,0256342160733,Wallet,2023-09-18,Low,0.0,1
ACC00020,Inaya Mody,udantbajwa@example.net,6541458685014,Savings,2022-12-07,Low,0.0,0
ACC00021,Alka Barad,sarafhemani@example.net,6981693406088,Savings,2022-12-29,Low,0.0,0
ACC00022,Januja Sankar,narayanandipta@example.net,4846564823662,Wallet,2022-04-22,Low,0.0,0
ACC00023,Nidra Acharya,bhavini36@example.net,7773872148951,Wallet,2021-09-26,Low,0.0,0
ACC00024,Dayita Kar,mananbakshi@example.org,7917693676320,Savings,2021-12-14,Low,0.0,1
ACC00025,Pavani Kanda,zarnashetty@example.org,1727889579868,Business,2022-06-30,Low,0.0,0
ACC00026,Nathan Soman,wlad@example.org,8734714345581,Savings,2022-12-09,Low,0.0,1
ACC00027,Matthew Kashyap,tdua@example.org,6658760366909,Savings,2022-06-14,Low,0.0,1
ACC00028,Vansha Ahuja,chanchal66@example.net,7346706562729,Wallet,2021-09-03,Low,0.0,0
ACC00029,Meera Bala,sanghakrishna@example.com,0465375564641,Wallet,2022-05-19,Low,0.0,1
ACC00030,Anirudh Zacharia,pallaudarsh@example.net,0033092327193,Current,2022-01-09,Low,0.0,0
ACC00031,Aahana Pillay,ishwargade@example.com,9049663193149,Savings,2023-11-15,Low,0.0,1
ACC00032,Benjamin Palan,eprabhakar@example.net,0671657262849,Current,2021-10-31,Low,0.0,1
ACC00033,Udyati Sarin,ekantika31@example.com,3799650752735,Wallet,2023-10-11,Low,0.0,0
ACC00034,Harini Mammen,advaith83@example.org,6783777014363,Current,2021-07-27,Low,0.0,0
ACC00035,Jyoti Solanki,pavani85@example.com,4443135182337,Savings,2022-12-07,Low,0.0,0
ACC00036,Barkha Chaudhry,chamankaran@example.com,4082400842710,Wallet,2022-09-23,Low,0.0,0
ACC00037,Upasna Srinivas,loak@example.org,7116719022941,Wallet,2023-07-18,Low,0.0,0
ACC00038,Jagat Saha,lajitaseshadri@example.com,9649909133412,Wallet,2023-01-02,Low,0.0,0
ACC00039,Oscar Borde,aarnavrege@example.com,4034471349361,Current,2022-02-13,Low,0.0,1
ACC00040,Manthan Lata,ekbalbhasin@example.org,9947174648877,Wallet,2022-01-12,Low,0.0,0
ACC00041,Balveer Sankaran,zashil01@example.org,4902787429671,Savings,2022-04-17,Low,0.0,0
ACC00042,Ijaya Rege,ekani12@example.com,7468071545168,Current,2022-07-03,Low,0.0,1
ACC00043,Turvi Sachdev,guhazarna@example.com,7034824771093,Current,2023-07-17,Low,0.0,0
ACC00044,Deepa Atwal,ochander@example.org,1274846773782,Business,2022-12-08,Low,0.0,0
ACC00045,Rayaan Trivedi,ekarajmajumdar@example.com,8404499727875,Wallet,2022-03-16,Low,0.0,0
ACC00046,Krishna Shah,ranbir39@example.com,6057662702895,Current,2022-01-29,Low,0.0,1
ACC00047,Ria Chaudhry,uaurora@example.org,2174596158657,Wallet,2021-08-20,Low,0.0,0
ACC00048,Ekapad Keer,utkarsh16@example.org,7240050455623,Savings,2023-05-11,Low,0.0,0
ACC00049,Pranit Garde,farhanraja@example.net,7923747407482,Savings,2021-09-28,Low,0.0,0
ACC00050,Riya Pai,panini47@example.com,6713695944064,Wallet,2022-11-16,Low,0.0,0
ACC00051,Chandran Taneja,victor95@example.org,9421047095214,Wallet,2023-10-25,Low,0.0,0
ACC00052,Ojasvi Gill,kevinzacharia@example.com,2474517123685,Current,2022-05-30,Low,0.0,1
ACC00053,Megha Atwal,jatin75@example.net,9651370985931,Wallet,2023-05-28,Low,0.0,0
ACC00054,Chasmum Rege,deychakradev@example.org,7113826758692,Business,2022-11-21,Low,0.0,0
ACC00055,Hardik Suri,cmammen@example.net,3773515850643,Business,2023-08-07,Low,0.0,0
ACC00056,Suhani Chand,anshbedi@example.com,2931839335290,Wallet,2023-08-11,Low,0.0,1
ACC00057,Maanav De,owen10@example.org,5395024026811,Current,2021-11-29,Low,0.0,1
ACC00058,Saumya Pathak,sethyahvi@example.org,8470076617711,Wallet,2021-11-27,Low,0.0,1
ACC00059,Manbir Bhatti,anvinair@example.com,7896118367365,Business,2022-05-13,Low,0.0,0
ACC00060,Mohini Sagar,munshiprisha@example.com,5271111615280,Business,2022-12-26,Low,0.0,1
ACC00061,Jason Roy,pallavi04@example.net,5198327315851,Current,2023-08-12,Low,0.0,1
ACC00062,Upkaar Sanghvi,lokeayush@example.org,4550229612018,Business,2023-09-29,Low,0.0,0
ACC00063,Krisha Saini,kom@example.com,5991022901476,Savings,2021-08-02,Low,0.0,0
ACC00064,Riya Sachdeva,tanveer81@example.com,1497840369003,Savings,2023-07-28,Low,0.0,0
ACC00065,Siddharth Devan,bimala51@example.org,6226838851606,Current,2021-10-11,Low,0.0,0
ACC00066,Tripti Brahmbhatt,pushti96@example.net,4160529751613,Business,2022-04-30,Low,0.0,0
ACC00067,Nandini Viswanathan,randhawadayita@example.net,3521818835523,Savings,2022-12-02,Low,0.0,0
ACC00068,Madhav Kunda,oscardua@example.net,2779979955271,Business,2022-04-30,Low,0.0,0
ACC00069,Riya Mitter,daksh58@example.org,7700541199867,Business,2022-07-08,Low,0.0,0
ACC00070,Shivani Guha,vamakshi82@example.org,1518203778892,Wallet,2024-06-08,Low,0.0,1
ACC00071,Kashish Mandal,xrege@example.com,5151864492519,Savings,2022-02-03,Low,0.0,0
ACC00072,Inaya Mukherjee,mdayal@example.net,4865281685054,Savings,2022-02-01,Low,0.0,1
ACC00073,Tanish Om,ohanda@example.org,1418880592962,Wallet,2021-11-04,Low,0.0,0
ACC00074,Pratyush Gandhi,abassi@example.com,7947383473597,Wallet,2023-09-08,Low,0.0,0
ACC00075,Baghyawati Raja,medwin@example.net,4075818141247,Wallet,2022-10-12,Low,0.0,0
ACC00076,Rajeshri Chand,shravyapalla@example.org,0685361530515,Current,2022-09-23,Low,0.0,1
ACC00077,Laksh Barad,urmi27@example.com,1043289861434,Savings,2021-12-22,Low,0.0,0
ACC00078,Champak Khare,eshankar@example.org,9808932460953,Wallet,2022-08-06,Low,0.0,0
ACC00079,Rachit Chada,ekansh88@example.net,6706540515319,Current,2022-07-30,Low,0.0,1
ACC00080,Kiaan Basu,hamsini27@example.net,2217043030548,Savings,2021-07-23,Low,0.0,0
ACC00081,Urvashi Kulkarni,halderbhavika@example.com,5415667652775,Wallet,2021-08-22,Low,0.0,1
ACC00082,Fitan Samra,sanipranit@example.net,5115447962757,Current,2023-07-28,Low,0.0,0
ACC00083,Ira Saran,dakshesh16@example.com,0297021355690,Wallet,2021-11-11,Low,0.0,0
ACC00084,Shivani Prabhakar,sachi19@example.org,6543102786814,Current,2022-06-27,Low,0.0,1
ACC00085,Sanaya Kala,vritti31@example.org,7271551884422,Savings,2022-04-27,Low,0.0,0
ACC00086,Yashoda Kapur,iyerliam@example.org,0589578291146,Wallet,2022-08-18,Low,0.0,0
ACC00087,Nirja Rout,dassedhitha@example.net,7785289226801,Savings,2023-09-08,Low,0.0,1
ACC00088,Daksha Gala,ekantikakar@example.com,1438424981829,Wallet,2021-07-15,Low,0.0,1
ACC00089,Onveer Nazareth,balakrishnanfinn@example.org,3969078447364,Wallet,2023-04-30,Low,0.0,0
ACC00090,Elijah Bhasin,riasagar@example.com,3592555625881,Savings,2023-04-29,Low,0.0,1
ACC00091,Wyatt Shukla,lokeshivani@example.org,1046963259532,Savings,2023-10-05,Low,0.0,1
ACC00092,Yutika Sibal,fmorar@example.org,6873395004797,Business,2021-09-17,Low,0.0,1
ACC00093,Abhiram Chokshi,qdesai@example.net,6506098358416,Savings,2021-11-13,Low,0.0,0
ACC00094,Ati Dani,gunbirramesh@example.com,8523986800025,Current,2023-08-22,Low,0.0,0
ACC00095,Zilmil Shan,yutikadey@example.com,2694958887947,Business,2022-06-17,Low,0.0,1
ACC00096,Jyoti Narula,sahadarika@example.net,9749930972896,Current,2023-04-04,Low,0.0,1
ACC00097,Xavier Balay,halderanirudh@example.com,6263689702838,Business,2023-05-29,Low,0.0,1
ACC00098,Vanya Vora,lmurthy@example.com,8549733484344,Current,2021-12-31,Low,0.0,0
ACC00099,Vrinda Nadig,jpalla@example.net,4198665240415,Wallet,2022-11-18,Low,0.0,0
ACC00100,Aahana Srinivas,sakshamyohannan@example.com,2199330833016,Wallet,2022-10-09,Low,0.0,1
ACC00101,Urmi Chaudhry,abduldugar@example.com,7345401938026,Business,2023-08-30,Low,0.0,0
ACC00102,Balhaar Ranganathan,vgrewal@example.com,0499154788728,Current,2023-05-15,Low,0.0,0
ACC00103,Anjali Hans,narayanannicholas@example.net,4205493296685,Savings,2023-01-19,Low,0.0,1
ACC00104,Nandini Chandran,logansood@example.com,0463745499045,Savings,2022-05-08,Low,0.0,0
ACC00105,David Dani,kmohanty@example.com,1459332727956,Current,2022-05-08,Low,0.0,0
ACC00106,Tejas Kota,vorasanya@example.net,1910883982258,Current,2023-12-24,Low,0.0,0
ACC00107,Jackson Jha,gchand@example.com,7286790874064,Savings,2022-01-06,Low,0.0,0
ACC00108,Tejas Bora,sampathhemangini@example.net,8017046226567,Savings,2023-05-11,Low,0.0,0
ACC00109,Keya Buch,ijayadani@example.org,8230047868633,Savings,2023-11-29,Low,0.0,0
ACC00110,Hiral Dubey,ranbir10@example.net,9033119079030,Wallet,2023-10-20,Low,0.0,0
ACC00111,Reva Kaur,dakshdey@example.net,3959953428364,Current,2023-03-21,Low,0.0,0
ACC00112,Darsh Gill,dtandon@example.com,8566246287334,Business,2023-05-26,Low,0.0,1
ACC00113,Ubika Bhardwaj,jsaha@example.net,6343517518304,Current,2021-12-21,Low,0.0,1
ACC00114,Balveer Bora,teerthsrinivas@example.org,4033173936385,Business,2023-04-27,Low,0.0,1
ACC00115,Lajita Shukla,darika45@example.net,7175355609320,Business,2021-09-26,Low,0.0,0
ACC00116,Omisha Merchant,rohannarayan@example.org,9378547772522,Business,2023-06-20,Low,0.0,0
ACC00117,Qarin Bhargava,bordechanakya@example.org,2312038750997,Savings,2023-09-23,Low,0.0,0
ACC00118,Amol Ahuja,barora@example.net,8408621182339,Business,2023-01-03,Low,0.0,1
ACC00119,Irya Loke,xbrar@example.com,9334101666870,Business,2022-11-06,Low,0.0,0
ACC00120,Onveer Butala,psaraf@example.com,8033974014890,Business,2021-07-30,Low,0.0,0
ACC00121,Divya Babu,maanasrao@example.org,2939685621850,Savings,2022-02-10,Low,0.0,0
ACC00122,Rajeshri Kata,oakmekhala@example.com,4773586629619,Savings,2023-10-30,Low,0.0,0
ACC00123,Yatin Borah,loyalmitesh@example.com,6551104754121,Business,2021-12-16,Low,0.0,0
ACC00124,Raagini Sen,bchauhan@example.org,8199560466183,Wallet,2021-10-03,Low,0.0,0
ACC00125,Lajita Gara,amrutamitra@example.com,2126464715437,Savings,2023-04-21,Low,0.0,1
ACC00126,Tanvi Chhabra,dakshaahuja@example.com,9657569245937,Current,2023-06-20,Low,0.0,0
ACC00127,Peter Rao,bishakha79@example.org,6465193982807,Business,2023-08-10,Low,0.0,0
ACC00128,Raksha Manne,regexalak@example.org,3426617979688,Business,2023-06-27,Low,0.0,1
ACC00129,Balhaar Parsa,choprayuvraj@example.net,2909656101438,Wallet,2022-09-14,Low,0.0,0
ACC00130,Sanaya Prasad,xsheth@example.net,5071461125457,Current,2021-07-19,Low,0.0,0
ACC00131,Vasudha Pall,cchatterjee@example.net,5140105123828,Savings,2022-10-04,Low,0.0,1
ACC00132,Ganga Sandhu,zkata@example.com,2660937966033,Savings,2023-11-10,Low,0.0,0
ACC00133,Dev Chaudry,jasmitnanda@example.org,1478596969155,Savings,2023-09-27,Low,0.0,1
ACC00134,Orinder Mishra,desaidhriti@example.org,4125286692966,Current,2023-07-14,Low,0.0,0
ACC00135,Vidhi Yogi,ojassuri@example.com,2579050723688,Business,2022-08-21,Low,0.0,0
ACC00136,Nilima Swamy,fsawhney@example.org,9034043842797,Business,2023-05-27,Low,0.0,1
ACC00137,Ishaan Loyal,benjamin78@example.org,1340745171339,Business,2023-11-01,Low,0.0,1
ACC00138,Priya Gandhi,samueljhaveri@example.org,8498254494812,Current,2022-12-08,Low,0.0,0
ACC00139,Daniel Malhotra,kevinkrish@example.org,3672946671168,Savings,2022-11-27,Low,0.0,0
ACC00140,Jyoti Sha,lnarang@example.org,7518636374545,Wallet,2021-10-20,Low,0.0,0
ACC00141,Vedhika Oza,batrahardik@example.net,0127706324241,Business,2023-03-14,Low,0.0,1
ACC00142,Zashil Butala,noah06@example.net,3611037129387,Business,2022-01-17,Low,0.0,0
ACC00143,Abhiram Oza,samikevin@example.com,3611155426221,Business,2023-07-26,Low,0.0,0
ACC00144,Nitesh Sarraf,tanay26@example.net,3112196565234,Current,2023-03-03,Low,0.0,0
ACC00145,Yuvraj Mane,mitrasamesh@example.net,6403761379180,Current,2023-11-02,Low,0.0,0
ACC00146,Edhitha Deo,xsalvi@example.net,7109104300684,Savings,2021-11-26,Low,0.0,0
ACC00147,Pallavi Ratti,yadavmichael@example.com,4183285691463,Wallet,2023-11-03,Low,0.0,1
ACC00148,Yash Chadha,ddalia@example.net,4210202758842,Savings,2022-05-12,Low,0.0,0
ACC00149,Jonathan Luthra,balangautami@example.com,8149177850792,Business,2022-08-04,Low,0.0,0
ACC00150,Nakul Kumer,daliavedant@example.net,0030756220863,Current,2023-11-03,Low,0.0,0
ACC00151,Yuvraj Saha,anika19@example.com,8023806174451,Savings,2021-08-12,Low,0.0,0
ACC00152,Abhiram Pillay,bishakhamodi@example.net,7597383206038,Current,2023-10-22,Low,0.0,0
ACC00153,Aditya Nayak,puridamyanti@example.org,8367024103865,Savings,2022-02-08,Low,0.0,0
ACC00154,Frado Chandran,meeraborde@example.net,6234456557431,Current,2022-11-13,Low,0.0,0
ACC00155,Laban Chopra,hiteshgala@example.com,5618537474112,Savings,2022-05-27,Low,0.0,0
ACC00156,Banjeet Kale,manbir13@example.com,8044206788317,Current,2022-05-18,Low,0.0,0
ACC00157,Logan Dara,bhatiatristan@example.org,6519941013721,Savings,2022-04-06,Low,0.0,0
ACC00158,Jason Basak,kbedi@example.net,6706625324472,Savings,2022-10-28,Low,0.0,1
ACC00159,Yatan Merchant,jsabharwal@example.com,1462638380657,Wallet,2023-04-08,Low,0.0,0
ACC00160,Hemangini Thakkar,lipika42@example.org,9304078593213,Current,2022-02-14,Low,0.0,0
ACC00161,Amaira Walla,kandalipika@example.com,2395590599293,Wallet,2023-05-01,Low,0.0,0
ACC00162,Dayamai Gill,fbarad@example.org,9308705932525,Wallet,2022-11-21,Low,0.0,0
ACC00163,Anthony Divan,indrajitvora@example.com,5691545226752,Current,2022-02-12,Low,0.0,0
ACC00164,Udant Gill,umohanty@example.net,2209690295939,Wallet,2022-09-19,Low,0.0,0
ACC00165,Watika Dhaliwal,faras35@example.com,1570433154100,Wallet,2021-11-22,Low,0.0,0
ACC00166,Raksha Saini,odikatailor@example.com,8617932710405,Savings,2023-12-22,Low,0.0,0
ACC00167,Henry Borah,onkar62@example.net,8159970629620,Business,2022-04-04,Low,0.0,0
ACC00168,Garima Jha,nimratzachariah@example.com,4310698720506,Savings,2023-10-17,Low,0.0,0
ACC00169,Chaitaly Srinivasan,gunbirbal@example.org,4171467741862,Current,2022-07-31,Low,0.0,0
ACC00170,Lakshmi Pingle,sanayabasu@example.com,7434902115869,Wallet,2023-08-18,Low,0.0,1
ACC00171,Darsh Ram,rwason@example.com,7416089899217,Wallet,2023-10-22,Low,0.0,0
ACC00172,Oliver Kakar,jonathanbasak@example.com,6329451168685,Current,2022-12-18,Low,0.0,0
ACC00173,Zinal Shanker,virkoni@example.org,2299911914856,Wallet,2023-07-23,Low,0.0,1
ACC00174,Leela Sunder,lbarad@example.com,2996065307450,Business,2021-08-30,Low,0.0,1
ACC00175,Chavvi Mukhopadhyay,vyanjana13@example.org,7546913736785,Wallet,2022-04-14,Low,0.0,1
ACC00176,Yutika Dutt,mukhopadhyayyashawini@example.com,8902330307053,Savings,2022-02-16,Low,0.0,1
ACC00177,Jyoti Shetty,rdasgupta@example.org,5797279855241,Wallet,2022-02-20,Low,0.0,0
ACC00178,Ayaan Raju,gabatanish@example.org,3468007229034,Savings,2021-07-15,Low,0.0,1
ACC00179,Anvi Sampath,dpalla@example.com,7489691085899,Current,2023-04-05,Low,0.0,0
ACC00180,Chanchal Chokshi,vbhatt@example.com,4443283096520,Savings,2023-09-13,Low,0.0,1
ACC00181,Chakrika Lad,yravel@example.net,9935387584282,Current,2023-03-28,Low,0.0,0
ACC00182,Gunbir Sinha,aarnagoswami@example.net,1353465549471,Wallet,2022-04-21,Low,0.0,1
ACC00183,Chatresh Bobal,ghayer@example.org,8460223569725,Current,2021-12-27,Low,0.0,0
ACC00184,Faris Sura,peter50@example.org,4329271296666,Wallet,2023-06-06,Low,0.0,0
ACC00185,Leela Agrawal,wallaryan@example.net,0583003354216,Wallet,2022-08-01,Low,0.0,0
ACC00186,Oliver Bhattacharyya,misrabina@example.com,6257532603323,Business,2023-04-18,Low,0.0,0
ACC00187,Yamini Gara,peribaljiwan@example.com,8909010016761,Savings,2023-09-28,Low,0.0,0
ACC00188,Urvi Dua,adityamitra@example.com,8499261891411,Business,2021-09-03,Low,0.0,0
ACC00189,Rushil Iyengar,saksham56@example.com,0873753001197,Wallet,2023-11-16,Low,0.0,1
ACC00190,Gautam Vaidya,chaudhuriaahana@example.net,7447012045561,Savings,2023-01-24,Low,0.0,0
ACC00191,Chakradev Andra,onkarnarasimhan@example.com,9415521667467,Current,2022-03-19,Low,0.0,0
ACC00192,Ojas Chowdhury,danieldutta@example.org,9797296590277,Wallet,2023-07-19,Low,0.0,0
ACC00193,Nisha Sastry,bhatnagaradvika@example.net,0899358891637,Business,2022-06-15,Low,0.0,0
ACC00194,Lekha Dixit,aptenaksh@example.net,7217535408386,Business,2022-06-05,Low,0.0,1
ACC00195,Wahab Brar,zsawhney@example.net,1775170166088,Savings,2023-09-08,Low,0.0,0
ACC00196,Gavin Modi,tanmayiom@example.com,3758997571130,Savings,2022-01-23,Low,0.0,0
ACC00197,Isha Manne,hitesh02@example.com,6149331637351,Current,2022-06-21,Low,0.0,0
ACC00198,Chakradhar Dasgupta,qshankar@example.net,7080869782922,Savings,2021-08-29,Low,0.0,1
ACC00199,Lila Nagy,msahota@example.net,4654722698485,Wallet,2022-05-14,Low,0.0,1
ACC00200,Sai Kadakia,hemani22@example.net,1587996846081,Current,2022-10-17,Low,0.0,1
ACC00201,Lakshmi Dhillon,bhallaryan@example.com,4420438057198,Current,2023-11-19,Low,0.0,0
ACC00202,Lopa Khanna,champak66@example.com,8004397359893,Wallet,2022-12-23,Low,0.0,0
ACC00203,Chaitaly Sen,falangrover@example.org,6064842294057,Savings,2022-12-30,Low,0.0,0
ACC00204,Balveer Dube,charan94@example.com,1583281826886,Current,2022-02-01,Low,0.0,0
ACC00205,Ikshita Kant,garimanarula@example.com,3987801573993,Current,2022-02-17,Low,0.0,0
ACC00206,Ekani Raj,rajuaahana@example.net,0858877043581,Savings,2023-01-03,Low,0.0,0
ACC00207,Oliver Yogi,bhattishivansh@example.net,6138612075011,Business,2022-04-05,Low,0.0,0
ACC00208,Pranav Krishnamurthy,kariaarna@example.com,7665061809190,Current,2023-05-03,Low,0.0,0
ACC00209,Ishita Thakkar,manncharvi@example.net,4766072832684,Current,2021-10-03,Low,0.0,0
ACC00210,Chanchal Prakash,dhaliwaljatin@example.org,9968814353682,Current,2022-11-04,Low,0.0,0
ACC00211,Qarin Kant,rishi12@example.net,8781414139755,Savings,2023-07-01,Low,0.0,1
ACC00212,Wahab Chaudhry,ekaraj35@example.com,5949299556205,Wallet,2021-10-21,Low,0.0,0
ACC00213,Timothy Sarin,jagvi25@example.com,7547812914283,Business,2021-10-01,Low,0.0,0
ACC00214,Faraj Borra,tripathiazaan@example.net,9308488725639,Current,2023-04-02,Low,0.0,0
ACC00215,Krish Shetty,ranganathanjanuja@example.net,3928272299275,Current,2021-10-16,Low,0.0,0
ACC00216,Theodore Sura,devlalla@example.com,0385677005184,Savings,2022-12-05,Low,0.0,1
ACC00217,Owen Puri,lpau@example.net,8463865577908,Savings,2021-08-04,Low,0.0,0
ACC00218,Ria Gandhi,farajvarkey@example.net,3222591365177,Business,2023-05-18,Low,0.0,0
ACC00219,Shivansh Edwin,pbains@example.org,9922809202428,Current,2021-09-16,Low,0.0,0
ACC00220,Anirudh Mander,kalitasaumya@example.net,7236929298425,Business,2023-01-07,Low,0.0,0
ACC00221,Ekapad Karpe,irajan@example.org,3886291279908,Wallet,2021-09-12,Low,0.0,0
ACC00222,Girik Subramaniam,aaravsankar@example.net,5086376599162,Current,2023-05-17,Low,0.0,0
ACC00223,Vansha Kaul,mandernilima@example.com,0098180635651,Savings,2022-02-24,Low,0.0,0
ACC00224,Pooja Kulkarni,pallavi95@example.net,6368872588744,Current,2022-11-18,Low,0.0,1
ACC00225,Mitali Devi,karpesanya@example.net,1386589026012,Wallet,2023-03-21,Low,0.0,0
ACC00226,Radhika Chakrabarti,lalltristan@example.com,9066984902770,Savings,2021-10-31,Low,0.0,0
ACC00227,Zarna Mangal,bahadurjituppal@example.net,9205302146566,Wallet,2023-01-06,Low,0.0,1
ACC00228,Zarna Aurora,chanabhavani@example.net,5439376904268,Business,2022-02-04,Low,0.0,0
ACC00229,Elijah Thakur,harini18@example.com,7697357790714,Wallet,2023-12-03,Low,0.0,0
ACC00230,Lavanya Kannan,diyasachar@example.com,4341651827553,Savings,2021-07-16,Low,0.0,0
ACC00231,Qadim Gupta,piyengar@example.net,4333395211179,Wallet,2023-07-02,Low,0.0,0
ACC00232,Brijesh Subramaniam,divya79@example.com,2846392086780,Wallet,2023-11-22,Low,0.0,1
ACC00233,Meera Ghosh,sdara@example.net,5003691559428,Savings,2022-04-30,Low,0.0,0
ACC00234,Warjas Luthra,xoza@example.org,6365564729293,Business,2023-01-12,Low,0.0,0
ACC00235,Anamika Keer,mraj@example.org,7026728857448,Wallet,2022-10-11,Low,0.0,0
ACC00236,Mitali Chaudhary,darpankale@example.com,1754558845061,Savings,2022-12-02,Low,0.0,0
ACC00237,Rushil Yohannan,bhavanipant@example.com,7169472256996,Current,2023-04-15,Low,0.0,0
ACC00238,Fariq Edwin,vedant55@example.net,4964759876220,Savings,2022-01-05,Low,0.0,0
ACC00239,Wahab Krishnamurthy,kadeojas@example.com,1178006811492,Business,2023-12-30,Low,0.0,0
ACC00240,Madhavi More,yugmander@example.com,2820055778487,Current,2022-12-24,Low,0.0,0
ACC00241,Peter Shan,oviswanathan@example.net,5783174564240,Business,2023-10-21,Low,0.0,0
ACC00242,Laban Padmanabhan,upasna80@example.net,7406493085368,Wallet,2022-04-02,Low,0.0,1
ACC00243,Megha Krish,madhaviradhakrishnan@example.org,1638944846312,Wallet,2022-02-20,Low,0.0,1
ACC00244,Bimala Choudhry,rsethi@example.net,3502080214427,Savings,2021-12-24,Low,0.0,0
ACC00245,Viraj Chana,alexandertak@example.org,6475705120461,Wallet,2022-07-30,Low,0.0,0
ACC00246,Pratyush Handa,lakshmi01@example.net,6730371837645,Wallet,2022-02-17,Low,0.0,0
ACC00247,Brijesh Verma,kulkarnivasana@example.net,3503136502491,Business,2023-01-31,Low,0.0,0
ACC00248,Xavier Andra,somanmohammed@example.com,3271950052812,Business,2022-01-17,Low,0.0,0
ACC00249,Viraj Nadig,reva30@example.net,5240778487392,Wallet,2022-06-12,Low,0.0,1
ACC00250,Ekiya Sidhu,naveen18@example.org,4485708620959,Current,2023-06-18,Low,0.0,0
ACC00251,Ekani Bhatnagar,hgupta@example.net,8294565118102,Business,2024-08-02,Low,0.0,1
ACC00252,Azad Jaggi,sunderrehaan@example.org,9678994053910,Business,2022-02-06,Low,0.0,0
ACC00253,Vyanjana Buch,xbhat@example.net,5094801413811,Current,2022-04-10,Low,0.0,0
ACC00254,Lekha Gupta,yuvrajgola@example.net,1957612286852,Wallet,2022-11-11,Low,0.0,1
ACC00255,Indira Murty,kamya66@example.net,9398368457760,Savings,2023-02-23,Low,0.0,0
ACC00256,Bhavani Babu,chasmumahuja@example.com,3504888992107,Wallet,2023-05-30,Low,0.0,1
ACC00257,Nachiket Devi,jeevika93@example.org,4196931572791,Business,2021-10-18,Low,0.0,0
ACC00258,Baljiwan Raj,bhallagaurika@example.com,6139060480589,Wallet,2022-09-11,Low,0.0,1
ACC00259,Eta Thakkar,michaelbedi@example.net,7998136462251,Business,2022-10-05,Low,0.0,1
ACC00260,Chandran Rastogi,frederick68@example.com,2783769389833,Current,2022-07-26,Low,0.0,0
ACC00261,Amaira Sani,gaurav16@example.com,5355904259792,Business,2021-10-10,Low,0.0,0
ACC00262,Chaitanya Kaur,kashvidugal@example.net,1039240514770,Current,2022-02-25,Low,0.0,0
ACC00263,Shaurya Yogi,samarvirk@example.com,9206980420439,Savings,2023-03-16,Low,0.0,0
ACC00264,Chatresh Shroff,bhavsarlipika@example.net,5104636815798,Wallet,2023-09-27,Low,0.0,1
ACC00265,Quincy Issac,cbains@example.org,5762055543840,Current,2022-02-11,Low,0.0,0
ACC00266,Lila Balan,umang25@example.com,1689363926495,Wallet,2023-05-15,Low,0.0,0
ACC00267,Karan Jhaveri,samakshdevi@example.com,6292518812520,Current,2023-08-03,Low,0.0,1
ACC00268,Odika Sabharwal,saanvi42@example.org,2209949993933,Savings,2023-11-14,Low,0.0,1
ACC00269,Jagrati Buch,gdesai@example.net,5267722330604,Current,2022-09-01,Low,0.0,0
ACC00270,Tristan Jain,dominicgoel@example.com,5736609656999,Savings,2022-09-21,Low,0.0,0
ACC00271,Ikbal Seth,pbasak@example.net,0868034764472,Business,2022-03-27,Low,0.0,0
ACC00272,Chaitaly Bhagat,ubikaseth@example.org,2982665702793,Current,2021-12-26,Low,0.0,0
ACC00273,Gautam Krishna,nihal11@example.org,5186892686025,Business,2022-08-12,Low,0.0,0
ACC00274,Nicholas Dhillon,charansaini@example.com,7421230940777,Business,2023-04-26,Low,0.0,0
ACC00275,Wakeeta Khanna,vamakshisetty@example.com,1990384983022,Current,2022-02-28,Low,0.0,0
ACC00276,Ikshita Bansal,bachittarmisra@example.com,0162249998279,Savings,2021-11-23,Low,0.0,0
ACC00277,Balendra Chander,ekantika56@example.org,8147214586833,Savings,2021-10-25,Low,0.0,1
ACC00278,Ikbal Wadhwa,sulebhavna@example.com,4899529978772,Business,2023-05-21,Low,0.0,0
ACC00279,Bina Hari,daniarjun@example.com,3966055830344,Current,2021-09-29,Low,0.0,0
ACC00280,Darika Mital,abeer15@example.com,9902355770272,Business,2023-11-10,Low,0.0,0
ACC00281,Gautami Shere,hbhalla@example.com,8803955124056,Current,2021-08-15,Low,0.0,0
ACC00282,Lopa Grover,morardivya@example.net,4617357438421,Savings,2022-09-20,Low,0.0,0
ACC00283,Baljiwan Jaggi,sawhneyyashawini@example.org,8235784521823,Current,2021-10-02,Low,0.0,0
ACC00284,Tripti Ram,agrawaldeepa@example.org,5701840943533,Business,2022-02-16,Low,0.0,0
ACC00285,Aradhana Walia,ridhi14@example.org,4109881385854,Wallet,2021-11-18,Low,0.0,0
ACC00286,Bhanumati Konda,ekavirmukhopadhyay@example.net,8702070160166,Business,2022-04-13,Low,0.0,0
ACC00287,Sanaya Parekh,gaurangi38@example.org,9217174773329,Business,2021-09-02,Low,0.0,1
ACC00288,Januja Ramanathan,ganganair@example.com,0171577245992,Business,2023-07-22,Low,0.0,0
ACC00289,Nidra Chhabra,ekavir48@example.com,9639382761539,Business,2022-09-27,Low,0.0,0
ACC00290,Radhika Oommen,oscarbrahmbhatt@example.net,1997581724619,Wallet,2021-11-22,Low,0.0,0
ACC00291,Ladli Narang,fbhat@example.org,9022784699733,Current,2021-08-23,Low,0.0,1
ACC00292,Chandani Modi,fpadmanabhan@example.net,9862405800851,Wallet,2021-11-07,Low,0.0,0
ACC00293,Azaan Keer,oramesh@example.com,6668327238656,Business,2022-03-30,Low,0.0,0
ACC00294,Bhavya Dass,advaybora@example.net,2762126796927,Current,2023-03-25,Low,0.0,0
ACC00295,Shivani Rajagopalan,upkaar26@example.net,9738468950097,Business,2023-10-13,Low,0.0,1
ACC00296,Isaiah Subramaniam,dharati@example.com,8913718949058,Wallet,2023-05-05,Low,0.0,0
ACC00297,Upasna Setty,anarula@example.com,4209494079290,Wallet,2023-01-22,Low,0.0,1
ACC00298,Avi Mangat,ibutala@example.net,4429444019292,Wallet,2022-06-26,Low,0.0,0
ACC00299,Kala Gill,warinder72@example.net,5129276637239,Savings,2023-08-12,Low,0.0,1
ACC00300,Chatura Lalla,benoliver@example.com,7478366742860,Current,2023-05-09,Low,0.0,0
ACC00301,Saumya Raja,benjamin18@example.net,6945441496739,Business,2022-01-20,Low,0.0,1
ACC00302,Zinal Nazareth,dhritianne@example.net,1061817534430,Current,2022-01-07,Low,0.0,1
ACC00303,George Bhandari,jairajdar@example.org,6921244717465,Current,2023-10-27,Low,0.0,0
ACC00304,Neel Borah,david66@example.com,4427173962712,Business,2022-11-09,Low,0.0,0
ACC00305,Tejas Cherian,glad@example.org,1947072006425,Wallet,2022-06-24,Low,0.0,0
ACC00306,Aarush Varma,bsridhar@example.com,8306719855460,Business,2022-11-01,Low,0.0,1
ACC00307,Jasmit Warrior,faris74@example.net,2806346157173,Savings,2023-06-03,Low,0.0,0
ACC00308,Balendra Hans,kharevrinda@example.com,8478700505061,Business,2022-11-28,Low,0.0,0
ACC00309,Tara Yadav,virajbora@example.org,7079032020417,Savings,2021-08-06,Low,0.0,0
ACC00310,Devansh Cherian,tankthomas@example.org,6565198253092,Business,2022-08-30,Low,0.0,0
ACC00311,Dev Dara,lohit62@example.net,8273902196207,Savings,2023-01-05,Low,0.0,1
ACC00312,Abeer Amble,gauravmander@example.com,2324876329092,Wallet,2021-11-20,Low,0.0,1
ACC00313,Gaurang Mitra,omya08@example.org,1819588373403,Business,2021-08-10,Low,0.0,0
ACC00314,Manthan Som,kgoda@example.net,0543645970108,Business,2022-06-28,Low,0.0,0
ACC00315,Nakul Balakrishnan,hvarma@example.org,7995635315313,Current,2022-08-19,Low,0.0,1
ACC00316,Ryan Prashad,ethansinha@example.net,0623972652735,Current,2023-03-27,Low,0.0,0
ACC00317,Samaksh Nayak,azadbhasin@example.com,1776253492929,Business,2022-08-21,Low,0.0,1
ACC00318,Gabriel Sabharwal,lkalita@example.com,4063356939290,Savings,2022-11-28,Low,0.0,0
ACC00319,Chaitanya Baria,cthaman@example.com,7177318063254,Wallet,2022-02-15,Low,0.0,0
ACC00320,Gautam Babu,kmody@example.net,9907726257016,Business,2021-12-20,Low,0.0,0
ACC00321,Bachittar Minhas,smadan@example.net,1950850165790,Current,2021-08-23,Low,0.0,1
ACC00322,Jeevika Gill,jayaramanlakshit@example.com,8179335548640,Business,2023-08-23,Low,0.0,0
ACC00323,Kashish Pai,gsunder@example.net,7884795137116,Savings,2022-11-23,Low,0.0,1
ACC00324,Bhavya Bose,galaanya@example.org,7238046827567,Savings,2023-10-07,Low,0.0,1
ACC00325,Bishakha Gulati,bainsvincent@example.net,6955798877492,Business,2023-08-15,Low,0.0,1
ACC00326,Onveer Lad,vedaprabhu@example.com,2547292842222,Business,2023-06-28,Low,0.0,0
ACC00327,Jackson Barman,jonathan74@example.com,3805525782841,Savings,2023-04-09,Low,0.0,0
ACC00328,Nidhi Tata,taranagarajan@example.org,8854749297517,Business,2023-01-30,Low,0.0,1
ACC00329,Liam Dada,aryan69@example.org,5150939834301,Current,2022-09-22,Low,0.0,0
ACC00330,Gagan Vala,fhayer@example.com,5626565045547,Wallet,2023-01-20,Low,0.0,0
ACC00331,Tanveer Sawhney,ssavant@example.org,6299123478519,Business,2023-03-22,Low,0.0,0
ACC00332,Gaurang Ahuja,amahajan@example.org,9232648704947,Business,2023-04-17,Low,0.0,0
ACC00333,Udarsh Bala,dubeadweta@example.com,1462730147195,Savings,2022-09-06,Low,0.0,0
ACC00334,Rajata Kuruvilla,xdar@example.net,4290257252045,Savings,2021-11-24,Low,0.0,1
ACC00335,Ishani Bava,bishakha81@example.net,2192855445189,Savings,2023-01-07,Low,0.0,1
ACC00336,Maanas Arya,zarnamanda@example.com,6521328338988,Current,2022-03-06,Low,0.0,0
ACC00337,Omisha Sharma,dadakaran@example.org,5452798524013,Savings,2021-10-23,Low,0.0,1
ACC00338,Lucky Karan,jeremiah32@example.org,1107603108907,Savings,2021-11-19,Low,0.0,0
ACC00339,Zehaan Bassi,mitraadvaith@example.org,9393250124955,Savings,2023-04-22,Low,0.0,0
ACC00340,Xiti Khurana,chaudharyakshay@example.net,3428013875927,Current,2021-08-24,Low,0.0,0
ACC00341,Pratyush Pant,nsamra@example.net,6151718275480,Savings,2022-04-04,Low,0.0,1
ACC00342,Falak Tak,rajanbhanumati@example.com,7386463175207,Current,2023-05-01,Low,0.0,1
ACC00343,Meghana Sarma,darluke@example.com,9121535396136,Current,2022-09-03,Low,0.0,0
ACC00344,Arya Mahajan,eparekh@example.net,7842711477320,Savings,2022-06-02,Low,0.0,1
ACC00345,Chatresh Bir,lbala@example.com,2499118773477,Current,2022-09-11,Low,0.0,0
ACC00346,Hemal Zachariah,balayqushi@example.org,7567700284276,Wallet,2021-11-06,Low,0.0,0
ACC00347,Devika Ramachandran,kchoudhary@example.net,8897782806479,Wallet,2023-07-13,Low,0.0,1
ACC00348,Ira Mane,darsh09@example.org,5590561655650,Savings,2021-10-26,Low,0.0,0
ACC00349,Yug Keer,frado14@example.org,2085076986407,Current,2023-02-16,Low,0.0,0
ACC00350,Edhitha Purohit,knaidu@example.org,1357852945637,Savings,2022-05-18,Low,0.0,1
ACC00351,Tanish Mani,champak49@example.com,9191954198763,Savings,2023-02-15,Low,0.0,1
ACC00352,Faraj Mittal,rachita85@example.org,6498782082973,Business,2022-11-20,Low,0.0,0
ACC00353,Amrita Walia,hbhasin@example.org,7232466513644,Current,2023-10-15,Low,0.0,0
ACC00354,Aahana Keer,hkhare@example.org,0347786603242,Current,2023-09-18,Low,0.0,0
ACC00355,Aarna Mall,brijeshsunder@example.org,1594165162319,Wallet,2021-08-13,Low,0.0,0
ACC00356,Zayan Taneja,khannajason@example.com,9636321234764,Savings,2021-10-07,Low,0.0,1
ACC00357,Vritti Walla,isaiah58@example.com,3425754090034,Savings,2023-01-10,Low,0.0,0
ACC00358,Dayamai Patil,warriorwarjas@example.com,0644134327560,Business,2022-02-22,Low,0.0,0
ACC00359,Faris Swamy,vsachar@example.net,1248156985700,Wallet,2023-10-22,Low,0.0,1
ACC00360,Sachi Deshpande,rattanryan@example.net,5911238296577,Wallet,2023-12-19,Low,0.0,0
ACC00361,Abha Ghose,baghyawati31@example.com,2669300893173,Business,2021-09-10,Low,0.0,1
ACC00362,Om Bawa,msanghvi@example.com,1529108677133,Business,2023-09-14,Low,0.0,0
ACC00363,Amaira Mani,iraja@example.com,9343626204439,Business,2022-12-26,Low,0.0,0
ACC00364,Yuvraj Pingle,achada@example.com,5636694118005,Business,2022-01-06,Low,0.0,0
ACC00365,Urishilla Pandya,ahluwaliazehaan@example.net,4652809242875,Current,2022-10-12,Low,0.0,1
ACC00366,Kevin Chakraborty,rachita24@example.org,0274564494856,Current,2021-12-10,Low,0.0,0
ACC00367,Diya Swamy,riabera@example.org,0320742761707,Wallet,2022-04-10,Low,0.0,1
ACC00368,Vedhika Shankar,uchowdhury@example.org,5134228499390,Business,2022-09-11,Low,0.0,1
ACC00369,Omaja Bose,wishichandra@example.com,4165915201777,Business,2021-09-07,Low,0.0,1
ACC00370,Abdul Narayan,sethiekta@example.net,3045018961642,Wallet,2023-02-04,Low,0.0,0
ACC00371,Mohini Chakraborty,joshinicholas@example.com,4214764925158,Current,2021-09-02,Low,0.0,0
ACC00372,Vrishti Sehgal,rsoni@example.net,1659266108573,Savings,2023-03-21,Low,0.0,0
ACC00373,Warhi Vyas,mannanupadhriti@example.com,7422438649081,Business,2023-04-26,Low,0.0,1
ACC00374,Yochana Chokshi,gsachar@example.com,5491801722601,Business,2022-05-27,Low,0.0,1
ACC00375,Chameli Murthy,nsengupta@example.com,2321941680061,Business,2023-01-21,Low,0.0,1
ACC00376,Onveer Sood,qravel@example.net,4995641220310,Savings,2022-08-12,Low,0.0,0
ACC00377,Avi Kadakia,pdhillon@example.org,8314727601227,Wallet,2023-06-28,Low,0.0,0
ACC00378,Urishilla Bahri,mkibe@example.com,0501667998407,Business,2023-05-28,Low,0.0,0
ACC00379,Vedika Varghese,tkata@example.org,6958146717957,Wallet,2021-10-06,Low,0.0,0
ACC00380,Ansh Edwin,rehaan75@example.com,8395972466572,Wallet,2023-01-17,Low,0.0,0
ACC00381,Barkha Chadha,ldayal@example.org,9716743380054,Wallet,2022-04-30,Low,0.0,0
ACC00382,Nathan Ghosh,bhattgeetika@example.com,9318374550842,Wallet,2022-06-10,Low,0.0,0
ACC00383,Chandresh Sarma,gchoudhry@example.net,8081213524787,Savings,2022-07-20,Low,0.0,0
ACC00384,Mitesh Patla,lakshit13@example.com,0375482145653,Current,2023-10-05,Low,0.0,0
ACC00385,Oviya Kari,pushtisachdev@example.com,8507208115562,Current,2021-12-24,Low,0.0,0
ACC00386,Darsh Ramaswamy,doradalbir@example.net,6684550489267,Business,2022-08-18,Low,0.0,1
ACC00387,Riya Pai,thora@example.org,8562884318848,Current,2022-01-23,Low,0.0,0
ACC00388,Nathaniel Bajaj,zachariaaarna@example.org,6810548510174,Business,2022-03-10,Low,0.0,0
ACC00389,Sudiksha Nori,vivaanpalla@example.com,9268315893571,Business,2022-09-29,Low,0.0,0
ACC00390,Pavani Sabharwal,chandadavid@example.com,7371586988649,Savings,2023-09-27,Low,0.0,0
ACC00391,Pallavi Sarraf,ksaha@example.org,7728813770285,Wallet,2023-05-19,Low,0.0,0
ACC00392,Nilima Choudhary,pinglebimala@example.org,1545447022960,Business,2022-01-22,Low,0.0,1
ACC00393,Bhanumati Kale,vrindaagate@example.org,1067949756792,Current,2023-02-21,Low,0.0,1
ACC00394,Yamini Sharma,jsen@example.net,1996636580741,Wallet,2022-09-03,Low,0.0,1
ACC00395,Aryan More,chadareyansh@example.net,9837801820433,Wallet,2022-10-22,Low,0.0,0
ACC00396,Frado Walla,neelima90@example.com,5626085641118,Wallet,2023-01-05,Low,0.0,0
ACC00397,Bhavika Dhawan,aadhyachakraborty@example.org,6209520046152,Business,2023-03-29,Low,0.0,0
ACC00398,Ekiya Kuruvilla,ddara@example.org,9937886140578,Wallet,2023-04-18,Low,0.0,0
ACC00399,Dominic Sule,reddyvivaan@example.org,8913824967183,Current,2023-08-30,Low,0.0,0
ACC00400,Kashvi Zachariah,yatanyogi@example.com,0079420074946,Current,2023-02-11,Low,0.0,0
ACC00401,Simon Uppal,chakradev28@example.net,4161284639855,Savings,2021-12-01,Low,0.0,0
ACC00402,Sneha Mahajan,ekantaom@example.org,9502097002687,Current,2023-06-18,Low,0.0,0
ACC00403,Finn Brahmbhatt,saxenajatin@example.com,9562017537030,Current,2021-12-05,Low,0.0,0
ACC00404,Ishita Handa,mittertimothy@example.org,5047930361498,Business,2023-03-23,Low,0.0,0
ACC00405,Onkar Hari,dhruvdave@example.net,2493843089487,Wallet,2023-09-20,Low,0.0,0
ACC00406,Prisha Ben,rachana64@example.org,7580304687506,Current,2023-03-03,Low,0.0,0
ACC00407,Gaurika Bumb,karapallavi@example.org,3254110760954,Current,2022-12-27,Low,0.0,0
ACC00408,Hritik Solanki,harinibhagat@example.com,1997179110065,Current,2023-02-25,Low,0.0,0
ACC00409,Joshua Bhatia,tbhakta@example.net,1108046619639,Savings,2022-01-05,Low,0.0,1
ACC00410,Sudiksha Rajagopalan,nsangha@example.net,5078593110919,Current,2023-03-26,Low,0.0,1
ACC00411,Jonathan Upadhyay,isha67@example.net,2320024968549,Savings,2023-11-06,Low,0.0,0
ACC00412,Manan Singh,hemal45@example.org,0388065333153,Wallet,2022-01-16,Low,0.0,0
ACC00413,Unni Narula,chandani65@example.org,7073033793375,Current,2022-03-18,Low,0.0,0
ACC00414,Samesh Ratta,abeerpatil@example.org,5081247395003,Business,2023-09-17,Low,0.0,0
ACC00415,Bhanumati Ghosh,adwetaghosh@example.com,2302410261534,Savings,2022-05-23,Low,0.0,0
ACC00416,Wriddhish Pingle,onveer89@example.com,1223386559630,Wallet,2022-09-07,Low,0.0,0
ACC00417,Chaitaly Dixit,yug04@example.org,3179128685787,Business,2022-10-06,Low,0.0,1
ACC00418,Ekanta Prakash,etalwar@example.com,9033373634669,Wallet,2023-06-26,Low,0.0,1
ACC00419,Kavya Kumar,desaifrado@example.com,8539078956776,Savings,2023-04-17,Low,0.0,0
ACC00420,Jhalak Tank,anjali60@example.org,3415148881431,Business,2023-09-06,Low,0.0,0
ACC00421,Ekbal Parsa,iyergauri@example.org,4443928404456,Savings,2024-05-21,Low,0.0,1
ACC00422,Advik Sodhi,mitalikari@example.org,7389877515366,Business,2023-10-17,Low,0.0,0
ACC00423,Reva Sengupta,prasadliam@example.net,4075536668459,Savings,2023-07-29,Low,0.0,1
ACC00424,Azad Dewan,gangaraman@example.com,6186371597412,Current,2021-09-22,Low,0.0,0
ACC00425,Peter Balay,lbala@example.org,6433481705802,Wallet,2023-10-05,Low,0.0,0
ACC00426,Nirja Raman,indrajitdayal@example.net,7163234672994,Current,2023-09-01,Low,0.0,0
ACC00427,Yadavi Shanker,saksham02@example.com,6938597779014,Business,2022-04-20,Low,0.0,0
ACC00428,Idika Mishra,agill@example.org,9676291603248,Current,2021-10-28,Low,0.0,1
ACC00429,Ekalinga Kalla,wsabharwal@example.net,5118567243807,Business,2022-09-26,Low,0.0,1
ACC00430,Elijah Shenoy,voza@example.com,6004125777118,Business,2023-03-02,Low,0.0,1
ACC00431,Raksha Dey,kmallick@example.org,9124186210427,Business,2023-02-22,Low,0.0,0
ACC00432,Pranav Kalita,waliatarak@example.com,8164709006335,Savings,2022-04-16,Low,0.0,0
ACC00433,Ryan Chand,samaayaan@example.org,3131220681558,Savings,2021-11-10,Low,0.0,0
ACC00434,Sarthak Rana,odara@example.org,5520650637314,Current,2022-03-31,Low,0.0,1
ACC00435,Caleb Bhavsar,nirjamitra@example.net,1892419562525,Current,2023-04-05,Low,0.0,0
ACC00436,Ekansh Nayak,senlavanya@example.net,8903091436391,Savings,2023-07-24,Low,0.0,0
ACC00437,Laksh Prasad,mminhas@example.org,3039752450864,Current,2023-07-07,Low,0.0,0
ACC00438,Veer Narula,xavier38@example.org,3968527017130,Savings,2023-07-24,Low,0.0,0
ACC00439,Samarth Dass,ghosesamarth@example.org,6742336293449,Savings,2022-11-08,Low,0.0,0
ACC00440,Saksham Magar,xbuch@example.com,2776896270661,Business,2022-01-25,Low,0.0,0
ACC00441,Michael Gill,lajita74@example.com,6897152732300,Business,2023-03-08,Low,0.0,1
ACC00442,Vyanjana Ravel,vrana@example.com,7491601692364,Savings,2023-05-08,Low,0.0,0
ACC00443,Yashodhara Suresh,dalbir66@example.net,3705024972439,Wallet,2022-01-07,Low,0.0,0
ACC00444,Advik Dada,rajagopalanmitali@example.net,8362644886946,Wallet,2022-01-11,Low,0.0,1
ACC00445,Ikbal Padmanabhan,amrutakadakia@example.net,4027011686462,Business,2023-10-20,Low,0.0,0
ACC00446,Kavya Grewal,rudrasur@example.org,7932302346791,Current,2023-04-05,Low,0.0,1
ACC00447,Fariq Memon,purohitjeet@example.com,5093771004090,Current,2022-10-22,Low,0.0,0
ACC00448,Siddharth Vig,prashadzinal@example.com,7596555535669,Savings,2022-06-22,Low,0.0,1
ACC00449,Ishani Narayanan,aggarwaltanmayi@example.net,2091843579786,Current,2022-03-08,Low,0.0,0
ACC00450,Aarush Nagy,parsachakradev@example.net,7397691567164,Current,2023-04-03,Low,0.0,1
ACC00451,Luke Venkatesh,dattawidisha@example.org,8727178333211,Current,2023-10-19,Low,0.0,0
ACC00452,Ayush Dyal,leela43@example.net,7128715399156,Savings,2023-07-15,Low,0.0,0
ACC00453,Rajeshri Kaul,aashidalia@example.com,1159319525690,Wallet,2022-05-01,Low,0.0,0
ACC00454,David Wason,lipikasampath@example.com,2899316087524,Wallet,2022-10-08,Low,0.0,0
ACC00455,Xalak Shah,bhanumatidhingra@example.net,9548149737460,Savings,2022-09-08,Low,0.0,0
ACC00456,Michael Kade,charlesgola@example.com,4208656756618,Wallet,2022-01-14,Low,0.0,0
ACC00457,Barkha Hayer,ichatterjee@example.com,4729277423330,Business,2023-03-28,Low,0.0,0
ACC00458,Harsh Divan,rsane@example.org,1572018596263,Business,2022-10-09,Low,0.0,1
ACC00459,Jagat Khosla,tsuresh@example.net,6176475011117,Savings,2022-04-28,Low,0.0,0
ACC00460,Arin Srinivasan,girindra92@example.com,6492151826068,Savings,2022-10-15,Low,0.0,0
ACC00461,Devansh Venkataraman,johaljacob@example.org,0875102932184,Wallet,2022-04-22,Low,0.0,1
ACC00462,Frado Dash,januja82@example.com,3408487297585,Wallet,2023-12-05,Low,0.0,1
ACC00463,Hardik Basu,balhaarguha@example.org,3298395429618,Savings,2023-05-11,Low,0.0,0
ACC00464,Abha Raj,mugdhashan@example.org,6283143598926,Savings,2021-11-08,Low,0.0,0
ACC00465,Diya Saraf,mbal@example.org,4181861515542,Wallet,2022-05-20,Low,0.0,1
ACC00466,Anusha Anne,purohittristan@example.com,1284971859484,Savings,2021-11-10,Low,0.0,1
ACC00467,Chanakya Garde,lopa25@example.net,7924082226940,Current,2022-09-06,Low,0.0,0
ACC00468,Zaid Sahota,cgoswami@example.com,8446834146511,Business,2023-03-22,Low,0.0,1
ACC00469,Wriddhish Chander,daksheshchad@example.net,8706827788160,Current,2022-05-11,Low,0.0,0
ACC00470,Abhimanyu Sandal,yash89@example.org,2832152850676,Business,2022-03-21,Low,0.0,0
ACC00471,Kashvi Chowdhury,zaid81@example.com,7443096348079,Business,2023-09-29,Low,0.0,0
ACC00472,Dakshesh Parekh,sharmafalguni@example.com,1052650167318,Business,2023-01-09,Low,0.0,1
ACC00473,Nirja Dasgupta,jamble@example.net,3765456284177,Business,2023-01-24,Low,0.0,1
ACC00474,Logan Pandya,wahluwalia@example.net,1340266502374,Wallet,2022-02-13,Low,0.0,0
ACC00475,Oviya Suresh,udatta@example.com,2110225803056,Savings,2021-08-05,Low,0.0,1
ACC00476,Radha Srinivasan,baghyawati71@example.com,9282341436371,Current,2023-01-28,Low,0.0,0
ACC00477,Ranbir Dixit,jaideo@example.com,4326093106684,Business,2022-01-20,Low,0.0,0
ACC00478,Tristan Nayar,dsrinivas@example.net,0414545635020,Business,2023-03-11,Low,0.0,0
ACC00479,Charles Nagy,bhavikasodhi@example.com,6247554110825,Business,2021-09-19,Low,0.0,0
ACC00480,Janaki Wadhwa,wazir43@example.net,1129109337118,Savings,2022-09-22,Low,0.0,0
ACC00481,Charvi Som,miteshbassi@example.org,6848557161768,Savings,2023-02-12,Low,0.0,0
ACC00482,Ojas Mahal,bimalabath@example.net,3678812786866,Wallet,2023-02-03,Low,0.0,1
ACC00483,Samuel Gour,duttatejas@example.net,8788443448123,Savings,2021-10-31,Low,0.0,0
ACC00484,Wazir Manne,divanarunima@example.org,0338105955184,Business,2021-07-29,Low,0.0,1
ACC00485,Nilima Menon,dakshesh05@example.org,2408916498373,Savings,2022-02-26,Low,0.0,1
ACC00486,Amruta Jani,cdugal@example.org,5271727223972,Business,2022-11-03,Low,0.0,0
ACC00487,Ansh Mukherjee,peterramesh@example.net,1216376182091,Savings,2023-06-22,Low,0.0,0
ACC00488,Leena Bail,aryacaleb@example.org,1429001851327,Wallet,2022-04-03,Low,0.0,0
ACC00489,Nihal Mohanty,varenya23@example.org,8100184186203,Business,2022-03-31,Low,0.0,0
ACC00490,Utkarsh Sane,wdin@example.net,3617213145195,Business,2021-11-13,Low,0.0,0
ACC00491,Jalsa Chad,dorapranav@example.com,9262494514754,Savings,2023-06-06,Low,0.0,1
ACC00492,Aarnav Dixit,ekajadivan@example.com,7119642152265,Wallet,2022-06-17,Low,0.0,1
ACC00493,Warda Samra,msachdev@example.net,2366878878836,Current,2023-03-12,Low,0.0,0
ACC00494,Oviya Vyas,gagankeer@example.com,3058721055247,Business,2022-01-15,Low,0.0,1
ACC00495,Oviya Kibe,udarshbhalla@example.net,1260650191792,Business,2023-08-29,Low,0.0,0
ACC00496,Manan Pau,farhankonda@example.org,9622728476570,Savings,2022-03-26,Low,0.0,0
ACC00497,Indrajit Dugal,balayoscar@example.net,0667849843624,Current,2022-01-04,Low,0.0,0
ACC00498,Krishna Dass,nandinibhalla@example.org,2891775662056,Current,2023-02-16,Low,0.0,0
ACC00499,Anamika Chopra,brahmbhattjanani@example.net,0342811390438,Savings,2022-06-14,Low,0.0,1
ACC00500,Bachittar Khosla,frederick99@example.org,0051405468356,Business,2023-09-27,Low,0.0,0
ACC00501,Kai Chatterjee,nikita81@example.net,0967904227113,Current,2021-08-22,Low,0.0,0
ACC00502,Lohit Dyal,sara25@example.com,9606339912971,Savings,2022-09-15,Low,0.0,0
ACC00503,Luke More,taragirindra@example.com,2421495511274,Savings,2022-03-08,Low,0.0,0
ACC00504,Aahana Sathe,jatinsura@example.org,4669275895516,Current,2022-08-08,Low,0.0,0
ACC00505,Adya Basak,kondaabhiram@example.org,4629613671577,Wallet,2022-07-28,Low,0.0,0
ACC00506,Ikbal Chada,hritikranganathan@example.com,6515597371470,Wallet,2022-11-01,Low,0.0,0
ACC00507,Upma Dhingra,ekajabalay@example.net,0567303064421,Business,2022-09-04,Low,0.0,1
ACC00508,Ekapad Mahal,tbumb@example.net,6834201654235,Current,2022-09-20,Low,0.0,0
ACC00509,Vasatika Soman,rajeshripant@example.net,0893199255027,Current,2022-12-04,Low,0.0,0
ACC00510,Xalak Nadig,rayadya@example.net,7279103368296,Current,2022-04-27,Low,0.0,0
ACC00511,Ijaya Kadakia,akshayprabhakar@example.com,4481776655868,Current,2021-07-30,Low,0.0,0
ACC00512,Ishaan Goda,xsangha@example.org,8664649111109,Savings,2023-03-24,Low,0.0,0
ACC00513,Hemang Taneja,sawhneyyahvi@example.net,4633786137157,Business,2023-01-17,Low,0.0,0
ACC00514,Meghana Amble,udarsh84@example.com,4630600025895,Wallet,2021-09-12,Low,0.0,0
ACC00515,Onkar Sani,mahikahans@example.net,0962626582631,Savings,2023-03-17,Low,0.0,1
ACC00516,Yamini Dani,jlad@example.org,3110609209819,Wallet,2021-08-26,Low,0.0,1
ACC00517,Aryan De,lparmar@example.org,4383640412091,Business,2021-07-28,Low,0.0,1
ACC00518,Tripti Das,dharbarkha@example.com,1175361706171,Current,2022-09-30,Low,0.0,0
ACC00519,Oni Prashad,shravya22@example.com,2990155799802,Business,2023-01-12,Low,0.0,0
ACC00520,Jairaj Hans,wasonarin@example.net,3513052312447,Wallet,2022-06-14,Low,0.0,0
ACC00521,George Pall,unni76@example.net,3423461994237,Business,2022-09-21,Low,0.0,0
ACC00522,Sanaya Sampath,eiravati91@example.net,6395517208496,Wallet,2021-07-24,Low,0.0,1
ACC00523,Indira Rao,contractorpranit@example.com,2531355251050,Current,2022-01-16,Low,0.0,1
ACC00524,Tanay Shroff,viraj81@example.com,9383184919665,Current,2022-05-25,Low,0.0,1
ACC00525,Rudra Hegde,takwishi@example.org,6117295963904,Business,2023-05-06,Low,0.0,0
ACC00526,Aayush Shenoy,karan60@example.net,5017164455618,Business,2023-11-17,Low,0.0,0
ACC00527,Wakeeta Batta,smisra@example.com,1591030021563,Wallet,2021-11-29,Low,0.0,1
ACC00528,Gaurang Halder,abdul04@example.org,0414596422971,Business,2022-01-08,Low,0.0,0
ACC00529,Eiravati Divan,qsekhon@example.org,9774573144158,Business,2022-12-01,Low,0.0,1
ACC00530,Samesh Brahmbhatt,talwardarpan@example.org,3763715398854,Current,2022-08-11,Low,0.0,1
ACC00531,Mitesh Thaman,detheodore@example.com,7983631462491,Savings,2023-08-24,Low,0.0,1
ACC00532,Triya Chhabra,khoslaamol@example.com,4078754181563,Wallet,2021-07-24,Low,0.0,0
ACC00533,Mekhala Thakkar,vtrivedi@example.org,4510663436294,Savings,2021-07-19,Low,0.0,1
ACC00534,Zilmil Sant,bediyuvraj@example.org,1009431814396,Business,2023-09-20,Low,0.0,0
ACC00535,Maya Chaudhuri,amritatandon@example.org,3549401289743,Business,2023-12-16,Low,0.0,0
ACC00536,Divya Boase,rachitnatarajan@example.com,0765024120957,Current,2022-11-07,Low,0.0,1
ACC00537,Vrinda Kota,cchoudhary@example.org,3882211457758,Current,2023-10-16,Low,0.0,0
ACC00538,Vidhi Kulkarni,tara05@example.com,8971480263257,Business,2021-10-22,Low,0.0,0
ACC00539,Yash Sankar,samuel13@example.com,4878245569644,Wallet,2023-01-19,Low,0.0,0
ACC00540,Benjamin Venkatesh,jason67@example.net,4107272849824,Business,2022-03-06,Low,0.0,0
ACC00541,Bhavya Bhattacharyya,alexander70@example.org,9107406500425,Savings,2021-08-11,Low,0.0,1
ACC00542,Yadavi Dubey,madanluke@example.net,6914307536661,Wallet,2021-08-11,Low,0.0,0
ACC00543,Chasmum Mukhopadhyay,rajatanaidu@example.net,3426834414978,Business,2023-02-10,Low,0.0,1
ACC00544,Keya Sarkar,deviriya@example.net,8575676670806,Business,2021-07-21,Low,0.0,0
ACC00545,Logan Mittal,yauvaniprakash@example.org,0626078701041,Savings,2022-04-08,Low,0.0,0
ACC00546,Gunbir Mannan,dnarula@example.org,3828723244079,Savings,2023-05-05,Low,0.0,1
ACC00547,Ishwar Bhavsar,duajai@example.net,3317087601467,Wallet,2023-05-13,Low,0.0,0
ACC00548,Wahab Lad,bdasgupta@example.org,2232883774419,Savings,2022-10-13,Low,0.0,1
ACC00549,Jhalak Maharaj,sraju@example.org,6620471960940,Savings,2021-11-13,Low,0.0,1
ACC00550,Brijesh Pant,upadhritishanker@example.com,2588358681225,Savings,2022-10-03,Low,0.0,1
ACC00551,Tripti Dey,chavvi61@example.net,6792988425995,Current,2022-01-20,Low,0.0,0
ACC00552,Ekansh Bath,duttvincent@example.org,7753312661094,Wallet,2023-12-02,Low,0.0,1
ACC00553,Baljiwan Bora,mprasad@example.net,2517629833477,Savings,2023-02-02,Low,0.0,0
ACC00554,Umang Jaggi,radhawadhwa@example.org,9013020569815,Savings,2023-03-06,Low,0.0,0
ACC00555,Watika Gupta,urvitella@example.com,9821766191284,Wallet,2022-12-13,Low,0.0,0
ACC00556,Jacob Tara,charanzachariah@example.com,3446512418938,Business,2023-08-04,Low,0.0,0
ACC00557,Mohini Bhandari,sinhaadya@example.net,0564350238503,Current,2022-07-06,Low,0.0,1
ACC00558,Elijah Banik,ekavir69@example.net,8724010783567,Business,2022-05-31,Low,0.0,1
ACC00559,Vedant Bail,balrohan@example.net,0870662668217,Current,2023-07-10,Low,0.0,1
ACC00560,Jhalak Pandey,hemalsarkar@example.org,3190368900301,Current,2023-10-12,Low,0.0,0
ACC00561,Jonathan Sarna,barkhabassi@example.com,9342967111483,Business,2022-04-06,Low,0.0,0
ACC00562,Ishanvi Kannan,xmittal@example.net,3845881056974,Current,2022-08-09,Low,0.0,0
ACC00563,Samar Devan,dalajakade@example.org,2037710704496,Current,2023-05-08,Low,0.0,1
ACC00564,Frado Bhasin,leena70@example.com,7033626804085,Business,2022-03-18,Low,0.0,0
ACC00565,Gayathri Lala,ayaanom@example.net,6018648769984,Wallet,2022-09-17,Low,0.0,0
ACC00566,Lakshmi Sibal,kevinaurora@example.com,1384596094544,Wallet,2022-02-17,Low,0.0,0
ACC00567,Jeet Mohanty,aishani27@example.com,7070578360914,Savings,2021-09-29,Low,0.0,1
ACC00568,Devansh Sastry,aarnamajumdar@example.com,2322903102879,Business,2023-03-12,Low,0.0,0
ACC00569,Benjamin Kari,ladaarini@example.org,8093511871813,Current,2023-10-17,Low,0.0,1
ACC00570,Eshana Prabhu,pbora@example.com,2059556574902,Business,2023-01-12,Low,0.0,0
ACC00571,Chaitanya Mannan,atharvcherian@example.net,5889536902611,Wallet,2022-03-17,Low,0.0,0
ACC00572,Yahvi Sahota,wablecharan@example.net,8875439435353,Business,2022-01-24,Low,0.0,0
ACC00573,Divya D’Alia,sairout@example.com,5881579376392,Wallet,2022-09-20,Low,0.0,0
ACC00574,Nikita Devi,bhavini55@example.org,6682973270216,Wallet,2023-06-11,Low,0.0,0
ACC00575,Upma Chaudhuri,bahadurjitsankar@example.org,1288665268341,Business,2021-08-10,Low,0.0,0
ACC00576,Gayathri Chokshi,borahisha@example.com,7647229812099,Business,2023-09-13,Low,0.0,0
ACC00577,Sudiksha Raghavan,reva28@example.net,1347509889864,Current,2022-12-06,Low,0.0,0
ACC00578,Leena Nagar,lukebarman@example.net,6849951542144,Wallet,2022-05-22,Low,0.0,0
ACC00579,Reva Kapur,bhavyalad@example.net,3421388209088,Wallet,2022-01-14,Low,0.0,0
ACC00580,Abeer Suresh,pinglesamar@example.com,7827411767412,Wallet,2023-12-09,Low,0.0,0
ACC00581,Jackson Pandya,kapadiafalan@example.com,8547815061853,Business,2023-03-25,Low,0.0,0
ACC00582,Abhiram Korpal,krishakannan@example.net,4727274231830,Savings,2022-05-31,Low,0.0,0
ACC00583,Ekalinga Swaminathan,pranavbarad@example.com,9693578243477,Savings,2022-04-20,Low,0.0,0
ACC00584,Ishanvi Srivastava,gopal31@example.com,7536127515627,Business,2021-08-31,Low,0.0,0
ACC00585,Nisha Keer,mannanamrita@example.net,6085456676640,Wallet,2021-10-28,Low,0.0,1
ACC00586,Vedika Kanda,chakradev47@example.com,9283199529800,Current,2022-04-19,Low,0.0,0
ACC00587,Gautam Nath,dev08@example.org,8328634255638,Wallet,2023-05-21,Low,0.0,0
ACC00588,Agastya Banik,vyasharsh@example.net,7024403304166,Current,2022-04-05,Low,0.0,0
ACC00589,Anamika Chad,borahyamini@example.net,0089219639456,Wallet,2022-02-05,Low,0.0,0
ACC00590,Chasmum Mahal,gjain@example.com,6461368474883,Current,2022-03-28,Low,0.0,0
ACC00591,Anay Taneja,wpradhan@example.net,7390637579145,Savings,2022-03-29,Low,0.0,1
ACC00592,Fiyaz Chandran,sarthaksuri@example.net,1269789307464,Savings,2023-02-18,Low,0.0,0
ACC00593,Matthew Bansal,niharika04@example.net,8787535778811,Business,2023-11-27,Low,0.0,0
ACC00594,Faras Prashad,agastyaedwin@example.net,2371067287286,Wallet,2021-12-12,Low,0.0,0
ACC00595,Aditya Minhas,saranchaitaly@example.net,8595922483958,Current,2023-09-30,Low,0.0,1
ACC00596,Urmi Shere,gangadeshmukh@example.org,0562271043318,Wallet,2023-01-31,Low,0.0,0
ACC00597,Ganga Chandra,sidhunaksh@example.org,8350344694596,Business,2023-07-05,Low,0.0,0
ACC00598,Samaksh Brahmbhatt,harshilkalita@example.com,4912896599949,Current,2023-08-18,Low,0.0,0
ACC00599,Shaurya Ganguly,katatarak@example.org,2270510287675,Wallet,2022-07-06,Low,0.0,0
ACC00600,Xiti Dalal,mayapurohit@example.com,5485819324268,Wallet,2021-09-02,Low,0.0,0
ACC00601,Vrishti Krishna,saranijaya@example.org,5756398365203,Current,2023-04-12,Low,0.0,0
ACC00602,Jalsa Vora,abdulmukherjee@example.com,5480940476044,Business,2021-09-27,Low,0.0,1
ACC00603,Azaan Sinha,lswaminathan@example.com,0509222161070,Wallet,2021-11-27,Low,0.0,0
ACC00604,Gunbir Mall,anaynatarajan@example.net,2958066013824,Wallet,2021-09-29,Low,0.0,0
ACC00605,Orinder Sawhney,majumdarrushil@example.net,2044851579197,Savings,2022-09-08,Low,0.0,0
ACC00606,Jackson Chana,gabrielgrewal@example.com,2035713432406,Savings,2023-08-09,Low,0.0,1
ACC00607,Pranav Mallick,diyasachdev@example.org,4324474175955,Current,2021-08-03,Low,0.0,0
ACC00608,Onkar Bansal,idugal@example.net,6543588418343,Business,2021-08-17,Low,0.0,0
ACC00609,Advika Balay,varughesequincy@example.com,7955969051502,Wallet,2023-09-30,Low,0.0,0
ACC00610,Vaishnavi Natt,harish25@example.com,7820797996673,Business,2023-12-17,Low,0.0,1
ACC00611,Kashvi Nazareth,trattan@example.org,8166496902824,Wallet,2022-06-30,Low,0.0,0
ACC00612,Liam De,chatura14@example.org,7627023244123,Savings,2022-09-22,Low,0.0,0
ACC00613,Rajeshri Chana,miteshprasad@example.org,2517863767316,Wallet,2022-02-11,Low,0.0,0
ACC00614,Eesha Deol,snarain@example.net,9681579039235,Wallet,2022-05-12,Low,0.0,0
ACC00615,Harini Thaker,raofaras@example.net,2730346156262,Business,2021-09-10,Low,0.0,1
ACC00616,Deepa Ram,qbanerjee@example.com,2681715160252,Wallet,2023-09-12,Low,0.0,1
ACC00617,Suhani Apte,bratti@example.org,6419785758512,Current,2022-09-05,Low,0.0,0
ACC00618,Leela Buch,abhimanyunazareth@example.net,3897607401775,Savings,2022-04-06,Low,0.0,0
ACC00619,Kala Krishnan,rnazareth@example.com,8424560754091,Wallet,2022-04-16,Low,0.0,0
ACC00620,Balhaar Wali,lkothari@example.org,2276457938970,Current,2022-03-08,Low,0.0,0
ACC00621,Eta Pradhan,dinharrison@example.com,5466024161394,Savings,2022-03-21,Low,0.0,0
ACC00622,Yoshita Zacharia,chandranprasad@example.net,3642480962440,Business,2022-01-13,Low,0.0,0
ACC00623,Sarthak Bahl,rdayal@example.com,9513305319497,Wallet,2022-03-07,Low,0.0,0
ACC00624,Falguni Ramachandran,varora@example.com,5727738264609,Business,2023-09-03,Low,0.0,0
ACC00625,Vidhi Pai,johalkala@example.com,5770299295966,Current,2023-11-15,Low,0.0,1
ACC00626,Bhanumati Swaminathan,keyayogi@example.org,9116331942268,Savings,2023-02-23,Low,0.0,0
ACC00627,Indira Kalla,umallick@example.com,5888636774722,Business,2023-09-04,Low,0.0,0
ACC00628,Bhavya Aggarwal,ucchal21@example.com,6630932998199,Savings,2023-05-05,Low,0.0,0
ACC00629,Arin Nair,ojassodhi@example.net,5096883275327,Current,2022-11-29,Low,0.0,0
ACC00630,Ekantika Deo,dhruv03@example.net,7397327819523,Business,2022-12-17,Low,0.0,1
ACC00631,Ekaraj Amble,rayzinal@example.com,1648198077046,Business,2022-05-09,Low,0.0,0
ACC00632,Januja Ratta,ysangha@example.org,2491256523734,Current,2022-11-02,Low,0.0,0
ACC00633,Forum Borah,wswamy@example.org,5475749490228,Savings,2021-08-30,Low,0.0,1
ACC00634,Atharv Kant,janani44@example.net,9477422294643,Business,2022-04-10,Low,0.0,0
ACC00635,Siddharth Mitter,adviklad@example.com,7925298585672,Business,2023-03-20,Low,0.0,0
ACC00636,Parth Sule,qatwal@example.org,3433249135779,Savings,2022-01-24,Low,0.0,1
ACC00637,Vedant Jain,bachittar61@example.com,4888107983342,Wallet,2023-05-23,Low,0.0,0
ACC00638,Vedant Shan,banjeetlata@example.net,1312840333997,Business,2022-10-02,Low,0.0,0
ACC00639,Guneet Yadav,nagarelijah@example.org,1717318939749,Current,2021-08-08,Low,0.0,0
ACC00640,Qushi Choudhury,lhayer@example.net,0469472587844,Wallet,2023-09-21,Low,0.0,1
ACC00641,Yuvraj Om,yahvi47@example.org,7058772216417,Wallet,2022-06-22,Low,0.0,1
ACC00642,Qadim Hari,katatanay@example.com,5871493925236,Wallet,2023-10-30,Low,0.0,0
ACC00643,Nakul Dugar,zaitra79@example.com,3474524555746,Business,2023-03-24,Low,0.0,0
ACC00644,Omisha Ahluwalia,abhakta@example.com,7403344505665,Current,2023-08-28,Low,0.0,0
ACC00645,Tanveer Thakur,gmahal@example.org,2579706734996,Business,2023-09-29,Low,0.0,1
ACC00646,Harrison Bhalla,anya85@example.com,1721562294938,Current,2022-03-14,Low,0.0,0
ACC00647,Raksha Korpal,abha88@example.com,2155732573755,Savings,2023-11-10,Low,0.0,0
ACC00648,Aashi Kumer,deyjagdish@example.net,6670808509608,Wallet,2023-04-26,Low,0.0,0
ACC00649,Vyanjana Mandal,ekalinga19@example.org,8281979316477,Current,2021-10-17,Low,0.0,0
ACC00650,Ganga Bora,harinakshisetty@example.net,0694096003562,Current,2023-10-22,Low,0.0,1
ACC00651,Udant Narain,xiyer@example.net,9232342108902,Current,2022-05-10,Low,0.0,0
ACC00652,Ekapad Narang,victor33@example.com,6433502716073,Current,2021-09-20,Low,0.0,1
ACC00653,Chandran Sekhon,mrastogi@example.org,9112898123179,Current,2023-01-29,Low,0.0,1
ACC00654,Edhitha Sagar,shivanshchana@example.net,7481700666155,Current,2021-10-15,Low,0.0,1
ACC00655,Dhruv Saraf,veer16@example.com,4502329028227,Savings,2023-03-23,Low,0.0,0
ACC00656,Darsh Kadakia,kamya96@example.org,2282251207346,Current,2023-08-20,Low,0.0,1
ACC00657,Alka Nagi,balgarima@example.org,0260869822105,Wallet,2021-10-05,Low,0.0,0
ACC00658,George Saini,chowdhuryvamakshi@example.com,8729047742585,Current,2023-09-10,Low,0.0,0
ACC00659,Vanya Tailor,jeremiahkanda@example.net,2311649133424,Savings,2023-08-19,Low,0.0,0
ACC00660,Turvi Venkatesh,karan56@example.com,9060320203265,Savings,2022-12-30,Low,0.0,0
ACC00661,Vasana Sule,raghav96@example.com,7948714855245,Current,2022-05-08,Low,0.0,0
ACC00662,Tanmayi Char,zilmil41@example.com,0821371184254,Wallet,2023-12-15,Low,0.0,0
ACC00663,Rajata Butala,mitalivaidya@example.org,3035892988085,Current,2023-04-04,Low,0.0,0
ACC00664,Ojas Prasad,harishgandhi@example.net,2896340646867,Savings,2023-08-24,Low,0.0,0
ACC00665,Ekanta Deshpande,aadi14@example.net,3991062272362,Business,2022-07-11,Low,0.0,1
ACC00666,Mahika Hari,inayabobal@example.org,2619237245018,Savings,2021-11-28,Low,0.0,0
ACC00667,Harshil Sinha,rakshamisra@example.org,2154064176927,Savings,2022-08-31,Low,0.0,1
ACC00668,Umang Virk,chakrabartijanani@example.org,6601444856451,Business,2021-10-26,Low,0.0,0
ACC00669,Harrison Sunder,wardakant@example.net,4178996986091,Wallet,2022-07-24,Low,0.0,0
ACC00670,Girish Dalal,jalsasama@example.com,5779806603920,Savings,2022-09-25,Low,0.0,1
ACC00671,Hardik Master,ubalakrishnan@example.com,5553470574238,Current,2022-04-11,Low,0.0,0
ACC00672,Nandini Pall,xalakchakraborty@example.com,9835411659726,Savings,2021-12-17,Low,0.0,1
ACC00673,Alka Sunder,geetika75@example.org,5013948848826,Wallet,2024-01-14,Low,0.0,1
ACC00674,Rushil Chander,raveladya@example.org,8562614991537,Savings,2023-10-30,Low,0.0,0
ACC00675,Yatan Dubey,atharv73@example.net,3373204309776,Business,2024-06-19,Low,0.0,1
ACC00676,Nitara Grewal,vram@example.com,4655358512538,Business,2022-10-21,Low,0.0,0
ACC00677,Gopal Tripathi,uwason@example.org,5837490797796,Savings,2022-08-16,Low,0.0,1
ACC00678,Onveer Bains,wbhandari@example.com,1514940976263,Business,2023-10-17,Low,0.0,0
ACC00679,Dayita Yohannan,ganga39@example.net,2895090591191,Savings,2024-06-08,Low,0.0,1
ACC00680,Neel Hayer,praneelgolla@example.org,1511696667252,Current,2023-10-25,Low,0.0,0
ACC00681,Deepa Pant,qushikrishnan@example.com,2463351571840,Current,2023-03-25,Low,0.0,0
ACC00682,Daniel Prakash,gangulyaarav@example.net,0564099512397,Wallet,2022-12-06,Low,0.0,1
ACC00683,Tejas Pai,dubeykavya@example.net,7282709081441,Wallet,2022-09-23,Low,0.0,0
ACC00684,Pranit Vasa,harishtank@example.org,9578671815352,Business,2023-09-21,Low,0.0,1
ACC00685,Vritti Guha,wbarman@example.org,9181589988683,Savings,2021-08-10,Low,0.0,1
ACC00686,Ekani Deshmukh,shora@example.net,6661707158796,Current,2022-10-17,Low,0.0,1
ACC00687,Widisha Mani,wablebenjamin@example.org,4998250800463,Business,2023-05-12,Low,0.0,0
ACC00688,Charles Saraf,yashodaprabhakar@example.net,3172351373990,Business,2023-01-18,Low,0.0,0
ACC00689,Lakshmi Jha,mannanaayush@example.org,2635602293946,Business,2022-11-18,Low,0.0,0
ACC00690,Samarth Mahajan,aanne@example.com,4374906072311,Business,2021-12-14,Low,0.0,0
ACC00691,Nathan Suresh,goswamifalak@example.org,6484494116318,Savings,2023-02-14,Low,0.0,0
ACC00692,Sai Datta,singhvarenya@example.org,3062113695727,Business,2023-02-14,Low,0.0,0
ACC00693,Yahvi Gulati,eeshabassi@example.net,2542573066248,Wallet,2022-12-13,Low,0.0,0
ACC00694,Umang Gour,gautamisarna@example.org,1398482285011,Current,2022-01-27,Low,0.0,1
ACC00695,Zarna Warrior,garaekanta@example.com,2130609069130,Business,2023-10-24,Low,0.0,1
ACC00696,Anmol Soni,rmandal@example.net,7379457727853,Savings,2021-09-01,Low,0.0,0
ACC00697,Bhavini Ghosh,kkurian@example.com,6420768362536,Savings,2023-09-27,Low,0.0,1
ACC00698,Omisha Sharma,ysawhney@example.com,5562833339395,Business,2023-09-24,Low,0.0,0
ACC00699,Nilima Prasad,tanay62@example.com,8749603358268,Wallet,2021-09-21,Low,0.0,0
ACC00700,Pranit Savant,jhaverilibni@example.net,4926932657327,Current,2022-06-10,Low,0.0,0
ACC00701,Balendra Chatterjee,chadaansh@example.org,5155323415959,Savings,2022-05-10,Low,0.0,0
ACC00702,Vaishnavi Nigam,bimalamitter@example.org,2261896288743,Wallet,2022-02-13,Low,0.0,0
ACC00703,Manan Saxena,baralkrishna@example.com,6720957992707,Savings,2022-11-06,Low,0.0,1
ACC00704,Harinakshi Chada,ekapad22@example.net,6213541597099,Wallet,2021-07-20,Low,0.0,0
ACC00705,Omkaar Patla,rehaan84@example.net,7520344765047,Business,2021-07-26,Low,0.0,0
ACC00706,Gaurangi Balay,advaithbahl@example.com,3766046558665,Savings,2023-03-12,Low,0.0,1
ACC00707,Hiral Lal,vrindamanda@example.com,7158102131251,Wallet,2023-01-05,Low,0.0,0
ACC00708,Warjas Chahal,andraagastya@example.net,9129751910231,Savings,2022-05-19,Low,0.0,0
ACC00709,Gavin Chand,santviraj@example.org,1658373792749,Current,2023-07-26,Low,0.0,1
ACC00710,Saanvi Goyal,buchpatrick@example.org,2893113253269,Business,2023-05-16,Low,0.0,0
ACC00711,Nitara Toor,tejas64@example.com,8044210175096,Savings,2023-01-07,Low,0.0,0
ACC00712,Sanaya Arora,nagarjanaki@example.net,9457575747583,Wallet,2023-09-05,Low,0.0,0
ACC00713,Onkar Basak,nimrat77@example.com,7772266025626,Wallet,2022-05-23,Low,0.0,1
ACC00714,Akshay Saraf,matthewgour@example.org,0672453076248,Current,2021-09-26,Low,0.0,0
ACC00715,Vedant Gupta,btata@example.com,7051157942387,Business,2021-08-18,Low,0.0,1
ACC00716,Omaja Swaminathan,morarnathan@example.com,9691928455259,Savings,2022-04-17,Low,0.0,0
ACC00717,Dev Badami,apingle@example.org,5357485953259,Wallet,2023-12-02,Low,0.0,0
ACC00718,Warjas Krish,bsinghal@example.com,6295187794176,Current,2023-03-27,Low,0.0,0
ACC00719,Anya Dhar,daniel73@example.org,5597824575983,Wallet,2023-01-18,Low,0.0,0
ACC00720,Jai Merchant,hayeryamini@example.com,6604432400615,Wallet,2023-12-25,Low,0.0,1
ACC00721,Manbir Sekhon,mdugar@example.com,1474397429250,Current,2021-07-24,Low,0.0,0
ACC00722,Charles Narain,jpillay@example.com,8065625904599,Current,2022-05-31,Low,0.0,0
ACC00723,Yasti Bhalla,watikabhatt@example.org,2182315551651,Business,2023-10-21,Low,0.0,0
ACC00724,Nandini Bhatia,srandhawa@example.org,3721433080037,Current,2021-12-03,Low,0.0,0
ACC00725,Brijesh Kanda,michaeldevan@example.net,5660847068103,Savings,2023-09-29,Low,0.0,1
ACC00726,Sathvik Karpe,wamble@example.net,9582632809448,Current,2022-12-11,Low,0.0,0
ACC00727,Yasti Rama,sakshamkunda@example.com,5461470798632,Business,2022-09-23,Low,0.0,0
ACC00728,Benjamin Ram,jharyan@example.net,3945703943804,Wallet,2023-07-23,Low,0.0,0
ACC00729,Tarak Golla,samuel76@example.net,7692778943191,Wallet,2023-02-15,Low,0.0,1
ACC00730,Azaan Bedi,mahalaadi@example.com,6921053365146,Wallet,2021-10-27,Low,0.0,0
ACC00731,Chameli Banerjee,mittallucky@example.com,3107201137984,Savings,2023-11-08,Low,0.0,1
ACC00732,Arin Srinivasan,duatanveer@example.org,6007676209014,Current,2023-07-23,Low,0.0,0
ACC00733,Varenya Jain,arjun43@example.org,0096873045195,Savings,2022-02-09,Low,0.0,1
ACC00734,Urmi Gade,kamya88@example.org,5629657542786,Savings,2023-03-28,Low,0.0,0
ACC00735,Rachana Chadha,laksh55@example.net,7820582958292,Business,2022-02-22,Low,0.0,0
ACC00736,Meghana Bumb,gchoudhury@example.net,8190482357155,Business,2022-08-21,Low,0.0,0
ACC00737,Maya Kanda,nikita13@example.net,2308172143643,Business,2022-11-02,Low,0.0,0
ACC00738,Rayaan Bajwa,balasubramanianchakrika@example.org,2114716560945,Wallet,2023-05-25,Low,0.0,0
ACC00739,Kavya Joshi,priya99@example.com,7075504768169,Savings,2023-01-12,Low,0.0,0
ACC00740,Vritti Bala,fbarad@example.org,4811317653970,Business,2023-09-09,Low,0.0,0
ACC00741,Dayita Seth,nirjachandran@example.org,9087182749680,Wallet,2022-02-05,Low,0.0,1
ACC00742,Jacob Varughese,cghosh@example.com,0495612137730,Business,2022-07-10,Low,0.0,1
ACC00743,Patrick Puri,mittalqadim@example.org,9737112229907,Wallet,2023-11-15,Low,0.0,0
ACC00744,Jeevika Sani,vohrajyoti@example.net,6704686111457,Current,2022-11-22,Low,0.0,1
ACC00745,Yashica Kohli,jaibajwa@example.org,9237858471296,Savings,2023-12-24,Low,0.0,1
ACC00746,Balveer Kata,mananmital@example.org,0508018498042,Current,2023-02-26,Low,0.0,1
ACC00747,Yagnesh Srinivasan,ranbirsoman@example.com,3126881228217,Current,2021-11-06,Low,0.0,0
ACC00748,Nitesh Koshy,opathak@example.com,0605603567932,Current,2021-11-09,Low,0.0,0
ACC00749,Yashodhara Ray,wyattverma@example.com,1690618120546,Wallet,2023-03-10,Low,0.0,0
ACC00750,Ucchal Om,eta47@example.net,6989992751758,Wallet,2023-08-31,Low,0.0,0
ACC00751,Zayan Loyal,bhavya98@example.org,5393543586449,Savings,2022-08-09,Low,0.0,1
ACC00752,Raghav Dewan,ranveer58@example.net,3798214339527,Business,2023-07-05,Low,0.0,1
ACC00753,Yatan Ramanathan,kmadan@example.com,2491416860134,Current,2022-12-07,Low,0.0,1
ACC00754,Suhani Malhotra,rissac@example.org,7917665122150,Current,2022-08-06,Low,0.0,1
ACC00755,Ekaraj Mall,wasonamrita@example.org,6309001594463,Wallet,2023-10-19,Low,0.0,0
ACC00756,Thomas Loke,warjas20@example.net,3263890219947,Business,2021-08-01,Low,0.0,1
ACC00757,Girish Koshy,pkant@example.com,2341034699673,Savings,2024-08-03,Low,0.0,1
ACC00758,Harish Bumb,csawhney@example.org,9608437685507,Savings,2022-09-17,Low,0.0,1
ACC00759,Riya Jha,maanas19@example.net,2633556434369,Savings,2021-08-01,Low,0.0,0
ACC00760,Arjun Kohli,sethianthony@example.com,5607676164534,Wallet,2022-05-21,Low,0.0,0
ACC00761,Abha Srinivas,omkanda@example.net,0650312198041,Business,2022-05-23,Low,0.0,0
ACC00762,Sneha Dixit,lucky64@example.org,6428131909248,Business,2022-01-04,Low,0.0,1
ACC00763,Pallavi Ganesh,anayhayre@example.net,1142817852282,Business,2023-03-10,Low,0.0,0
ACC00764,Abhiram Nanda,anitavarghese@example.org,6220722395947,Savings,2022-11-12,Low,0.0,1
ACC00765,Suhani Gill,kotharineel@example.net,1620478768868,Savings,2023-02-02,Low,0.0,1
ACC00766,Zinal Pandya,hkrishnamurthy@example.com,8720319541966,Current,2021-10-02,Low,0.0,0
ACC00767,Chandani Prakash,murtyvidhi@example.org,3627924632037,Business,2021-09-01,Low,0.0,0
ACC00768,Vidhi Rastogi,xshroff@example.org,2603214505766,Wallet,2023-10-02,Low,0.0,0
ACC00769,Chaitaly Pant,ebaria@example.org,5348201284008,Business,2021-08-19,Low,0.0,0
ACC00770,Kamya Bajwa,vraval@example.net,5954508917768,Savings,2023-04-26,Low,0.0,0
ACC00771,Yashawini Bhavsar,krishnanarayanan@example.net,4223196463004,Business,2022-05-07,Low,0.0,1
ACC00772,Kiaan Hayer,ahari@example.org,8943012047137,Business,2022-07-13,Low,0.0,0
ACC00773,Wakeeta Comar,sharafhema@example.net,7498855829849,Savings,2022-11-21,Low,0.0,1
ACC00774,Upkaar Bains,rsubramanian@example.com,7609441283337,Wallet,2021-11-28,Low,0.0,0
ACC00775,Guneet Tiwari,nitara66@example.net,4132971506662,Wallet,2023-05-19,Low,0.0,1
ACC00776,Urvashi Balasubramanian,kamala14@example.org,7693663439252,Wallet,2021-10-25,Low,0.0,0
ACC00777,Krisha Butala,butalafitan@example.net,2867120072024,Current,2023-10-14,Low,0.0,0
ACC00778,Ishanvi Chahal,gandhidayita@example.com,0910903267149,Savings,2022-07-06,Low,0.0,0
ACC00779,Ekbal Mane,dhruvshere@example.net,2817934065277,Current,2021-10-28,Low,0.0,0
ACC00780,Yashodhara Mohan,nandini63@example.com,3372201091217,Wallet,2023-01-06,Low,0.0,0
ACC00781,Manthan Borah,gaurangi59@example.org,6618943705263,Current,2023-05-04,Low,0.0,0
ACC00782,Dominic Bawa,krishnanlopa@example.org,7657256592024,Savings,2023-08-04,Low,0.0,1
ACC00783,Girik Sur,manbir02@example.org,4326005595501,Wallet,2023-06-12,Low,0.0,1
ACC00784,Yachana Jaggi,manbirnatarajan@example.net,8689993607984,Current,2022-04-24,Low,0.0,1
ACC00785,Chaitanya Mane,andrew69@example.net,7679935937440,Current,2021-11-13,Low,0.0,0
ACC00786,Aachal Rana,aayush83@example.org,7360601488608,Savings,2023-07-03,Low,0.0,1
ACC00787,Charan Taneja,bhavnadalia@example.org,8528306153701,Business,2022-09-12,Low,0.0,1
ACC00788,Aarna Gara,aarini62@example.com,2514488112103,Business,2022-02-02,Low,0.0,0
ACC00789,Anamika Gola,sethgeetika@example.org,8179415152638,Wallet,2021-07-30,Low,0.0,1
ACC00790,Andrew Chadha,gabamadhav@example.com,8837505661863,Wallet,2023-07-30,Low,0.0,0
ACC00791,Ranveer Sule,karanwarda@example.net,6553007309505,Business,2023-10-23,Low,0.0,0
ACC00792,Ojasvi Amble,ubika12@example.org,9277885190534,Business,2022-10-05,Low,0.0,0
ACC00793,Chaaya Barad,bhaktacharita@example.net,4624561851744,Wallet,2021-10-07,Low,0.0,0
ACC00794,Arin Bal,falak21@example.org,5114551293913,Wallet,2022-05-05,Low,0.0,0
ACC00795,Aradhana Mukhopadhyay,mishrachameli@example.org,0461540211901,Savings,2023-01-05,Low,0.0,0
ACC00796,Brijesh Singh,nidra81@example.com,9831522910732,Savings,2023-02-17,Low,0.0,0
ACC00797,Yashodhara Khare,rahluwalia@example.net,9378306396384,Business,2022-09-25,Low,0.0,0
ACC00798,Laban Ravel,rmani@example.org,6497016934292,Savings,2023-11-03,Low,0.0,1
ACC00799,Yuvraj Deo,kashyapzaid@example.net,1623419031061,Wallet,2021-09-01,Low,0.0,0
ACC00800,Samuel Sekhon,manandasgupta@example.com,6684732365337,Wallet,2023-10-14,Low,0.0,0
ACC00801,Anusha Sarkar,krishnanaarush@example.com,2007843614244,Savings,2022-04-11,Low,0.0,0
ACC00802,Pooja Atwal,ewagle@example.net,5437347642737,Business,2022-09-14,Low,0.0,0
ACC00803,Anay Keer,orajagopalan@example.net,1458414846019,Savings,2022-09-27,Low,0.0,1
ACC00804,Wyatt Mandal,yash89@example.net,7802058695073,Current,2023-02-05,Low,0.0,0
ACC00805,Ikbal Mohan,skrishnamurthy@example.com,6999516793350,Business,2022-08-05,Low,0.0,0
ACC00806,Ishanvi Sinha,gauritailor@example.org,8011923603768,Current,2023-10-29,Low,0.0,0
ACC00807,Harshil Sastry,timothykala@example.org,1040961497315,Business,2023-09-17,Low,0.0,0
ACC00808,Jagat Chander,wridesh07@example.net,8207365118939,Wallet,2021-12-30,Low,0.0,0
ACC00809,Aadi Sane,ishanvi78@example.net,0190432230233,Savings,2022-08-02,Low,0.0,1
ACC00810,Kevin Merchant,qbhat@example.com,9201354621276,Current,2023-11-21,Low,0.0,0
ACC00811,Onveer Prasad,waliaparth@example.net,1123126163248,Current,2022-01-06,Low,0.0,0
ACC00812,Sneha Dugar,saumyasandal@example.org,4549303646871,Business,2022-10-08,Low,0.0,1
ACC00813,Jonathan Bhagat,isaiahsrinivas@example.com,0828323089813,Current,2022-12-24,Low,0.0,0
ACC00814,Harinakshi Vohra,ladadvika@example.com,2067323182971,Wallet,2023-03-17,Low,0.0,0
ACC00815,Faris Nagy,rgala@example.com,0000001529113,Business,2022-11-08,Low,0.0,1
ACC00816,Guneet Sarna,dakshesh90@example.net,5561844421829,Wallet,2022-02-04,Low,0.0,0
ACC00817,Bhavna Swaminathan,doraparth@example.com,5670867009004,Savings,2021-10-14,Low,0.0,1
ACC00818,Krishna Pai,gaurang58@example.com,6691362483550,Wallet,2023-10-25,Low,0.0,0
ACC00819,Dayita Garde,jbarman@example.net,7063369987950,Wallet,2023-09-26,Low,0.0,1
ACC00820,Jeremiah Bhattacharyya,loyalchampak@example.org,4818804428773,Business,2023-03-16,Low,0.0,0
ACC00821,Kritika Guha,rattaamrita@example.org,1269428946420,Wallet,2021-12-20,Low,0.0,0
ACC00822,Oni De,raagini31@example.com,1706462554026,Current,2023-01-24,Low,0.0,1
ACC00823,Jyoti Oak,chaayahanda@example.net,1764644898803,Savings,2022-05-14,Low,0.0,1
ACC00824,Jyoti Khurana,anyanarula@example.net,7905040433335,Current,2023-01-07,Low,0.0,0
ACC00825,Aarini Murty,ranatristan@example.org,1197871809339,Wallet,2024-05-23,Low,0.0,1
ACC00826,Rudra Tailor,krishravel@example.net,3060119875617,Business,2023-08-21,Low,0.0,1
ACC00827,Abhiram Anne,sathvikbala@example.org,5618298036577,Savings,2023-02-17,Low,0.0,0
ACC00828,Bhanumati Dar,naggarwal@example.net,6595201491189,Business,2022-03-13,Low,0.0,0
ACC00829,Ikbal Zacharia,upkaar36@example.net,5092632239982,Wallet,2021-09-20,Low,0.0,0
ACC00830,Wriddhish Seth,gautami56@example.org,4042886050537,Current,2022-02-13,Low,0.0,1
ACC00831,Priya Saran,venkataramangopal@example.org,6003083566910,Savings,2022-03-10,Low,0.0,0
ACC00832,Mitesh Shah,nagisimon@example.org,3455068826917,Business,2022-07-29,Low,0.0,1
ACC00833,Panini Dhar,aishanimannan@example.net,1348087354378,Wallet,2023-12-13,Low,0.0,0
ACC00834,Nikita Batra,vivaanprasad@example.net,0157090859914,Wallet,2023-02-18,Low,0.0,1
ACC00835,Qabil Babu,lkumer@example.org,9996996489971,Current,2023-05-26,Low,0.0,0
ACC00836,Maanav Wason,leena93@example.org,9140849932312,Wallet,2021-11-07,Low,0.0,0
ACC00837,Chaitaly Dhaliwal,kraval@example.net,6908726176072,Business,2023-06-18,Low,0.0,1
ACC00838,Dayamai Kari,eshanapathak@example.net,8280405612996,Current,2023-08-13,Low,0.0,0
ACC00839,Ayushman Din,iparmer@example.net,6418696561308,Current,2023-10-13,Low,0.0,0
ACC00840,Pooja Chaudhari,ranveerwadhwa@example.com,1434682394840,Wallet,2021-08-19,Low,0.0,0
ACC00841,Nitesh Sridhar,aaravahuja@example.net,9661016831139,Savings,2022-07-30,Low,0.0,1
ACC00842,Atharv Bava,prashaddaksh@example.net,1491507628397,Savings,2022-02-22,Low,0.0,0
ACC00843,Maanas Bedi,thomas44@example.org,7794620726629,Wallet,2021-07-17,Low,0.0,1
ACC00844,Hemangini Bahl,swamyurvi@example.com,2991406884133,Current,2022-04-29,Low,0.0,1
ACC00845,Sudiksha Kata,deodipta@example.com,3561781703211,Business,2023-07-27,Low,0.0,0
ACC00846,Aadi Raghavan,kandapahal@example.org,2778956133718,Current,2023-06-29,Low,0.0,0
ACC00847,Damyanti Lalla,gangulyekantika@example.org,6480164403734,Current,2021-12-23,Low,0.0,0
ACC00848,Mitali Singhal,dharubika@example.net,8221021798213,Business,2023-11-17,Low,0.0,1
ACC00849,Zilmil Saini,hariniswamy@example.net,3638318285605,Business,2022-12-23,Low,0.0,1
ACC00850,Shivani Bajaj,zsangha@example.net,7706736820506,Current,2022-10-03,Low,0.0,1
ACC00851,Frado Garg,udarshpalla@example.com,1650587146921,Wallet,2021-11-21,Low,0.0,0
ACC00852,Elijah Dewan,mitali79@example.org,3699848022050,Business,2023-05-06,Low,0.0,0
ACC00853,Rachita Krishna,kalpit49@example.com,1457887071523,Current,2023-02-18,Low,0.0,0
ACC00854,Sara Ramakrishnan,ihayre@example.net,0974619177987,Business,2021-08-28,Low,0.0,0
ACC00855,Mason Sarin,idube@example.com,7085806235040,Current,2022-12-20,Low,0.0,0
ACC00856,Madhavi Raj,tanmayi90@example.org,2482554428679,Business,2022-09-15,Low,0.0,0
ACC00857,Rohan Dey,chaitaly23@example.net,8946338915624,Wallet,2021-10-26,Low,0.0,1
ACC00858,Falak Grover,vasudha25@example.com,9269335895138,Business,2022-08-04,Low,0.0,0
ACC00859,Mahika Pingle,atharv78@example.com,8509574430349,Business,2023-07-19,Low,0.0,1
ACC00860,Yauvani Borde,srivastavaveda@example.org,3859340153641,Current,2021-10-02,Low,0.0,0
ACC00861,Chaaya Setty,narainfalak@example.org,3259367813675,Current,2021-07-21,Low,0.0,0
ACC00862,Amol Lata,ikbalmander@example.org,5276981987809,Wallet,2023-11-08,Low,0.0,0
ACC00863,Vanya Ahuja,jalsa23@example.net,6225866059867,Business,2021-07-19,Low,0.0,0
ACC00864,Ati Misra,lakshittailor@example.net,8548596559428,Wallet,2022-06-12,Low,0.0,0
ACC00865,Daksha Dani,sanghagaurangi@example.org,0002453931321,Savings,2022-01-02,Low,0.0,0
ACC00866,Edhitha Biswas,abdulnaik@example.com,0836821444889,Savings,2023-03-15,Low,0.0,0
ACC00867,Libni Swaminathan,xalakkapadia@example.com,7462025825431,Savings,2021-11-10,Low,0.0,0
ACC00868,Oscar Cherian,ranveerbhatnagar@example.org,9204910601836,Current,2023-03-27,Low,0.0,0
ACC00869,Vrishti Dutta,ubikapai@example.org,7681722577545,Business,2022-07-24,Low,0.0,1
ACC00870,Veda Deshmukh,kdubey@example.org,2918768316082,Current,2021-09-02,Low,0.0,0
ACC00871,Jai Singh,devshankar@example.net,3739920522299,Business,2023-09-29,Low,0.0,0
ACC00872,Nisha Garg,saneeta@example.net,4388232553983,Current,2021-09-16,Low,0.0,1
ACC00873,Darika Loke,fdas@example.net,7326430954497,Business,2023-01-08,Low,0.0,1
ACC00874,Pranit Sekhon,lagate@example.net,7120539787137,Savings,2022-11-02,Low,0.0,0
ACC00875,Lakshit Venkataraman,kalpitdixit@example.org,2560832004879,Savings,2022-11-21,Low,0.0,1
ACC00876,Zilmil Thakur,rpalla@example.org,8523860030443,Wallet,2023-05-04,Low,0.0,1
ACC00877,Finn Nagi,sharmaekalinga@example.com,3910292950143,Business,2023-10-09,Low,0.0,1
ACC00878,Aradhana Vaidya,daksheshhegde@example.org,7139719126022,Wallet,2023-05-16,Low,0.0,1
ACC00879,Sarthak Dugar,sharmanimrat@example.com,0191116612201,Savings,2023-02-08,Low,0.0,0
ACC00880,Sanya Deshpande,raksha33@example.net,0493665380274,Savings,2021-08-24,Low,0.0,0
ACC00881,Mason Manda,harishchana@example.com,8682509522946,Wallet,2021-10-12,Low,0.0,0
ACC00882,Anay Hari,inaya61@example.net,3995297013712,Current,2023-08-13,Low,0.0,0
ACC00883,Rayaan Samra,eta85@example.com,2304120270615,Savings,2023-03-13,Low,0.0,1
ACC00884,Varenya Kashyap,dmall@example.org,7166906322481,Business,2022-01-18,Low,0.0,0
ACC00885,Ekaja Lal,abhimanyukapadia@example.net,0301095679756,Current,2021-11-14,Low,0.0,0
ACC00886,Dhruv Prabhakar,xpall@example.com,2347124760108,Business,2022-09-28,Low,0.0,0
ACC00887,Jagat Varkey,baradsarthak@example.org,8317641726808,Savings,2023-10-11,Low,0.0,0
ACC00888,Zansi Chatterjee,sara12@example.net,1507138067130,Savings,2023-04-13,Low,0.0,1
ACC00889,Veer Natarajan,battabhavna@example.com,7436213009625,Current,2021-08-28,Low,0.0,0
ACC00890,Sanya Sandhu,fkulkarni@example.org,1805339627466,Current,2022-06-18,Low,0.0,0
ACC00891,Manthan Brar,devansh83@example.org,0004666145901,Business,2023-09-09,Low,0.0,1
ACC00892,Chandresh Sekhon,hsibal@example.com,0493881949053,Wallet,2023-05-02,Low,0.0,0
ACC00893,Edhitha Gera,kumeryachana@example.org,9769873137971,Wallet,2023-08-29,Low,0.0,0
ACC00894,Lavanya Master,roylavanya@example.org,3740779433256,Savings,2023-05-01,Low,0.0,0
ACC00895,Shivansh Varma,ishaan97@example.org,4262037087821,Business,2022-03-17,Low,0.0,1
ACC00896,Nirja Bhakta,ayaanlad@example.org,3599898972117,Business,2023-10-28,Low,0.0,1
ACC00897,Yahvi Mann,bobalmohini@example.com,8221758839785,Savings,2021-08-27,Low,0.0,0
ACC00898,Advay Zacharia,davidbal@example.com,6757123691496,Business,2022-04-29,Low,0.0,0
ACC00899,Frado Dugar,ymadan@example.org,8827697040953,Savings,2022-03-24,Low,0.0,1
ACC00900,Aarna Chakrabarti,wchowdhury@example.com,7832748835651,Current,2021-12-26,Low,0.0,0
ACC00901,Mitali Gopal,chakradev96@example.net,9668349604784,Current,2023-03-08,Low,0.0,0
ACC00902,Dhruv Sawhney,duahamsini@example.org,2259364882089,Business,2023-12-30,Low,0.0,1
ACC00903,Amaira Warrior,swalia@example.net,9062467287991,Wallet,2023-04-29,Low,0.0,1
ACC00904,Anthony Bhatnagar,mitalethan@example.org,9359236133760,Business,2023-06-23,Low,0.0,0
ACC00905,Rachit Kothari,kumarekani@example.net,6502544724191,Savings,2022-07-13,Low,0.0,0
ACC00906,Eesha Balay,bimalamahal@example.org,6177182498980,Wallet,2023-10-23,Low,0.0,0
ACC00907,Nandini Shenoy,gunbirmagar@example.org,4681359266486,Savings,2022-11-27,Low,0.0,0
ACC00908,Meghana Sarraf,yashawini69@example.com,5594501192920,Business,2023-11-17,Low,0.0,0
ACC00909,Jalsa Koshy,wbasu@example.org,7160398863653,Business,2022-12-14,Low,0.0,1
ACC00910,Jeremiah Chaudhry,falak59@example.org,7000994248942,Wallet,2021-11-26,Low,0.0,1
ACC00911,Chaaya Puri,ymahal@example.net,6760564204565,Savings,2022-12-31,Low,0.0,0
ACC00912,Saanvi Oak,seshadridarika@example.com,3890623546622,Savings,2023-01-12,Low,0.0,0
ACC00913,Gayathri Mann,chopramekhala@example.net,9953006221224,Current,2021-12-11,Low,0.0,1
ACC00914,Siya Sangha,tsom@example.com,5916011241158,Savings,2021-11-01,Low,0.0,1
ACC00915,Zansi Rama,ahujaalexander@example.org,9867782312995,Wallet,2023-08-17,Low,0.0,1
ACC00916,Agastya Mahajan,tdeshmukh@example.com,2612120384375,Savings,2023-01-05,Low,0.0,0
ACC00917,Qushi Pal,dwalia@example.com,2548242183854,Wallet,2021-09-19,Low,0.0,0
ACC00918,Amrita Batta,sanghviaachal@example.com,4752311232748,Current,2021-09-02,Low,0.0,0
ACC00919,Frado Seshadri,wrao@example.org,4272038862175,Business,2022-01-18,Low,0.0,0
ACC00920,Darsh Bhavsar,ckoshy@example.com,3069358824935,Business,2022-03-25,Low,0.0,0
ACC00921,Dalaja Arora,chawlayutika@example.org,7784816524445,Current,2021-09-22,Low,0.0,0
ACC00922,Adweta Sane,walishivansh@example.net,1799378105391,Current,2023-10-28,Low,0.0,0
ACC00923,Tanmayi Thakkar,libni99@example.net,9882904579271,Business,2023-11-24,Low,0.0,1
ACC00924,Shivani Devan,krisha30@example.org,4242383972833,Wallet,2023-06-08,Low,0.0,1
ACC00925,Matthew Chowdhury,zbalan@example.org,2880983221010,Savings,2021-10-12,Low,0.0,0
ACC00926,Victor Gill,babudev@example.net,7661008987610,Current,2023-11-19,Low,0.0,0
ACC00927,Chakrika Gulati,leela14@example.org,8453198074682,Wallet,2023-02-17,Low,0.0,0
ACC00928,Divya More,rmutti@example.org,0307620545967,Business,2021-09-18,Low,0.0,1
ACC00929,Garima Bahri,sarinrachita@example.net,6411065411340,Business,2023-04-16,Low,0.0,1
ACC00930,Ekiya Chaudhry,xluthra@example.net,0890583668348,Savings,2021-11-20,Low,0.0,0
ACC00931,Krishna Warrior,ydutta@example.net,0838688891787,Current,2023-03-14,Low,0.0,1
ACC00932,Januja Balasubramanian,pushti25@example.com,9760932012657,Wallet,2021-08-01,Low,0.0,0
ACC00933,Lajita Aurora,farhan80@example.net,2175585177741,Savings,2021-07-28,Low,0.0,0
ACC00934,Vinaya Minhas,ygoyal@example.org,8824199626422,Wallet,2023-03-27,Low,0.0,0
ACC00935,Vansha Natt,senguptachatresh@example.net,5421854570568,Savings,2021-10-04,Low,0.0,0
ACC00936,Aarnav Dhaliwal,jeevikataneja@example.org,0163564072324,Wallet,2022-10-10,Low,0.0,1
ACC00937,Peter Thakur,falakmammen@example.org,1788224731261,Business,2021-11-30,Low,0.0,1
ACC00938,Kashvi Ahuja,dbhatti@example.com,1195092711526,Business,2022-12-01,Low,0.0,1
ACC00939,Caleb Patil,ridhibera@example.net,3007169500741,Wallet,2023-06-23,Low,0.0,1
ACC00940,Falak Memon,lohitvig@example.com,9893652944716,Business,2022-01-22,Low,0.0,0
ACC00941,Yutika Dhaliwal,zjain@example.com,3104502589632,Business,2022-12-20,Low,0.0,0
ACC00942,Upadhriti Minhas,jagvisarma@example.com,5268064860673,Wallet,2021-10-02,Low,0.0,0
ACC00943,Zayan Mistry,chavvigoel@example.com,6462805507740,Savings,2021-12-17,Low,0.0,1
ACC00944,Jagvi Sen,indira15@example.com,3920908551074,Business,2023-10-12,Low,0.0,0
ACC00945,Harsh Kaur,chackoharish@example.com,1902547602206,Business,2022-04-24,Low,0.0,0
ACC00946,Vivaan Murty,fiyaz20@example.org,2759500260151,Current,2022-06-21,Low,0.0,0
ACC00947,Tanish Goswami,aashi79@example.com,7407173279805,Wallet,2023-02-06,Low,0.0,1
ACC00948,Ayaan Kashyap,bavaaditya@example.com,9340391045203,Savings,2023-10-11,Low,0.0,0
ACC00949,Chakradev Toor,devansh18@example.com,3599285535952,Wallet,2022-02-23,Low,0.0,0
ACC00950,Janaki Rama,bandidaniel@example.com,9900696801867,Wallet,2023-02-21,Low,0.0,0
ACC00951,Adya Basu,varenyatella@example.com,3394495300677,Business,2022-04-23,Low,0.0,0
ACC00952,Naksh Natt,abhiram32@example.net,0173654262417,Business,2023-07-14,Low,0.0,0
ACC00953,Qarin Bhat,masonkanda@example.org,5110090605308,Business,2023-01-06,Low,0.0,0
ACC00954,Yashvi Kulkarni,akshaydoshi@example.org,6673290457598,Business,2023-11-18,Low,0.0,1
ACC00955,Ekiya Grewal,gargpallavi@example.com,6033620275582,Wallet,2022-04-11,Low,0.0,0
ACC00956,Aadhya Shere,sbakshi@example.net,0711523802362,Business,2023-03-25,Low,0.0,0
ACC00957,Onveer Bir,jeet89@example.com,5916118638558,Savings,2023-10-16,Low,0.0,0
ACC00958,Dhriti Sheth,tganesh@example.net,6880053789318,Business,2022-12-24,Low,0.0,0
ACC00959,Mohammed Trivedi,zgera@example.net,5401822720028,Current,2023-11-30,Low,0.0,0
ACC00960,Chaitaly Yadav,veerdeshmukh@example.net,0414474328116,Current,2021-08-14,Low,0.0,0
ACC00961,Rohan Anne,agastyadatta@example.org,0423227752135,Business,2023-11-26,Low,0.0,1
ACC00962,Benjamin De,sahnigautami@example.org,4630059377756,Current,2023-10-24,Low,0.0,1
ACC00963,Udarsh Deo,bajajneel@example.net,6174690298310,Current,2021-10-25,Low,0.0,0
ACC00964,Yug Majumdar,rammanya@example.org,9131670805685,Wallet,2022-12-26,Low,0.0,0
ACC00965,Maya Sharma,rajagopalvivaan@example.net,2198655049444,Business,2022-05-30,Low,0.0,0
ACC00966,Ridhi Sankar,rhegde@example.com,3965049627322,Savings,2022-04-21,Low,0.0,0
ACC00967,Krish Saraf,chakrabartichakrika@example.org,3625854218808,Current,2022-02-04,Low,0.0,0
ACC00968,Guneet Reddy,wriddhishmukhopadhyay@example.net,9964338532472,Business,2022-12-17,Low,0.0,0
ACC00969,Dakshesh Patla,umangkorpal@example.com,0311587605457,Wallet,2024-03-21,Low,0.0,1
ACC00970,Amruta Tata,sudiksha69@example.net,5353659746698,Savings,2022-05-23,Low,0.0,1
ACC00971,Devansh Sankar,avnidate@example.org,5450809594815,Current,2022-07-07,Low,0.0,0
ACC00972,Mohini Dhar,kamya96@example.com,7213074235914,Wallet,2022-11-19,Low,0.0,0
ACC00973,Lekha Das,charles48@example.net,3261454307963,Wallet,2022-03-06,Low,0.0,0
ACC00974,Upkaar Chawla,balanjairaj@example.com,2211587184523,Wallet,2023-04-20,Low,0.0,1
ACC00975,Ati Goda,ztiwari@example.com,4701732086523,Savings,2023-12-05,Low,0.0,1
ACC00976,Turvi Sethi,qushiratta@example.net,6337014005278,Current,2022-08-07,Low,0.0,1
ACC00977,Aryan Pillai,zilmil00@example.org,7221425731609,Business,2022-06-04,Low,0.0,1
ACC00978,Utkarsh Dasgupta,mitaliwadhwa@example.net,7203136955286,Savings,2023-04-07,Low,0.0,0
ACC00979,Avi Grewal,wkoshy@example.org,9533222739389,Wallet,2022-01-10,Low,0.0,1
ACC00980,Aarav Mani,urvi35@example.org,3661850761087,Business,2023-05-26,Low,0.0,0
ACC00981,Yasti Grover,ytank@example.org,3601071261583,Wallet,2022-01-20,Low,0.0,0
ACC00982,Gaurav Tailor,ilala@example.com,7357422332228,Business,2023-06-10,Low,0.0,0
ACC00983,Hitesh Master,mitesh58@example.net,2256062953506,Savings,2023-08-15,Low,0.0,0
ACC00984,Varenya Konda,contractorchristopher@example.com,7413075384185,Savings,2022-09-25,Low,0.0,0
ACC00985,Agastya Bora,lekhaghosh@example.com,8463975615470,Current,2021-12-31,Low,0.0,0
ACC00986,Eiravati Krishnamurthy,ghoshekalinga@example.com,6411955640919,Business,2023-10-03,Low,0.0,1
ACC00987,Siddharth Nagi,wtaneja@example.org,7020426201971,Wallet,2022-02-16,Low,0.0,0
ACC00988,Gaurav Doctor,ethan39@example.org,9678976098731,Wallet,2022-01-04,Low,0.0,0
ACC00989,Pooja Swaminathan,fkashyap@example.net,2760759889786,Savings,2022-06-16,Low,0.0,0
ACC00990,Warjas Johal,samaksh19@example.org,5430895231202,Wallet,2023-02-27,Low,0.0,0
ACC00991,Ekapad Pandey,pallavedika@example.com,4974700026876,Current,2022-01-02,Low,0.0,0
ACC00992,Dayamai Saran,trattan@example.net,9741636560450,Current,2021-10-10,Low,0.0,1
ACC00993,Niharika Konda,divya37@example.org,9649692771195,Wallet,2022-07-29,Low,0.0,0
ACC00994,Lajita Kapoor,samesh05@example.net,0255128276364,Current,2023-08-29,Low,0.0,0
ACC00995,Farhan Murthy,gautami96@example.com,6634544344149,Current,2021-10-11,Low,0.0,1
ACC00996,Meghana Konda,aarnamajumdar@example.net,4394640882230,Current,2023-05-03,Low,0.0,0
ACC00997,Xiti Salvi,vanshakamdar@example.net,1321097202170,Business,2023-12-05,Low,0.0,0
ACC00998,Eta Mitra,reyansh46@example.com,7922030044964,Wallet,2022-06-12,Low,0.0,0
ACC00999,Devansh Divan,chaturabala@example.org,1213756589635,Wallet,2022-09-09,Low,0.0,0
ACC01000,Urishilla Agate,kbrar@example.net,1458434566311,Current,2022-04-14,Low,0.0,0
ACC01001,Kamala Bava,chamangoswami@example.org,2203347424631,Savings,2023-10-25,Low,0.0,1
ACC01002,Charvi Kata,gsagar@example.net,8008529469021,Wallet,2022-11-19,Low,0.0,1
ACC01003,Raksha Mangal,shroffadya@example.org,4350238502289,Business,2022-07-11,Low,0.0,0
ACC01004,Pahal Raman,pratyush75@example.net,3328293020256,Business,2021-11-04,Low,0.0,0
ACC01005,Tanveer Jayaraman,karpeanthony@example.org,4677116750762,Business,2021-09-09,Low,0.0,0
ACC01006,Idika Murty,daksheshghose@example.com,3012398472303,Savings,2023-08-25,Low,0.0,1
ACC01007,Karan Batra,chamanshanker@example.org,1722240507648,Wallet,2022-03-14,Low,0.0,0
ACC01008,Harsh Soni,qnagi@example.com,9924065838727,Savings,2022-09-27,Low,0.0,0
ACC01009,Harinakshi Tiwari,golenachiket@example.com,9566844823733,Business,2022-02-03,Low,0.0,1
ACC01010,Faraj Grewal,defrado@example.org,1878035869017,Wallet,2023-08-22,Low,0.0,0
ACC01011,Vedhika Manne,karmatthew@example.com,9994529517122,Current,2021-11-05,Low,0.0,1
ACC01012,Waida Rama,zaid38@example.com,2054221626549,Current,2022-10-14,Low,0.0,1
ACC01013,Rehaan Hayer,zachariarohan@example.org,4470488789950,Savings,2021-09-01,Low,0.0,0
ACC01014,Ucchal Bail,advaithprasad@example.net,8519537749266,Savings,2022-07-19,Low,0.0,0
ACC01015,Nathaniel Nadig,rkaul@example.org,7752259206165,Current,2023-02-23,Low,0.0,1
ACC01016,Lucky Desai,pillaynakul@example.org,1156302955963,Current,2023-07-19,Low,0.0,1
ACC01017,Yash Sheth,nilimagera@example.net,2066154980851,Wallet,2022-01-04,Low,0.0,1
ACC01018,Samarth Chhabra,banjeetbassi@example.com,2112212154815,Current,2023-01-11,Low,0.0,0
ACC01019,Radhika Sahni,tratti@example.org,9185488064420,Wallet,2021-08-17,Low,0.0,0
ACC01020,Lipika Goel,osathe@example.net,3585664641962,Savings,2023-04-19,Low,0.0,1
ACC01021,Chaman Gole,dhaliwalrajata@example.org,1320410429483,Current,2022-03-21,Low,0.0,1
ACC01022,Baghyawati Sunder,chanaurishilla@example.net,2699994981283,Wallet,2023-08-25,Low,0.0,1
ACC01023,Anmol Bhandari,rachanasami@example.com,2000532853863,Wallet,2022-04-11,Low,0.0,0
ACC01024,Aarush Nagy,narainpraneel@example.com,8380582692990,Savings,2022-08-04,Low,0.0,0
ACC01025,Shravya Rao,dgade@example.com,3283896337618,Current,2022-05-04,Low,0.0,0
ACC01026,Ishaan Rau,mitalisha@example.org,6841013282339,Current,2023-07-09,Low,0.0,1
ACC01027,Hardik Zachariah,ikshitagrover@example.com,8750677610659,Wallet,2021-08-21,Low,0.0,0
ACC01028,Abeer Yohannan,latayug@example.org,7976178159698,Savings,2021-09-07,Low,0.0,0
ACC01029,Chandani Palla,vgokhale@example.net,2665686295912,Savings,2023-10-09,Low,0.0,1
ACC01030,Sara Jayaraman,yashica99@example.org,5394607429907,Savings,2022-03-15,Low,0.0,1
ACC01031,Vaishnavi Dhar,lsampath@example.com,7996708089747,Wallet,2022-03-05,Low,0.0,0
ACC01032,Indira Mane,emajumdar@example.net,9841673478536,Current,2021-11-06,Low,0.0,0
ACC01033,Lajita Master,lankabimala@example.com,9286052102627,Business,2022-04-08,Low,0.0,0
ACC01034,Mekhala Ratta,darsh08@example.org,8458130889830,Savings,2022-08-09,Low,0.0,1
ACC01035,Vasudha Mody,urvilala@example.net,8563027500030,Wallet,2022-03-14,Low,0.0,1
ACC01036,Madhavi Rau,parekhsamar@example.org,6418493784679,Wallet,2022-08-24,Low,0.0,0
ACC01037,Yadavi Srinivasan,daniurmi@example.org,0013651034444,Current,2021-09-28,Low,0.0,0
ACC01038,Caleb Ramaswamy,qmahal@example.com,8652406221559,Business,2023-03-02,Low,0.0,1
ACC01039,Vanya Devan,pavani22@example.org,9053347047476,Business,2023-10-18,Low,0.0,0
ACC01040,Bhavya Nanda,udant96@example.com,1383507124553,Savings,2023-07-23,Low,0.0,0
ACC01041,Ojas Bhalla,krishmeera@example.org,1173277264883,Business,2022-11-01,Low,0.0,1
ACC01042,Ekani Nagi,onveer29@example.net,2525161857591,Business,2022-09-12,Low,0.0,1
ACC01043,Ekalinga Bhakta,charles80@example.com,9147744735352,Current,2023-01-17,Low,0.0,0
ACC01044,Raksha Wadhwa,isaac71@example.com,9734493053788,Current,2023-02-14,Low,0.0,1
ACC01045,Tristan Hayer,wagleteerth@example.com,1338926087882,Wallet,2021-12-10,Low,0.0,0
ACC01046,Ira Ghosh,msoman@example.org,8625152174653,Wallet,2022-11-18,Low,0.0,0
ACC01047,Upkaar Subramanian,chaudhuriyauvani@example.net,5673446717762,Current,2021-11-13,Low,0.0,0
ACC01048,Dhruv Mukherjee,shauryarandhawa@example.org,6645099990010,Wallet,2022-07-22,Low,0.0,0
ACC01049,Varsha Kari,walivivaan@example.net,2118968442464,Savings,2023-02-08,Low,0.0,0
ACC01050,Tanvi Prabhakar,jgarde@example.com,5958281902217,Current,2022-09-10,Low,0.0,0
ACC01051,Ethan Devan,raghav97@example.org,0598445143672,Savings,2023-04-02,Low,0.0,1
ACC01052,Henry Butala,teerthbalan@example.org,6811939781459,Business,2023-04-22,Low,0.0,1
ACC01053,Arin Ganesan,saxenaupadhriti@example.net,5528669335158,Current,2023-09-23,Low,0.0,1
ACC01054,Ucchal Arora,robert26@example.org,1939103829742,Savings,2023-03-09,Low,0.0,1
ACC01055,Ikshita Dara,poojabasak@example.net,8581810450243,Business,2021-07-30,Low,0.0,0
ACC01056,Samuel Rattan,ozawatika@example.org,6271358969335,Business,2023-04-21,Low,0.0,1
ACC01057,Darpan Amble,ekanta61@example.com,7315663979255,Current,2021-09-19,Low,0.0,1
ACC01058,Harrison Raghavan,yatin69@example.org,8377270289666,Wallet,2022-05-19,Low,0.0,0
ACC01059,Hemal Krish,peter81@example.com,4161019753584,Wallet,2023-06-20,Low,0.0,0
ACC01060,Alka Basak,jeet03@example.net,2730427636281,Current,2022-08-08,Low,0.0,0
ACC01061,Aashi Madan,hdalia@example.net,9530969067649,Business,2022-08-08,Low,0.0,0
ACC01062,Oscar Ghose,yashodhara74@example.com,1358727174306,Wallet,2022-08-09,Low,0.0,0
ACC01063,Hitesh Rajagopal,bakhshi34@example.org,8738775833364,Savings,2023-09-30,Low,0.0,0
ACC01064,Shivani Atwal,girindra30@example.net,9153860282625,Business,2022-08-01,Low,0.0,1
ACC01065,Ojas Baral,ekansh23@example.org,5772044100794,Business,2023-04-29,Low,0.0,0
ACC01066,Tanveer Dutta,kamya38@example.net,0979412248709,Current,2022-05-13,Low,0.0,0
ACC01067,Matthew Ramakrishnan,niharika32@example.org,1742240432611,Wallet,2023-11-12,Low,0.0,0
ACC01068,Balendra Hans,lavanya86@example.org,3070286720200,Savings,2023-03-18,Low,0.0,0
ACC01069,Warjas Raman,edeshmukh@example.net,3689005779500,Business,2022-04-29,Low,0.0,1
ACC01070,Warda Kohli,gauriarora@example.org,3971307221138,Business,2023-03-14,Low,0.0,1
ACC01071,Benjamin Upadhyay,pborra@example.com,2210454617192,Savings,2021-08-16,Low,0.0,1
ACC01072,Urvi Ahuja,tkunda@example.org,0234422521602,Savings,2022-10-16,Low,0.0,0
ACC01073,Pratyush Kala,fitan20@example.net,4772690326551,Current,2023-04-05,Low,0.0,1
ACC01074,Kalpit Singhal,pbrar@example.com,8024559851602,Wallet,2021-11-09,Low,0.0,0
ACC01075,Hitesh Choudhry,gavin26@example.net,4986478686237,Business,2022-12-22,Low,0.0,1
ACC01076,Daniel Andra,devika74@example.org,7819190749921,Savings,2022-11-16,Low,0.0,0
ACC01077,Charita Bassi,ravalsaksham@example.com,3534848647082,Savings,2022-05-27,Low,0.0,0
ACC01078,Udarsh Wable,rnagar@example.com,2021237205503,Current,2022-12-25,Low,0.0,0
ACC01079,Aarnav Bhat,badamizilmil@example.com,4673919008899,Wallet,2023-10-17,Low,0.0,0
ACC01080,Jairaj Krishnan,raviaarnav@example.org,6923273798979,Business,2022-08-02,Low,0.0,1
ACC01081,Lipika Andra,charita81@example.net,7463000998433,Business,2021-11-09,Low,0.0,1
ACC01082,Jagat Chatterjee,sanayabutala@example.org,5198545829420,Wallet,2021-09-07,Low,0.0,1
ACC01083,Abha Arora,patilsamar@example.com,4660756999449,Savings,2023-08-22,Low,0.0,0
ACC01084,Nidhi Sankaran,tdivan@example.org,0824028182238,Savings,2022-11-23,Low,0.0,0
ACC01085,Bhavya Agarwal,mahikadhaliwal@example.org,8174527353642,Wallet,2021-10-09,Low,0.0,0
ACC01086,Hemangini Sha,anandchaitaly@example.org,9182851816125,Wallet,2022-06-08,Low,0.0,0
ACC01087,Andrew Mangat,ccontractor@example.org,9230466001283,Wallet,2021-11-18,Low,0.0,0
ACC01088,Tara Chadha,chakrabortyparth@example.org,9615120485076,Current,2023-06-11,Low,0.0,1
ACC01089,Ekta Kapur,devika60@example.com,2763460191530,Business,2022-08-06,Low,0.0,1
ACC01090,Xalak Jayaraman,vyanjana24@example.org,8617682251272,Savings,2023-11-15,Low,0.0,1
ACC01091,Sneha Aggarwal,tsahota@example.com,6224197687849,Savings,2023-08-13,Low,0.0,1
ACC01092,Urvashi Sibal,duttadarpan@example.net,5006184897422,Wallet,2021-09-29,Low,0.0,1
ACC01093,Dhriti Magar,damyantibera@example.com,6821215649525,Business,2022-07-18,Low,0.0,1
ACC01094,Orinder Badal,zmalhotra@example.com,1197388182730,Business,2023-08-01,Low,0.0,1
ACC01095,Vivaan Mohanty,geetikamani@example.net,1884968066405,Current,2023-01-30,Low,0.0,0
ACC01096,Harrison Bassi,gavindyal@example.com,3412301604986,Wallet,2023-07-18,Low,0.0,0
ACC01097,Wriddhish Taneja,harishtiwari@example.com,0320319789990,Business,2022-04-09,Low,0.0,0
ACC01098,Gaurav Majumdar,aryashaurya@example.com,1317197860162,Wallet,2022-05-03,Low,0.0,0
ACC01099,Charan Tripathi,guneet94@example.net,8550113753582,Wallet,2022-07-30,Low,0.0,0
ACC01100,Arin Sodhi,sachivirk@example.net,7279037161608,Business,2022-01-05,Low,0.0,1
ACC01101,Upma Dubey,samakshrajagopalan@example.com,7183753076810,Wallet,2022-09-01,Low,0.0,0
ACC01102,Bhavini Aurora,indira78@example.org,2443236221690,Savings,2022-12-19,Low,0.0,0
ACC01103,Lavanya Pandey,zlad@example.net,0675169139521,Wallet,2022-02-10,Low,0.0,0
ACC01104,Christopher D’Alia,jmisra@example.com,0703350842431,Savings,2022-10-31,Low,0.0,0
ACC01105,Laksh Mani,yahvi13@example.org,4169105302151,Wallet,2021-10-07,Low,0.0,0
ACC01106,Vamakshi Patla,zmannan@example.net,3953481105014,Savings,2022-04-29,Low,0.0,0
ACC01107,Osha Lad,vrittitiwari@example.net,1573855128177,Business,2023-04-04,Low,0.0,0
ACC01108,Guneet Desai,kashishtank@example.net,5542609723602,Current,2021-12-23,Low,0.0,0
ACC01109,Brinda Saran,ati67@example.com,0517107308715,Savings,2022-05-13,Low,0.0,0
ACC01110,Adya Srivastava,vasanabhat@example.org,7543802741485,Business,2023-07-10,Low,0.0,0
ACC01111,Pratyush Rajagopal,edwinorinder@example.com,6862728840766,Business,2023-08-02,Low,0.0,1
ACC01112,Laban Anne,rpurohit@example.org,7135386762592,Current,2023-11-29,Low,0.0,0
ACC01113,Raagini Thaman,aben@example.net,4886932055340,Savings,2023-06-19,Low,0.0,1
ACC01114,Atharv Vohra,urviiyengar@example.net,1597640535670,Savings,2022-10-06,Low,0.0,1
ACC01115,Xiti Sheth,wnori@example.com,6190384227362,Wallet,2022-10-29,Low,0.0,0
ACC01116,Samuel Gole,godaparth@example.net,7111757691716,Current,2022-11-04,Low,0.0,0
ACC01117,Dakshesh Menon,kamyacomar@example.com,8698305216903,Current,2022-11-06,Low,0.0,0
ACC01118,Rachit Balan,odikaatwal@example.org,2647106801770,Business,2021-07-21,Low,0.0,0
ACC01119,Faris Ratta,sanayabaral@example.com,0493326724469,Savings,2022-01-08,Low,0.0,0
ACC01120,Isaiah Sastry,aryasawhney@example.com,8083906540259,Current,2022-07-18,Low,0.0,0
ACC01121,Ikbal Kanda,joshuashere@example.net,7281291635049,Current,2022-06-05,Low,0.0,0
ACC01122,Daniel Dass,csaini@example.com,2728453974995,Wallet,2022-02-21,Low,0.0,0
ACC01123,Sneha Acharya,amitra@example.com,5602080192902,Business,2022-07-11,Low,0.0,0
ACC01124,Faras Prabhu,wazir90@example.com,8909322533320,Business,2023-02-13,Low,0.0,0
ACC01125,Yash Parmar,bariamitesh@example.com,5019354503698,Current,2022-09-17,Low,0.0,1
ACC01126,Sathvik Hari,reyanshgaba@example.com,6296208059831,Wallet,2022-06-20,Low,0.0,0
ACC01127,Amruta Madan,edwindakshesh@example.com,9659992012376,Wallet,2022-02-07,Low,0.0,1
ACC01128,Faqid Srivastava,lmore@example.com,2106294193759,Wallet,2022-04-16,Low,0.0,1
ACC01129,Kevin Golla,esekhon@example.net,1753626475286,Business,2023-06-18,Low,0.0,1
ACC01130,Leela Chauhan,atharvsandal@example.org,3009928452403,Current,2023-03-21,Low,0.0,0
ACC01131,Hitesh Bhatnagar,victor55@example.org,1432191430877,Wallet,2023-05-15,Low,0.0,0
ACC01132,Logan Lal,xdate@example.net,2218834581920,Wallet,2021-11-02,Low,0.0,1
ACC01133,Vasudha Tailor,sankarwaida@example.net,9333299865159,Wallet,2022-01-09,Low,0.0,0
ACC01134,Noah Oak,bmann@example.com,8585883825672,Current,2022-01-24,Low,0.0,0
ACC01135,Orinder Badami,mitali72@example.net,5435519628222,Business,2023-02-10,Low,0.0,1
ACC01136,Abhiram Cherian,iraravi@example.org,7286394201223,Business,2023-01-08,Low,0.0,0
ACC01137,Gagan Mani,advayarya@example.net,6270266045095,Wallet,2023-03-12,Low,0.0,1
ACC01138,Rishi Goyal,soodbhavani@example.net,0391019335389,Savings,2022-05-23,Low,0.0,0
ACC01139,Krish Dyal,ubika11@example.net,6006082770564,Business,2022-11-22,Low,0.0,0
ACC01140,Indrajit Sahota,somrajata@example.org,4385009537234,Wallet,2021-10-31,Low,0.0,0
ACC01141,Gautam Saxena,odin@example.net,3361094416423,Current,2023-03-09,Low,0.0,1
ACC01142,Lopa Palla,bhavna13@example.com,7768576063494,Savings,2023-03-12,Low,0.0,0
ACC01143,Chakradev Mall,eboase@example.com,1887017999324,Savings,2023-01-11,Low,0.0,0
ACC01144,Benjamin Ganguly,theodore74@example.com,1723456538694,Business,2022-02-28,Low,0.0,0
ACC01145,Advay Gandhi,chaaya85@example.net,6268904723864,Wallet,2021-11-26,Low,0.0,0
ACC01146,Advik Aggarwal,utkarsh85@example.net,7421643599009,Business,2023-05-26,Low,0.0,0
ACC01147,Vansha Walla,lalaprisha@example.org,7614378844370,Current,2021-09-05,Low,0.0,1
ACC01148,Keya Butala,apanchal@example.com,7263681541858,Wallet,2022-06-04,Low,0.0,0
ACC01149,Darpan Dixit,ssoman@example.org,0845078604356,Wallet,2023-08-13,Low,0.0,0
ACC01150,Bahadurjit Nazareth,kariyug@example.com,6983306773067,Savings,2022-04-10,Low,0.0,0
ACC01151,Krishna Goswami,osharoy@example.com,1908788653859,Current,2023-04-27,Low,0.0,0
ACC01152,Lila Sinha,oeshijayaraman@example.com,8987605504922,Savings,2022-02-14,Low,0.0,0
ACC01153,Tamanna Bhargava,pahal18@example.com,0663201629073,Current,2022-03-18,Low,0.0,0
ACC01154,Yashodhara Buch,vrittidar@example.net,6533717086494,Current,2023-11-08,Low,0.0,1
ACC01155,Nidhi Manne,ayushmanjhaveri@example.net,1354901459967,Savings,2022-11-03,Low,0.0,0
ACC01156,Lajita Gola,oakreva@example.org,5498243884302,Wallet,2021-12-27,Low,0.0,0
ACC01157,Unnati Yohannan,sachdevaurishilla@example.net,6643158901649,Business,2023-09-20,Low,0.0,0
ACC01158,Yasti Chander,aarav37@example.org,7092640703088,Current,2023-12-26,Low,0.0,0
ACC01159,Zarna Bhatti,zdutta@example.org,9682448500728,Current,2022-11-10,Low,0.0,1
ACC01160,Qarin Sibal,gaurang16@example.net,6919612766208,Business,2022-08-30,Low,0.0,1
ACC01161,Kiaan Badal,jagdishshan@example.org,6344435962458,Current,2021-11-17,Low,0.0,1
ACC01162,Abeer Bumb,advaymerchant@example.net,4253690912375,Wallet,2023-02-06,Low,0.0,1
ACC01163,Aditya Goswami,siya60@example.org,7024365240553,Wallet,2022-03-10,Low,0.0,0
ACC01164,Aadhya Thaker,waliaria@example.com,0364882159773,Savings,2021-11-04,Low,0.0,0
ACC01165,Aradhana Ratta,mdoshi@example.org,6066799864912,Savings,2022-03-04,Low,0.0,0
ACC01166,Dayita Sundaram,krishnabedi@example.com,9862269920666,Current,2022-07-02,Low,0.0,0
ACC01167,Sudiksha Reddy,ranbirpai@example.com,9983358768877,Savings,2023-07-05,Low,0.0,0
ACC01168,Rachit Pradhan,tarora@example.org,4820849315398,Business,2021-08-26,Low,0.0,0
ACC01169,Frado Dubey,nehaanne@example.org,1440762914304,Current,2023-11-24,Low,0.0,0
ACC01170,Teerth Mital,badalsamarth@example.net,5287209986564,Business,2021-10-16,Low,0.0,1
ACC01171,Krishna Minhas,narayanmatthew@example.org,3530976691948,Business,2023-06-24,Low,0.0,0
ACC01172,Jeremiah Bandi,neelima82@example.org,7530796618695,Wallet,2021-07-17,Low,0.0,0
ACC01173,Michael Mannan,mukherjeeyug@example.com,4125313795610,Savings,2023-12-22,Low,0.0,1
ACC01174,Watika Suri,phegde@example.org,7503619202599,Wallet,2022-05-29,Low,0.0,0
ACC01175,Rushil Varty,nhari@example.com,3424447489047,Savings,2023-01-22,Low,0.0,0
ACC01176,Atharv Sawhney,xdave@example.org,1076519170851,Wallet,2022-09-22,Low,0.0,0
ACC01177,William Ganesan,farhan45@example.com,4091858055811,Business,2023-08-16,Low,0.0,0
ACC01178,Siya Lad,manya53@example.net,6077004093045,Business,2023-03-27,Low,0.0,0
ACC01179,Jacob Zacharia,andrew39@example.net,2180396620385,Current,2021-09-24,Low,0.0,0
ACC01180,Arya Bail,iwalla@example.org,6529516469333,Savings,2023-01-27,Low,0.0,0
ACC01181,Omisha Deo,christophergupta@example.net,4408806708987,Current,2021-12-13,Low,0.0,0
ACC01182,Om Barman,chandabaghyawati@example.org,1326611584858,Business,2022-03-08,Low,0.0,0
ACC01183,Hemal Gaba,lkhosla@example.net,1960472205397,Wallet,2021-12-26,Low,0.0,1
ACC01184,Vamakshi Sood,januja44@example.com,8231714619953,Current,2023-12-17,Low,0.0,0
ACC01185,Oviya Sunder,ireddy@example.com,3596053026184,Wallet,2021-10-13,Low,0.0,0
ACC01186,Kai Prakash,asen@example.org,8605063066360,Wallet,2022-05-29,Low,0.0,0
ACC01187,Chaitanya Dayal,sanghviamaira@example.org,0390912030252,Current,2023-07-05,Low,0.0,0
ACC01188,Adweta Nori,ryansharma@example.com,9531926009860,Business,2021-09-06,Low,0.0,1
ACC01189,Ubika Palla,qmerchant@example.com,4920548944538,Business,2022-07-22,Low,0.0,1
ACC01190,Jeet Babu,ramachandranijaya@example.net,8344566229521,Wallet,2023-10-04,Low,0.0,0
ACC01191,Warda Ben,nikita60@example.org,1624860704726,Business,2022-02-14,Low,0.0,0
ACC01192,Amol Deep,irabhatnagar@example.com,0153017316715,Savings,2023-06-25,Low,0.0,1
ACC01193,Chatura Palan,xbhatia@example.org,4413395479406,Current,2022-08-30,Low,0.0,0
ACC01194,Jasmit Kala,nagarajanunni@example.net,5719189866469,Wallet,2023-04-21,Low,0.0,0
ACC01195,Pushti Narayanan,jdasgupta@example.org,5974876805702,Savings,2023-04-08,Low,0.0,0
ACC01196,Vanya Som,lankayash@example.org,9220956733329,Business,2023-05-04,Low,0.0,1
ACC01197,Simon Deol,nidhimann@example.com,2825326769924,Business,2021-11-20,Low,0.0,1
ACC01198,Reva Solanki,nathanielkapur@example.net,2023209140169,Wallet,2023-01-28,Low,0.0,1
ACC01199,Vedant Gill,chaaya23@example.com,1998290755154,Wallet,2022-05-14,Low,0.0,1
ACC01200,Jonathan Ramachandran,savantekiya@example.com,3831006433226,Savings,2023-04-08,Low,0.0,0
ACC01201,Kabir Tailor,dsibal@example.org,1680664707038,Wallet,2022-01-21,Low,0.0,1
ACC01202,Charles Khanna,vbanerjee@example.net,2984241074027,Current,2023-10-29,Low,0.0,0
ACC01203,Andrew Saraf,gperi@example.org,7625906200363,Savings,2022-09-11,Low,0.0,0
ACC01204,Netra Lala,sbobal@example.net,4597931839979,Wallet,2023-07-21,Low,0.0,0
ACC01205,Faras Kurian,lbanerjee@example.net,5049326643223,Business,2022-01-28,Low,0.0,0
ACC01206,Lakshmi Chaudhuri,harrisondugar@example.net,1594853400127,Wallet,2022-01-24,Low,0.0,0
ACC01207,Nihal Devan,dakshatank@example.com,2567871888223,Savings,2022-03-17,Low,0.0,1
ACC01208,Vasudha Bhardwaj,bina16@example.net,6134956479984,Wallet,2022-12-20,Low,0.0,1
ACC01209,Aryan Nair,nsawhney@example.com,3830972361080,Current,2023-05-21,Low,0.0,1
ACC01210,Omisha Chacko,irattan@example.org,6555786457865,Current,2022-08-29,Low,0.0,1
ACC01211,Jagrati Tak,harish24@example.com,4000687586824,Current,2022-09-22,Low,0.0,1
ACC01212,Ishanvi Bora,wraja@example.com,1224441899740,Wallet,2022-11-01,Low,0.0,1
ACC01213,Saksham Jaggi,bwarrior@example.org,5701703630944,Business,2021-11-16,Low,0.0,1
ACC01214,Simon Vala,lbhat@example.org,0898309413490,Current,2021-11-11,Low,0.0,1
ACC01215,Dominic Soni,isur@example.com,2841356948045,Current,2022-02-03,Low,0.0,0
ACC01216,Ucchal Jayaraman,krishna74@example.net,9573940598026,Savings,2022-07-11,Low,0.0,0
ACC01217,Om Krishna,manan03@example.org,8925849073420,Business,2022-07-09,Low,0.0,0
ACC01218,Gopal Sarraf,ssinha@example.net,7595141864823,Wallet,2023-10-13,Low,0.0,1
ACC01219,Xiti Vig,ekajavenkatesh@example.com,1962332605869,Savings,2023-10-29,Low,0.0,0
ACC01220,Noah Sharaf,ssrivastava@example.net,1730662931518,Current,2022-05-24,Low,0.0,1
ACC01221,Upadhriti Zachariah,chaitalydin@example.com,5946989062327,Current,2023-07-16,Low,0.0,0
ACC01222,Thomas Som,seshadriyadavi@example.net,2237900654870,Wallet,2021-08-09,Low,0.0,0
ACC01223,Unnati Sekhon,aashi17@example.com,5539818890737,Business,2023-09-03,Low,0.0,0
ACC01224,Ira Bhattacharyya,wakeeta90@example.net,5896268384887,Current,2021-12-27,Low,0.0,1
ACC01225,Samesh Vohra,dugalanay@example.net,6123961219051,Business,2023-09-29,Low,0.0,1
ACC01226,Mohammed Zacharia,gchaudhari@example.org,7066901079237,Business,2021-09-24,Low,0.0,0
ACC01227,Maanas Ram,udarshmaharaj@example.net,4970350675789,Savings,2022-09-23,Low,0.0,0
ACC01228,Zilmil Kar,hamsinipandya@example.net,0773123155505,Current,2022-07-24,Low,0.0,1
ACC01229,Bachittar Parmar,girikvohra@example.com,8444045883114,Business,2022-09-20,Low,0.0,0
ACC01230,Darika Subramanian,chaudrymichael@example.org,0368715689109,Savings,2024-01-27,Low,0.0,1
ACC01231,Shravya Sekhon,dharvincent@example.net,4568446794036,Business,2022-02-11,Low,0.0,0
ACC01232,Chanchal Bains,sankarantejas@example.org,7378315975729,Wallet,2021-12-21,Low,0.0,1
ACC01233,Reva Kaur,upadhyaymaya@example.net,0291585423324,Savings,2022-11-21,Low,0.0,0
ACC01234,Keya Pradhan,palanaachal@example.net,9660734467462,Wallet,2021-09-16,Low,0.0,1
ACC01235,Hemani Parikh,fitan74@example.net,6170502218169,Savings,2021-11-28,Low,0.0,0
ACC01236,Bhavini Chaudhary,charitamahal@example.net,6094837740292,Current,2022-05-18,Low,0.0,0
ACC01237,Bhavya Khurana,ayushdoshi@example.com,0996218366771,Savings,2023-11-15,Low,0.0,0
ACC01238,Ojasvi Sachdev,abrahmbhatt@example.org,6342022234998,Business,2023-01-13,Low,0.0,1
ACC01239,Elijah Joshi,jsampath@example.org,7590177915244,Savings,2022-06-25,Low,0.0,0
ACC01240,Jai Mahal,avi92@example.org,5174656426018,Savings,2023-10-22,Low,0.0,0
ACC01241,Yatin Suri,ladlikamdar@example.org,6955922776414,Business,2023-11-29,Low,0.0,0
ACC01242,Atharv Kalita,aarnav25@example.com,3444867228839,Wallet,2022-11-08,Low,0.0,1
ACC01243,Charita Singh,vivaanbhatti@example.com,4615749325114,Current,2021-11-04,Low,0.0,0
ACC01244,Zansi Shukla,tanay12@example.net,4095437766183,Current,2021-11-07,Low,0.0,1
ACC01245,Kashvi Thakkar,bhasinharish@example.net,3143915114367,Business,2024-03-08,Low,0.0,1
ACC01246,Onkar Chawla,sunderfaras@example.net,1096856425706,Business,2022-09-28,Low,0.0,1
ACC01247,Luke Sangha,yashbora@example.com,2306002302865,Business,2022-12-12,Low,0.0,1
ACC01248,Anirudh Narain,ommani@example.net,1420667015145,Savings,2022-01-31,Low,0.0,0
ACC01249,Anirudh Chandran,psamra@example.org,2224005392220,Current,2022-03-02,Low,0.0,1
ACC01250,Krishna Dey,chandranchakradhar@example.org,3484339133252,Wallet,2023-09-01,Low,0.0,1
ACC01251,Jackson Kala,yagneshkumar@example.com,4523428644976,Current,2022-06-29,Low,0.0,1
ACC01252,Oscar Lalla,msanghvi@example.com,0953677349852,Business,2022-07-08,Low,0.0,1
ACC01253,Vincent Parekh,vchanda@example.net,6655914762538,Current,2021-12-16,Low,0.0,0
ACC01254,Omaja Saha,henry47@example.com,3695247466535,Current,2021-08-29,Low,0.0,0
ACC01255,Nikita Datta,zaid24@example.org,7924157127638,Savings,2021-11-17,Low,0.0,1
ACC01256,Ekiya Madan,bhaviniroy@example.net,8639061682497,Savings,2023-03-01,Low,0.0,0
ACC01257,Faras Sagar,pandyaudarsh@example.net,1683710307372,Business,2022-02-10,Low,0.0,1
ACC01258,Daniel Sinha,aayushchandran@example.com,7808264931214,Business,2022-07-05,Low,0.0,0
ACC01259,Ronith Mishra,lranganathan@example.com,2926456339172,Business,2021-09-09,Low,0.0,0
ACC01260,Advay Kale,glala@example.net,1266497196706,Current,2023-04-22,Low,0.0,0
ACC01261,Tejas Narasimhan,indrajitbali@example.org,1259016399490,Business,2023-01-11,Low,0.0,0
ACC01262,Robert Kara,anitamagar@example.org,6734814098410,Current,2024-03-25,Low,0.0,1
ACC01263,Radha Tak,baljiwanborah@example.com,1604991004202,Current,2021-07-18,Low,0.0,0
ACC01264,Omisha Dani,vbali@example.org,3421348548420,Savings,2023-11-29,Low,0.0,0
ACC01265,Eiravati Hora,sandaldarsh@example.net,9179138601571,Business,2022-04-11,Low,0.0,0
ACC01266,Warhi D’Alia,krishnachaudhari@example.net,0247028814112,Savings,2023-04-29,Low,0.0,1
ACC01267,Chandani Nadig,vedhikaborde@example.net,6785764639138,Current,2023-10-24,Low,0.0,0
ACC01268,Baljiwan Tata,indrajit61@example.net,2321540131535,Savings,2022-05-02,Low,0.0,0
ACC01269,Nirja Sant,lipikabhavsar@example.com,5525274102547,Savings,2022-09-30,Low,0.0,1
ACC01270,Unnati Majumdar,pooja69@example.com,0051956756355,Savings,2023-04-25,Low,0.0,1
ACC01271,Madhav Gour,dchadha@example.org,6256504607001,Savings,2022-11-15,Low,0.0,0
ACC01272,Anvi Choudhry,abdulradhakrishnan@example.net,2408710066890,Business,2023-05-06,Low,0.0,1
ACC01273,Harish Sunder,lohitamble@example.com,2381152232822,Current,2021-11-19,Low,0.0,0
ACC01274,Mohammed Mander,wasonarunima@example.com,2835999400410,Savings,2023-08-10,Low,0.0,0
ACC01275,Sneha D’Alia,kashishchaudry@example.net,3505357228920,Wallet,2023-05-06,Low,0.0,1
ACC01276,Bimala Dalal,vrishti80@example.net,8302801041945,Wallet,2022-05-19,Low,0.0,1
ACC01277,Charvi Brahmbhatt,jonathan81@example.net,4786742802188,Wallet,2023-05-03,Low,0.0,1
ACC01278,Arin Rajan,hemanginitank@example.net,3789121397436,Wallet,2021-07-17,Low,0.0,1
ACC01279,Eiravati Narula,hemangini75@example.net,0842906969045,Current,2022-02-23,Low,0.0,0
ACC01280,Zinal Sanghvi,purohitekalinga@example.net,6567337457016,Current,2022-11-03,Low,0.0,0
ACC01281,Maanas Sawhney,ochander@example.com,4980253084376,Wallet,2023-03-25,Low,0.0,0
ACC01282,Mitali Merchant,charvi77@example.org,0842324234800,Savings,2022-06-09,Low,0.0,0
ACC01283,Fariq Sha,darikachoudhry@example.net,5369158557490,Current,2022-03-30,Low,0.0,0
ACC01284,Owen Tara,kaurora@example.com,5703332959452,Business,2022-06-10,Low,0.0,0
ACC01285,Fitan Nagy,lilakara@example.org,0296629917217,Business,2023-11-13,Low,0.0,0
ACC01286,Naksh Dewan,avimittal@example.org,7821539266937,Wallet,2022-03-13,Low,0.0,0
ACC01287,Meghana Kant,ishabali@example.org,3928048502206,Business,2021-10-18,Low,0.0,0
ACC01288,Chanakya Cherian,yagneshkakar@example.com,7971900002956,Wallet,2022-01-17,Low,0.0,0
ACC01289,Krisha Dhingra,harinipuri@example.net,7185594079923,Business,2022-11-08,Low,0.0,1
ACC01290,Bhavika Padmanabhan,labankaur@example.org,7781456474370,Current,2023-02-27,Low,0.0,0
ACC01291,Chakrika Pandit,hemangbuch@example.net,7666505276120,Business,2023-06-26,Low,0.0,0
ACC01292,Gabriel Nagi,abhakta@example.net,9022311678706,Business,2023-04-29,Low,0.0,0
ACC01293,Prisha Jayaraman,yatan22@example.org,1859212684856,Current,2023-02-27,Low,0.0,0
ACC01294,Widisha Chacko,mangalmax@example.net,3000375398923,Current,2021-09-27,Low,0.0,1
ACC01295,Sarthak Dhar,rajeshri59@example.net,6932784178376,Business,2023-11-02,Low,0.0,0
ACC01296,Ekbal Om,liambarman@example.org,4065266426735,Business,2022-10-31,Low,0.0,1
ACC01297,Maanas Sura,atimutti@example.com,3756569764878,Current,2022-11-29,Low,0.0,0
ACC01298,Pooja Dutta,aryamani@example.net,1046250692965,Current,2023-04-14,Low,0.0,0
ACC01299,Gauri Choudhary,chaturasama@example.org,6729350979344,Current,2023-01-27,Low,0.0,0
ACC01300,Elijah Deep,mitrarajeshri@example.net,0223477804579,Savings,2022-09-27,Low,0.0,0
ACC01301,Laksh Prakash,venkateshbishakha@example.net,7033982147823,Wallet,2023-09-28,Low,0.0,0
ACC01302,Sai Dugal,madanedhitha@example.org,7670636328630,Current,2023-11-09,Low,0.0,0
ACC01303,Ekalinga Devi,avibawa@example.net,8426483336796,Wallet,2022-12-10,Low,0.0,1
ACC01304,Yashodhara Ganesan,utara@example.net,3605494692085,Savings,2021-07-20,Low,0.0,0
ACC01305,Ati Ben,guhamadhav@example.com,1935001154617,Savings,2024-11-13,Low,0.0,1
ACC01306,Darpan Zachariah,kalitayashodhara@example.net,4410404315668,Current,2022-08-28,Low,0.0,0
ACC01307,Faqid Kala,rayaan81@example.com,7475580309016,Current,2021-07-24,Low,0.0,1
ACC01308,Lakshmi Manda,fchoudhary@example.com,0190271698837,Wallet,2023-02-24,Low,0.0,0
ACC01309,Rajata Chander,pauzaitra@example.com,8611997675983,Savings,2023-05-29,Low,0.0,0
ACC01310,Nathaniel Sachdev,sonibenjamin@example.net,0583534581956,Current,2021-12-02,Low,0.0,1
ACC01311,Ria Doctor,yatin53@example.org,4266217758015,Savings,2021-11-27,Low,0.0,0
ACC01312,Pavani Sangha,ajoshi@example.org,2853272766983,Business,2023-04-27,Low,0.0,0
ACC01313,Edhitha Boase,darsh25@example.org,4613087308972,Current,2022-11-20,Low,0.0,0
ACC01314,Tanmayi Kapur,vedasoman@example.com,1184252786309,Current,2022-06-14,Low,0.0,1
ACC01315,Abhiram Savant,dhingraelijah@example.org,4234473057771,Wallet,2021-10-28,Low,0.0,0
ACC01316,Jai Soman,purijanya@example.net,5667640996833,Wallet,2022-12-07,Low,0.0,1
ACC01317,Amaira Babu,perimax@example.org,2653793221914,Business,2022-07-03,Low,0.0,0
ACC01318,Agastya Shanker,pathakbhavani@example.com,6015791150101,Wallet,2023-02-19,Low,0.0,0
ACC01319,Max Saini,balasubramanianyamini@example.org,6589347597833,Wallet,2022-12-28,Low,0.0,0
ACC01320,Bhavya Tripathi,ishitaswamy@example.org,1496791463866,Business,2022-09-10,Low,0.0,1
ACC01321,Wriddhish Dugal,johalgavin@example.com,6652824685492,Savings,2021-09-30,Low,0.0,0
ACC01322,Kabir Mannan,baralbakhshi@example.net,0860146051908,Business,2021-11-12,Low,0.0,0
ACC01323,Ati Joshi,warhicontractor@example.com,0335636930100,Wallet,2023-06-06,Low,0.0,1
ACC01324,Charles Vora,dominicsawhney@example.net,0480283541589,Wallet,2023-02-14,Low,0.0,0
ACC01325,Chandresh Karpe,lalathomas@example.net,6613662808122,Business,2023-11-15,Low,0.0,0
ACC01326,Zinal Bhavsar,chavvi74@example.com,5311058330967,Current,2021-12-02,Low,0.0,1
ACC01327,Sara Thakur,liam18@example.net,4269376501676,Current,2023-12-15,Low,0.0,0
ACC01328,Guneet Upadhyay,zsrinivas@example.org,6368850162762,Wallet,2022-06-13,Low,0.0,0
ACC01329,Qarin Sandal,csaran@example.net,9376165228989,Business,2023-03-04,Low,0.0,0
ACC01330,Ubika Manne,eeshawason@example.org,5597772659764,Current,2023-06-14,Low,0.0,1
ACC01331,Raghav Pingle,nadigayushman@example.org,1716578939129,Wallet,2023-05-10,Low,0.0,1
ACC01332,Meghana Panchal,warriorridhi@example.org,4860050092449,Business,2022-05-27,Low,0.0,0
ACC01333,Sanya Swamy,ubika03@example.net,2930112501860,Current,2022-08-07,Low,0.0,0
ACC01334,Anvi Garg,rattihemangini@example.org,2336931806200,Wallet,2023-04-12,Low,0.0,1
ACC01335,Rohan Bahri,advikagera@example.com,2497537405714,Business,2021-12-21,Low,0.0,0
ACC01336,Mahika Pillai,qtandon@example.org,8735445345146,Business,2022-09-16,Low,0.0,0
ACC01337,Omya Pandya,amritatoor@example.org,8358626736648,Current,2021-12-11,Low,0.0,0
ACC01338,Wridesh Dube,sharmaurvashi@example.com,0894326983443,Wallet,2023-07-11,Low,0.0,1
ACC01339,Geetika Wason,parekharjun@example.net,5050928467200,Current,2021-12-24,Low,0.0,0
ACC01340,Ronith Mand,rohanbath@example.net,7372954503801,Business,2023-06-26,Low,0.0,0
ACC01341,Lakshit Nayak,imaran50@example.net,0450281435312,Savings,2022-07-13,Low,0.0,0
ACC01342,Alka Kaul,vyanjananarayanan@example.org,1123590426527,Savings,2021-08-24,Low,0.0,0
ACC01343,Manthan Saraf,zgoswami@example.net,1085738385545,Savings,2021-09-15,Low,0.0,1
ACC01344,Aashi Sankar,buchvincent@example.com,1745553706272,Savings,2021-11-09,Low,0.0,0
ACC01345,Ojasvi Shah,yugsathe@example.com,1215756264126,Savings,2022-11-04,Low,0.0,1
ACC01346,Yoshita Kurian,vaidyariya@example.com,0990693196303,Current,2021-08-21,Low,0.0,1
ACC01347,Ethan Sarin,tbhargava@example.com,5998226731234,Current,2023-10-23,Low,0.0,0
ACC01348,Balvan Morar,gautam42@example.org,5936450282313,Current,2023-12-22,Low,0.0,1
ACC01349,Kevin Sinha,kamala76@example.com,9911549044318,Current,2022-08-01,Low,0.0,0
ACC01350,Chandani Kothari,opradhan@example.org,2977115062917,Business,2022-12-14,Low,0.0,0
ACC01351,Madhavi Nori,sethtanay@example.org,6291087392219,Savings,2024-04-01,Low,0.0,1
ACC01352,Mekhala Borra,saanvi37@example.com,1052987707459,Business,2022-02-24,Low,0.0,0
ACC01353,Kashvi Hegde,kumaranusha@example.com,0202683878903,Business,2023-12-15,Low,0.0,0
ACC01354,Hiral Bhakta,diyathakur@example.com,6030409346754,Savings,2022-07-05,Low,0.0,0
ACC01355,Madhav Khatri,gtiwari@example.org,3827210513346,Business,2023-12-19,Low,0.0,0
ACC01356,Harish Mukherjee,manthanagate@example.org,8825320831681,Savings,2022-07-07,Low,0.0,0
ACC01357,Tristan Sagar,khannagabriel@example.net,3690789476720,Wallet,2022-07-01,Low,0.0,1
ACC01358,Arin Pandya,fariskurian@example.net,0707163485089,Wallet,2023-12-14,Low,0.0,0
ACC01359,Hemang Gole,taraahuja@example.net,1191944545697,Business,2021-09-27,Low,0.0,0
ACC01360,Megha Padmanabhan,lopa19@example.org,6713771886263,Current,2023-09-13,Low,0.0,1
ACC01361,Nandini Chhabra,neelimaraj@example.com,0557371388740,Savings,2022-07-13,Low,0.0,1
ACC01362,Logan Kalla,lajita14@example.com,6276330411761,Current,2023-04-29,Low,0.0,1
ACC01363,Owen Chaudry,quincy48@example.org,9686364704656,Current,2022-04-06,Low,0.0,0
ACC01364,Yashvi Subramanian,kalitakrishna@example.net,0048379363159,Wallet,2021-09-18,Low,0.0,0
ACC01365,Maanav Comar,vasudhabhardwaj@example.com,9341040629118,Wallet,2023-04-02,Low,0.0,0
ACC01366,Onkar Dave,avnisrinivasan@example.org,0181796075789,Business,2023-10-12,Low,0.0,1
ACC01367,Vansha Mane,ubhandari@example.org,1711486565818,Wallet,2022-11-11,Low,0.0,0
ACC01368,Aditya Sant,tailorsiddharth@example.net,6316312975572,Business,2022-06-01,Low,0.0,1
ACC01369,Harshil Sahota,nirja37@example.net,1938999068201,Current,2022-01-17,Low,0.0,0
ACC01370,Agastya Tata,sandhuwakeeta@example.com,2163361317985,Current,2023-02-27,Low,0.0,0
ACC01371,Balhaar Bath,daksh37@example.net,9545858356399,Savings,2022-03-02,Low,0.0,1
ACC01372,Michael Subramaniam,tejas92@example.org,5174192581476,Savings,2023-09-27,Low,0.0,0
ACC01373,Hitesh Gopal,nidrabarad@example.org,3994541384531,Business,2022-12-08,Low,0.0,1
ACC01374,Lopa Kalla,kibeabhiram@example.com,8590964598724,Business,2022-06-14,Low,0.0,0
ACC01375,Patrick Chokshi,osule@example.org,1668113397367,Business,2023-11-04,Low,0.0,0
ACC01376,Vanya Deshpande,srinivasupkaar@example.net,0242224198306,Savings,2022-01-11,Low,0.0,0
ACC01377,Qasim Keer,tmunshi@example.org,8144424842024,Current,2023-10-08,Low,0.0,0
ACC01378,Jhalak Amble,reva65@example.net,1861564099414,Business,2021-08-18,Low,0.0,0
ACC01379,Indali Hans,hansunni@example.org,4245190826110,Business,2022-03-11,Low,0.0,1
ACC01380,Eesha Rajagopal,amara29@example.net,0237666969229,Wallet,2022-05-31,Low,0.0,0
ACC01381,Vivaan Kata,kchander@example.com,1839093424240,Savings,2022-07-09,Low,0.0,1
ACC01382,Panini Goel,anamikarout@example.org,4889334375186,Savings,2023-05-10,Low,0.0,0
ACC01383,Aachal Barad,zpathak@example.com,4382692855074,Current,2021-07-26,Low,0.0,0
ACC01384,Harini Bains,nihal88@example.net,9470396964535,Business,2023-03-29,Low,0.0,0
ACC01385,Upma Ravel,chaitanya47@example.org,0099542887344,Savings,2023-10-16,Low,0.0,0
ACC01386,Krishna Varty,csani@example.net,7061706901497,Wallet,2022-06-23,Low,0.0,0
ACC01387,Faris Bal,abhasem@example.org,6756650518860,Savings,2023-07-01,Low,0.0,0
ACC01388,Leena Swamy,advika92@example.org,3596985045056,Wallet,2023-12-15,Low,0.0,0
ACC01389,Veer Sundaram,deepa02@example.net,2861789257140,Current,2022-05-09,Low,0.0,0
ACC01390,Ganga Bhalla,ekiyaswaminathan@example.com,6481638493680,Current,2021-11-21,Low,0.0,0
ACC01391,Rohan Naidu,timothy01@example.org,2789695193048,Business,2023-10-14,Low,0.0,1
ACC01392,Manan Suri,hpalla@example.com,0365620363444,Wallet,2023-07-18,Low,0.0,1
ACC01393,Aarna Rau,okonda@example.org,2335761707317,Current,2022-05-30,Low,0.0,1
ACC01394,Ati Parikh,bshenoy@example.org,2636785089897,Business,2022-02-06,Low,0.0,0
ACC01395,Alka Tandon,anjali43@example.com,2953774037676,Wallet,2022-12-03,Low,0.0,0
ACC01396,Baghyawati Bakshi,mason07@example.com,5149753411573,Current,2021-10-13,Low,0.0,1
ACC01397,Daniel Bhardwaj,batraarunima@example.net,6565823445385,Savings,2022-08-06,Low,0.0,1
ACC01398,Jasmit Korpal,pranit32@example.com,0004709110349,Wallet,2023-11-07,Low,0.0,1
ACC01399,Oviya Brahmbhatt,thakermohini@example.com,1815837466144,Savings,2022-10-10,Low,0.0,1
ACC01400,Saumya Sandal,uppalnilima@example.net,0479666829052,Current,2021-08-25,Low,0.0,0
ACC01401,Netra Oza,anay89@example.org,2330292764054,Savings,2023-01-17,Low,0.0,0
ACC01402,Wyatt Warrior,jghosh@example.org,0513186604747,Business,2021-10-30,Low,0.0,1
ACC01403,Tanay Chana,sudiksha85@example.org,7442035944102,Wallet,2023-12-01,Low,0.0,0
ACC01404,Yamini Srivastava,ishanvibutala@example.net,6477413135183,Wallet,2021-10-20,Low,0.0,1
ACC01405,Lohit Pant,rohan46@example.com,5398852178955,Business,2022-08-16,Low,0.0,0
ACC01406,Chavvi Borra,keyanarayanan@example.com,6759238319348,Current,2023-01-01,Low,0.0,1
ACC01407,Benjamin Bhakta,dhruvkuruvilla@example.com,4292421959730,Business,2022-10-15,Low,0.0,0
ACC01408,Oscar Bhatnagar,mohammed73@example.com,1461331555301,Current,2022-02-03,Low,0.0,1
ACC01409,Udant Barad,danielmohanty@example.com,7781109659845,Business,2023-10-05,Low,0.0,0
ACC01410,Tanmayi Ray,vkhanna@example.com,4182991269945,Wallet,2021-10-05,Low,0.0,1
ACC01411,Christopher Saha,fitan91@example.org,1669100822421,Current,2021-12-31,Low,0.0,0
ACC01412,Lohit Sahni,maxchacko@example.net,5626996208347,Savings,2023-10-08,Low,0.0,0
ACC01413,Aarush Apte,victor25@example.com,2870322007485,Wallet,2023-07-27,Low,0.0,1
ACC01414,Kabir Kumar,ubikadas@example.org,1452058028606,Business,2022-01-02,Low,0.0,0
ACC01415,Bhavna Balakrishnan,qabillala@example.org,5474769509041,Current,2021-12-04,Low,0.0,0
ACC01416,Rajata Ramanathan,samarth01@example.com,5623887888765,Business,2023-02-10,Low,0.0,0
ACC01417,Wazir Borah,lopaben@example.com,2901138604794,Wallet,2023-09-13,Low,0.0,0
ACC01418,Fariq Aurora,yashodharabadal@example.org,1489538294419,Savings,2023-12-26,Low,0.0,0
ACC01419,Aashi Sharaf,pathakviraj@example.com,2839516730953,Wallet,2022-10-02,Low,0.0,0
ACC01420,Meera Tak,kumeryashvi@example.net,8656292582282,Wallet,2021-11-12,Low,0.0,1
ACC01421,Indrajit Vyas,miteshkorpal@example.com,0688568467678,Wallet,2023-09-18,Low,0.0,0
ACC01422,Mohini Mallick,theodore74@example.net,9597521353175,Current,2023-10-03,Low,0.0,1
ACC01423,Forum Dutt,imaharaj@example.net,4114862675119,Current,2022-10-16,Low,0.0,1
ACC01424,Panini Kurian,udarsh49@example.com,5156419678963,Business,2022-06-09,Low,0.0,0
ACC01425,Chandresh Jhaveri,yamini20@example.org,3015972242284,Business,2023-09-17,Low,0.0,0
ACC01426,Dalaja Ganesh,araj@example.net,9846018040334,Savings,2023-10-01,Low,0.0,0
ACC01427,Ekbal Nath,revakhurana@example.com,6715544605392,Wallet,2022-06-12,Low,0.0,0
ACC01428,Banjeet Sarkar,vloke@example.com,7205364991192,Savings,2022-04-29,Low,0.0,0
ACC01429,Nilima Saxena,yachanapatla@example.net,2155383077558,Wallet,2021-07-30,Low,0.0,0
ACC01430,Gaurav Dutt,agopal@example.com,9567844607890,Business,2023-12-19,Low,0.0,0
ACC01431,Hemal Butala,thamandhruv@example.com,5512944149253,Wallet,2022-11-03,Low,0.0,1
ACC01432,Pushti Majumdar,zinalkonda@example.net,9747765659070,Business,2021-10-25,Low,0.0,0
ACC01433,Eshana Mitter,shivansh43@example.com,7156922094907,Savings,2021-12-19,Low,0.0,0
ACC01434,Wridesh Misra,palshivansh@example.com,7100115477349,Current,2022-05-25,Low,0.0,0
ACC01435,Wridesh Bora,veda22@example.com,7856413547416,Current,2022-01-29,Low,0.0,0
ACC01436,Kavya Sibal,diptadoshi@example.org,8555809579475,Business,2023-07-11,Low,0.0,0
ACC01437,Nilima Rau,dugaladweta@example.net,3623347040714,Current,2023-03-31,Low,0.0,0
ACC01438,Sai Char,waida97@example.net,4185595083745,Wallet,2023-04-01,Low,0.0,0
ACC01439,Balhaar Das,mbal@example.net,1017590017067,Business,2023-08-04,Low,0.0,0
ACC01440,Bahadurjit Suresh,hgokhale@example.com,1621593896763,Savings,2023-07-13,Low,0.0,1
ACC01441,Rudra Sangha,xkhatri@example.net,8960707228834,Business,2023-03-24,Low,0.0,1
ACC01442,Tanay Kashyap,hredhaan39@example.org,4309742749366,Business,2023-02-28,Low,0.0,1
ACC01443,Dipta Srinivasan,xsathe@example.org,8030073565826,Business,2021-10-21,Low,0.0,0
ACC01444,Yochana Ghosh,pratyush63@example.net,9412886691122,Savings,2022-12-27,Low,0.0,0
ACC01445,Ojas Borra,ojas52@example.com,1978925946574,Wallet,2023-04-23,Low,0.0,0
ACC01446,Krishna Pradhan,pratyushprasad@example.net,4411818513673,Business,2022-05-02,Low,0.0,0
ACC01447,Hamsini Dhawan,jhaveriharish@example.net,7684184714622,Current,2022-09-19,Low,0.0,0
ACC01448,Falan Lal,rushilkibe@example.com,0112728360308,Savings,2023-08-15,Low,0.0,1
ACC01449,Megha Manne,csubramanian@example.net,6761837629507,Wallet,2023-12-25,Low,0.0,0
ACC01450,Vasudha Bhatti,ggoyal@example.com,0488868041869,Business,2023-01-25,Low,0.0,1
ACC01451,Chaitanya Kara,lilamishra@example.net,6496741991605,Business,2021-09-29,Low,0.0,1
ACC01452,Anmol Ram,bachittar97@example.net,3425197018158,Wallet,2022-10-07,Low,0.0,0
ACC01453,Raghav Ranganathan,mahikashetty@example.org,4215319362526,Wallet,2022-10-17,Low,0.0,0
ACC01454,Logan Ghosh,sampatharyan@example.net,5480293358384,Current,2023-02-27,Low,0.0,0
ACC01455,Fitan Agrawal,cpathak@example.org,1745469351021,Wallet,2022-04-23,Low,0.0,0
ACC01456,Champak Chakrabarti,yashgulati@example.org,5897990359717,Current,2022-08-28,Low,0.0,1
ACC01457,Finn Sunder,handabachittar@example.com,8709412460516,Wallet,2023-07-03,Low,0.0,0
ACC01458,Vincent Nagi,williamsem@example.com,1876776006434,Business,2023-02-08,Low,0.0,0
ACC01459,Suhani Kaul,sodhiwarjas@example.org,3249675745104,Wallet,2021-12-09,Low,0.0,0
ACC01460,Caleb Mitter,hkalla@example.net,5605427079959,Business,2022-05-21,Low,0.0,0
ACC01461,Vansha Sachdev,cheemahritik@example.org,9764754565728,Current,2023-02-01,Low,0.0,0
ACC01462,Max Ganesan,skade@example.net,4039098468560,Business,2023-03-19,Low,0.0,0
ACC01463,Ladli Gopal,nbir@example.net,6870977779570,Business,2022-12-23,Low,0.0,0
ACC01464,Niharika Dhawan,fkapoor@example.com,7110735128962,Savings,2022-06-02,Low,0.0,1
ACC01465,Bachittar Ray,bhavnajaggi@example.org,3302399344606,Current,2022-05-04,Low,0.0,0
ACC01466,Krishna Kuruvilla,aarnavrastogi@example.net,2357865294128,Current,2022-02-01,Low,0.0,0
ACC01467,Xavier Subramaniam,balilavanya@example.com,8854875311980,Savings,2021-12-17,Low,0.0,0
ACC01468,Ojas Pathak,deepa28@example.org,3764255078688,Business,2022-01-05,Low,0.0,0
ACC01469,Mekhala Bala,brijeshkarnik@example.net,2131701958663,Current,2022-10-09,Low,0.0,0
ACC01470,Urmi Vohra,hdutta@example.com,1424956291796,Wallet,2021-09-01,Low,0.0,0
ACC01471,Charita Contractor,panand@example.org,8880700510287,Savings,2021-09-14,Low,0.0,0
ACC01472,Hamsini Buch,anshdin@example.net,0175454164879,Business,2022-02-10,Low,0.0,1
ACC01473,Ekansh Bhakta,nidra62@example.com,0152697442036,Business,2023-08-11,Low,0.0,1
ACC01474,Vasana Warrior,brinda83@example.org,9587238368060,Wallet,2023-04-28,Low,0.0,0
ACC01475,Aashi Nayak,odube@example.org,7148581970150,Wallet,2022-02-25,Low,0.0,0
ACC01476,Rachana Taneja,bdeo@example.net,5192018285233,Current,2021-12-29,Low,0.0,0
ACC01477,Shivani Aggarwal,rudra79@example.com,9158551163971,Business,2021-10-14,Low,0.0,0
ACC01478,Nitesh Bahl,dnatt@example.com,4248739626259,Business,2023-10-17,Low,0.0,1
ACC01479,Zansi Khanna,gokhalecharita@example.net,7367724434354,Business,2022-04-28,Low,0.0,1
ACC01480,Zilmil Tandon,krishapathak@example.com,5643802990348,Business,2022-05-14,Low,0.0,1
ACC01481,Chaman Dass,urishilla96@example.org,0940916573762,Business,2022-07-02,Low,0.0,1
ACC01482,Oliver Ravi,idevi@example.com,9203693091401,Business,2022-06-23,Low,0.0,0
ACC01483,Manbir Shukla,ikbalcomar@example.com,2641475690018,Savings,2021-10-13,Low,0.0,0
ACC01484,Jeremiah Kapoor,forumwable@example.net,7422983596677,Wallet,2022-01-12,Low,0.0,1
ACC01485,Ira Krish,gangulyojas@example.com,4736500329909,Savings,2023-09-11,Low,0.0,1
ACC01486,Christopher Sankaran,sudiksha61@example.net,4278735540423,Current,2022-02-26,Low,0.0,0
ACC01487,Nandini Tailor,darshsant@example.com,4939343969045,Wallet,2023-07-14,Low,0.0,0
ACC01488,Qadim Palan,yochanasingh@example.net,5733813307345,Savings,2022-06-03,Low,0.0,0
ACC01489,Sathvik Bedi,victorsampath@example.com,2247409853720,Business,2021-11-21,Low,0.0,0
ACC01490,Victor Palan,naikelijah@example.com,2325107155587,Wallet,2021-10-07,Low,0.0,1
ACC01491,Amara Ben,max24@example.com,4119925512538,Business,2023-09-14,Low,0.0,0
ACC01492,Vedika Varughese,chandzaid@example.net,0534941971575,Savings,2023-09-22,Low,0.0,0
ACC01493,Watika Dara,zsankaran@example.org,8246306162185,Wallet,2023-05-18,Low,0.0,0
ACC01494,Wazir Mutti,adityaacharya@example.com,1504205986856,Current,2022-10-01,Low,0.0,0
ACC01495,Triveni Brahmbhatt,ranveer36@example.org,9010146103927,Wallet,2022-11-26,Low,0.0,0
ACC01496,Sarthak Barad,mahika16@example.org,6878518569050,Business,2021-11-01,Low,0.0,1
ACC01497,Gaurika Ratta,lajitasrinivas@example.org,0727208147237,Current,2023-01-12,Low,0.0,1
ACC01498,Indira Salvi,andrew78@example.org,8306978999514,Savings,2022-08-24,Low,0.0,0
ACC01499,Bhanumati Jayaraman,fshenoy@example.com,7490668867518,Savings,2023-03-04,Low,0.0,0
ACC01500,Vyanjana Chaudhuri,sandaldaksha@example.com,0595634318073,Business,2023-10-05,Low,0.0,1
ACC01501,Amol Bali,ikshitawadhwa@example.com,5337773031678,Savings,2021-09-01,Low,0.0,0
ACC01502,Hritik Dyal,xchokshi@example.com,2012402545500,Current,2023-01-09,Low,0.0,0
ACC01503,Chakrika Balay,joshiwarhi@example.com,3887246163034,Wallet,2023-01-14,Low,0.0,1
ACC01504,Thomas Bhargava,balanfariq@example.com,5294930741799,Business,2021-10-19,Low,0.0,0
ACC01505,Dipta Madan,jram@example.net,3518962252756,Current,2022-07-16,Low,0.0,1
ACC01506,Aayush Gandhi,zaidbarad@example.org,4056771251589,Business,2023-01-09,Low,0.0,0
ACC01507,Adweta Chaudry,yashicaarora@example.com,6660812392788,Business,2023-09-23,Low,0.0,0
ACC01508,Anya Sunder,rajrishi@example.com,5276958444202,Business,2021-12-22,Low,0.0,1
ACC01509,Aashi Dixit,maya31@example.org,3714503118026,Business,2023-02-08,Low,0.0,1
ACC01510,Jairaj Lall,kotharinilima@example.org,1047189119925,Savings,2023-02-27,Low,0.0,0
ACC01511,Luke Modi,jrout@example.net,4103414131811,Savings,2021-09-23,Low,0.0,0
ACC01512,Devika Andra,frederick32@example.com,7904470856094,Savings,2023-12-08,Low,0.0,0
ACC01513,Libni Setty,minhasyahvi@example.com,1031456457227,Wallet,2022-03-08,Low,0.0,1
ACC01514,Urmi Luthra,shaamrita@example.org,3744999870933,Savings,2022-02-06,Low,0.0,1
ACC01515,Veer Ramaswamy,gaurav26@example.com,0603267531805,Current,2021-12-03,Low,0.0,1
ACC01516,Mekhala Khurana,bansalfinn@example.org,5461253606400,Current,2022-07-21,Low,0.0,0
ACC01517,Ridhi Mannan,mshetty@example.com,9894848170361,Current,2022-06-14,Low,0.0,0
ACC01518,Chatresh Shah,wagrawal@example.org,7375949330781,Current,2023-01-27,Low,0.0,0
ACC01519,Ethan Sathe,sampathcharles@example.org,9021444155967,Business,2022-09-14,Low,0.0,0
ACC01520,Utkarsh Kata,zilmilmitter@example.net,5523917033530,Current,2021-10-06,Low,0.0,0
ACC01521,Deepa Gole,wraval@example.org,1977317394624,Business,2022-03-27,Low,0.0,1
ACC01522,Max Hayre,krisha53@example.net,7687141349317,Current,2023-06-24,Low,0.0,1
ACC01523,Ria Bandi,xahuja@example.com,7357921162506,Business,2022-11-21,Low,0.0,0
ACC01524,Kamala Lall,zmittal@example.org,0145570393427,Savings,2021-12-06,Low,0.0,1
ACC01525,Megha Rao,janakinagy@example.org,5092600011015,Current,2022-09-27,Low,0.0,0
ACC01526,Ethan Sagar,sharafreyansh@example.net,4981213008823,Business,2022-11-28,Low,0.0,0
ACC01527,Keya Behl,isridhar@example.org,1044817736556,Savings,2022-01-09,Low,0.0,0
ACC01528,Lakshit Date,walilaban@example.org,6318641761302,Current,2023-06-04,Low,0.0,0
ACC01529,Odika Lala,sarinwilliam@example.com,5991676403239,Wallet,2021-11-21,Low,0.0,0
ACC01530,Vedant Gola,logan82@example.net,7126937949995,Savings,2022-05-19,Low,0.0,0
ACC01531,Quincy Munshi,oeshikurian@example.com,8436868111433,Savings,2021-10-04,Low,0.0,1
ACC01532,Pooja Kurian,venkatesharyan@example.com,7155590627879,Current,2022-12-22,Low,0.0,0
ACC01533,Onveer Parekh,doshiamol@example.net,6372162660323,Wallet,2023-06-13,Low,0.0,0
ACC01534,Yashoda Mishra,wasonabeer@example.org,5999773793957,Business,2023-09-06,Low,0.0,0
ACC01535,Hiral Bir,aachalseth@example.com,1173670386256,Wallet,2022-02-13,Low,0.0,0
ACC01536,Raagini Chawla,dyaljanya@example.net,2330080563082,Business,2022-07-09,Low,0.0,0
ACC01537,Zayyan Dewan,kkapoor@example.org,7883127365485,Wallet,2022-04-29,Low,0.0,0
ACC01538,Qarin Agate,adeol@example.org,0842874162796,Business,2022-04-15,Low,0.0,0
ACC01539,Meghana Narain,dugarfalak@example.com,1005108194842,Business,2022-05-09,Low,0.0,0
ACC01540,Pushti Ghose,champakarya@example.org,0722350283034,Savings,2023-01-09,Low,0.0,1
ACC01541,Anvi Hora,znarayanan@example.org,6928091663166,Wallet,2021-08-18,Low,0.0,1
ACC01542,Urishilla Mody,kotharisamuel@example.org,5441061664970,Business,2022-04-08,Low,0.0,0
ACC01543,Bhavna Mannan,ayaan15@example.net,7642962809241,Current,2021-09-19,Low,0.0,1
ACC01544,Jagrati Ahuja,andrew96@example.net,1315255232280,Wallet,2022-04-11,Low,0.0,0
ACC01545,Yahvi Hans,osaxena@example.com,5404762539501,Savings,2022-02-11,Low,0.0,0
ACC01546,Jack Narayan,ektanagarajan@example.net,2778882603174,Current,2023-02-14,Low,0.0,0
ACC01547,Wazir Bahri,jagrati88@example.org,1861422935545,Savings,2023-05-01,Low,0.0,0
ACC01548,Chakradev Nanda,niharika75@example.com,9911379830457,Wallet,2023-09-03,Low,0.0,1
ACC01549,Luke Sathe,ekta11@example.com,8958970152213,Current,2022-12-14,Low,0.0,0
ACC01550,Ladli Vig,abhat@example.net,4761289899307,Current,2022-07-26,Low,0.0,0
ACC01551,Madhavi Cherian,koshyvarenya@example.net,7156033878852,Business,2022-10-29,Low,0.0,1
ACC01552,Yauvani Ranganathan,kuruvillawahab@example.net,6309007379499,Current,2022-05-22,Low,0.0,0
ACC01553,Aradhana Munshi,zkrishnan@example.com,1076926265434,Business,2022-10-24,Low,0.0,1
ACC01554,Isha Chopra,zbalasubramanian@example.net,3598398590799,Current,2022-08-20,Low,0.0,0
ACC01555,Januja Toor,shravya83@example.net,5681678434073,Current,2022-06-11,Low,0.0,0
ACC01556,Saanvi Chaudhari,yshroff@example.org,5007883692233,Current,2022-08-17,Low,0.0,1
ACC01557,Barkha Arya,ranbirrege@example.net,2850231265327,Wallet,2023-08-10,Low,0.0,1
ACC01558,Dipta Narayanan,maneshravya@example.org,9032234771469,Current,2023-02-12,Low,0.0,1
ACC01559,Bahadurjit Kibe,dipta55@example.net,0200617413644,Business,2022-04-06,Low,0.0,1
ACC01560,Anusha Singhal,xchoudhry@example.org,8939127065076,Savings,2021-07-28,Low,0.0,0
ACC01561,Mitesh Ganguly,warjasbala@example.com,4468530455559,Wallet,2023-12-22,Low,0.0,1
ACC01562,Charan Date,tkala@example.com,0777894332763,Business,2023-08-14,Low,0.0,1
ACC01563,Adya Roy,balakrishnanzinal@example.org,6962690222097,Current,2021-09-18,Low,0.0,0
ACC01564,Geetika Bajaj,dchawla@example.net,6701512003934,Business,2022-06-04,Low,0.0,0
ACC01565,Bachittar Shankar,ksoni@example.org,2183339192969,Business,2022-11-08,Low,0.0,1
ACC01566,Isaiah Agate,udarsh07@example.org,2600822837742,Business,2022-11-01,Low,0.0,0
ACC01567,Chatura Mutti,ekiya78@example.net,2820632280126,Business,2022-08-18,Low,0.0,0
ACC01568,Bishakha Kuruvilla,xsaini@example.net,2476096064724,Current,2023-10-08,Low,0.0,0
ACC01569,Peter Pathak,ckalla@example.net,4778840709465,Savings,2021-10-08,Low,0.0,0
ACC01570,Upadhriti Shanker,sarafgabriel@example.org,2842680928261,Current,2023-03-07,Low,0.0,0
ACC01571,Aarini Dar,abala@example.com,7186056688031,Savings,2023-03-25,Low,0.0,0
ACC01572,Kritika Mody,opillai@example.org,7983124285354,Current,2022-06-29,Low,0.0,1
ACC01573,Mohini Badami,chadaadvika@example.net,8701708671520,Wallet,2023-07-12,Low,0.0,0
ACC01574,Unni Chauhan,sinhabhavika@example.org,3368957967246,Business,2022-05-31,Low,0.0,0
ACC01575,Chatresh Narang,chandbakhshi@example.net,0701785020502,Business,2022-06-17,Low,0.0,0
ACC01576,Bhavya Solanki,victorgill@example.org,0297599747539,Savings,2022-05-24,Low,0.0,0
ACC01577,Ekanta Seth,aachal25@example.org,9420416415374,Savings,2023-04-01,Low,0.0,0
ACC01578,Jeevika Chander,williamshanker@example.net,7669976816085,Wallet,2022-06-24,Low,0.0,0
ACC01579,Watika Chakrabarti,mmitra@example.net,5849688144990,Savings,2021-11-13,Low,0.0,0
ACC01580,Siddharth Nazareth,sgarg@example.net,5744509998632,Business,2022-06-20,Low,0.0,0
ACC01581,Kashvi Kohli,maanav79@example.org,1108518466898,Current,2022-10-22,Low,0.0,1
ACC01582,Tristan Gandhi,kibeishanvi@example.net,1830734800226,Savings,2021-12-08,Low,0.0,1
ACC01583,Mohammed Pal,adesai@example.com,4829878192147,Current,2023-03-02,Low,0.0,1
ACC01584,Ati Sekhon,libni04@example.org,7178472146172,Savings,2022-09-27,Low,0.0,0
ACC01585,Gayathri Wason,madanhemangini@example.org,6769889798877,Wallet,2023-01-09,Low,0.0,1
ACC01586,Chaaya Mallick,yochana47@example.com,3401929360596,Savings,2022-10-08,Low,0.0,0
ACC01587,Sudiksha Natarajan,joshizayan@example.com,8901248447936,Savings,2021-10-28,Low,0.0,0
ACC01588,Niharika Dani,parsanimrat@example.net,2230706594805,Current,2023-05-31,Low,0.0,0
ACC01589,Harsh Radhakrishnan,deepkalpit@example.com,3303727186244,Wallet,2021-08-02,Low,0.0,0
ACC01590,Indira Sahota,devcheema@example.org,3807828780661,Business,2023-07-15,Low,0.0,0
ACC01591,Chanchal Palan,yochana66@example.org,6541802882521,Current,2021-10-19,Low,0.0,0
ACC01592,Lakshmi Sant,muttianjali@example.com,2882847052031,Current,2021-09-19,Low,0.0,1
ACC01593,Oliver Zachariah,ychand@example.net,3203668642778,Current,2021-09-28,Low,0.0,1
ACC01594,Laban Sane,quincy72@example.net,6032087783471,Savings,2022-05-27,Low,0.0,0
ACC01595,Niharika Gopal,tristanlata@example.net,5735623277004,Wallet,2022-07-04,Low,0.0,0
ACC01596,Tanay Nori,upma30@example.org,3228570424025,Wallet,2022-04-29,Low,0.0,0
ACC01597,Geetika Mannan,mverma@example.net,9770411678815,Current,2023-02-03,Low,0.0,0
ACC01598,Bhavika Ratta,hkaul@example.com,6904484673322,Wallet,2023-03-10,Low,0.0,1
ACC01599,Nicholas Mander,indira87@example.net,0062394599426,Wallet,2021-08-05,Low,0.0,1
ACC01600,Azad Sura,obajwa@example.net,3012033980138,Savings,2023-08-15,Low,0.0,0
ACC01601,Gavin Prashad,udarshkota@example.com,8905810801533,Business,2023-11-01,Low,0.0,0
ACC01602,Ati Hora,netra70@example.org,7287156596957,Wallet,2021-07-27,Low,0.0,0
ACC01603,Ira Talwar,hemal99@example.com,0553629171485,Current,2022-01-12,Low,0.0,0
ACC01604,Falan Kapur,naveen52@example.net,2078821651192,Current,2023-04-20,Low,0.0,0
ACC01605,Chandani Prasad,tmerchant@example.com,2030276947308,Current,2022-01-02,Low,0.0,0
ACC01606,Charita Bhandari,jananikhurana@example.org,2440293634094,Wallet,2021-09-04,Low,0.0,0
ACC01607,Patrick Chakrabarti,pathaknitesh@example.com,9599004794123,Current,2021-11-12,Low,0.0,0
ACC01608,Ekta Mittal,fanand@example.net,1343485713399,Business,2022-08-17,Low,0.0,0
ACC01609,Patrick Shenoy,fsagar@example.org,3421120291381,Current,2022-05-19,Low,0.0,0
ACC01610,Balveer Chanda,dalaja80@example.org,8881966452319,Wallet,2022-03-29,Low,0.0,0
ACC01611,Balendra Varghese,ekarajkalla@example.org,6831723667041,Business,2022-12-12,Low,0.0,0
ACC01612,Frederick Apte,georgecontractor@example.net,4050133203449,Business,2023-10-15,Low,0.0,1
ACC01613,Qushi Bala,qbose@example.net,6507752572316,Savings,2022-11-14,Low,0.0,0
ACC01614,Jacob Ramesh,hayrewidisha@example.net,1057039963066,Wallet,2022-01-19,Low,0.0,0
ACC01615,Arin Arya,avni69@example.com,9323370071580,Wallet,2022-09-22,Low,0.0,1
ACC01616,Warhi Bhatti,chanakya86@example.org,2343065874488,Business,2023-01-30,Low,0.0,0
ACC01617,Onveer Kohli,mnayak@example.net,9722858258545,Savings,2021-07-25,Low,0.0,1
ACC01618,Isaiah Kakar,salviarjun@example.org,8236788387369,Savings,2021-12-13,Low,0.0,0
ACC01619,Maanav Khosla,baliaarna@example.net,6475846648674,Business,2022-03-21,Low,0.0,0
ACC01620,Maya Kashyap,ichakrabarti@example.org,3175529776014,Wallet,2021-08-13,Low,0.0,1
ACC01621,Yochana Mittal,vargheseharshil@example.org,4157281436116,Savings,2021-10-08,Low,0.0,1
ACC01622,Jagat Chaudry,libni03@example.com,1892605554654,Business,2023-05-22,Low,0.0,0
ACC01623,Mitali Tella,ladlitoor@example.com,7714034454595,Business,2021-09-08,Low,0.0,0
ACC01624,Panini Balakrishnan,kashyapabhimanyu@example.org,9622723869742,Current,2022-08-12,Low,0.0,0
ACC01625,Sai Johal,owali@example.net,0957093409916,Wallet,2023-02-04,Low,0.0,0
ACC01626,Bachittar Comar,gulatinisha@example.net,0348484377006,Wallet,2023-01-20,Low,0.0,0
ACC01627,Vidhi Narayanan,jeet42@example.net,4496695421756,Current,2022-05-31,Low,0.0,1
ACC01628,Vaishnavi Oza,xitiamble@example.org,6173447945923,Business,2021-10-15,Low,0.0,1
ACC01629,Jacob Rout,vedantgaba@example.com,8971001707812,Wallet,2022-02-01,Low,0.0,0
ACC01630,Geetika Sen,vborde@example.net,0494841423552,Savings,2023-11-14,Low,0.0,0
ACC01631,Tanay Subramanian,urmiparmer@example.com,9813026564771,Savings,2022-03-30,Low,0.0,1
ACC01632,Harita Vasa,dhruvvohra@example.com,8941079116114,Business,2023-12-15,Low,0.0,1
ACC01633,Aarini Kumar,gbumb@example.net,0975424738852,Savings,2021-08-05,Low,0.0,1
ACC01634,Watika Subramanian,warhi70@example.org,8812532512180,Current,2022-10-06,Low,0.0,1
ACC01635,Noah Ravi,nbhasin@example.com,6028653839571,Business,2023-12-31,Low,0.0,1
ACC01636,Damyanti Rau,ikbalagarwal@example.org,7090703780886,Business,2023-06-07,Low,0.0,1
ACC01637,Umang Gala,tarabakhshi@example.net,4849267487629,Current,2022-03-06,Low,0.0,0
ACC01638,Idika Bhargava,rmangat@example.com,6572676541982,Wallet,2023-07-22,Low,0.0,0
ACC01639,Sanya Madan,ksood@example.com,0345220262693,Wallet,2023-09-27,Low,0.0,0
ACC01640,Tarak Dass,wkumer@example.org,7330907406351,Wallet,2023-04-19,Low,0.0,1
ACC01641,Yutika Oza,manthanmagar@example.com,7512583799005,Savings,2022-12-16,Low,0.0,1
ACC01642,Mugdha Reddy,rishideshpande@example.com,3342285628372,Current,2023-11-08,Low,0.0,0
ACC01643,Widisha Goda,geetikajohal@example.org,3370089423403,Business,2022-03-31,Low,0.0,0
ACC01644,Advay Loke,rayaankaul@example.org,8838456125780,Wallet,2021-12-18,Low,0.0,1
ACC01645,Ucchal Kanda,lchaudhuri@example.net,1769680645544,Current,2022-10-18,Low,0.0,0
ACC01646,Gopal Pillai,yzacharia@example.org,9264053273968,Savings,2022-01-10,Low,0.0,0
ACC01647,Samarth Lall,tanaybarad@example.org,9978331503219,Savings,2023-12-30,Low,0.0,1
ACC01648,Osha Pai,faris02@example.com,6668606734767,Current,2022-08-30,Low,0.0,0
ACC01649,Chameli Wali,jkoshy@example.net,9103852427622,Savings,2023-08-18,Low,0.0,0
ACC01650,Eshana Pandey,rkhurana@example.com,3963994959403,Current,2022-07-18,Low,0.0,0
ACC01651,Ekani Mangal,bpathak@example.net,3170873002102,Business,2023-12-22,Low,0.0,0
ACC01652,Samar Rai,rkant@example.net,5673223487493,Savings,2022-01-18,Low,0.0,1
ACC01653,Pooja Raman,charjatin@example.org,4886607326447,Wallet,2021-09-16,Low,0.0,1
ACC01654,Upasna Varkey,janani41@example.com,0909371645810,Savings,2021-08-03,Low,0.0,0
ACC01655,Inaya Swaminathan,anitasahota@example.com,4733878052890,Business,2022-01-20,Low,0.0,0
ACC01656,Lopa Sarkar,gagan83@example.com,7719888374345,Current,2022-08-29,Low,0.0,0
ACC01657,Neha Trivedi,tanish80@example.com,5023089964692,Savings,2023-05-11,Low,0.0,1
ACC01658,Tristan Misra,ishitakrishnamurthy@example.net,9521215603871,Business,2023-10-01,Low,0.0,0
ACC01659,Chakradev Kadakia,dayita69@example.com,6049037647476,Savings,2023-09-17,Low,0.0,0
ACC01660,Finn Sandhu,grewalpeter@example.org,0396558681900,Wallet,2022-12-20,Low,0.0,0
ACC01661,Jason Murthy,tanveerkalita@example.com,8660138550029,Wallet,2023-08-13,Low,0.0,1
ACC01662,Vasatika Hans,cherianazaan@example.org,4571815806194,Business,2021-10-30,Low,0.0,0
ACC01663,Ranveer Rattan,balhaar55@example.org,9396871867170,Current,2022-03-15,Low,0.0,0
ACC01664,Deepa Divan,nicholaspau@example.org,1961293321349,Current,2023-10-22,Low,0.0,1
ACC01665,Nihal Deshmukh,lankabenjamin@example.net,3717758856274,Savings,2022-04-16,Low,0.0,0
ACC01666,Lipika Ratta,birpratyush@example.com,0306951657121,Current,2022-10-07,Low,0.0,0
ACC01667,Raagini Bava,bumbjairaj@example.net,3993302559879,Wallet,2021-12-22,Low,0.0,0
ACC01668,Daniel Sanghvi,timothycontractor@example.com,9688910961968,Current,2022-03-28,Low,0.0,0
ACC01669,Bhavya Parmer,padmanabhannihal@example.org,2036081641804,Current,2022-11-05,Low,0.0,0
ACC01670,Niharika Basak,tataharsh@example.com,8346954495060,Business,2021-08-03,Low,0.0,1
ACC01671,Yachana Banerjee,sdeep@example.com,5669839859074,Current,2023-10-04,Low,0.0,1
ACC01672,Anusha Brar,luke90@example.com,7762538476691,Savings,2023-08-10,Low,0.0,0
ACC01673,Robert Basu,ramanbhavika@example.com,8617468590262,Savings,2022-05-07,Low,0.0,1
ACC01674,Lipika Chad,ramakrishnanlila@example.org,6034982468967,Business,2023-01-06,Low,0.0,1
ACC01675,Jeet Randhawa,kritika27@example.net,4021572312524,Business,2023-02-12,Low,0.0,1
ACC01676,Samaksh Oak,haritaramakrishnan@example.org,8589496172150,Current,2023-04-22,Low,0.0,0
ACC01677,Mason Anand,vedant53@example.org,1845605993423,Wallet,2022-03-11,Low,0.0,1
ACC01678,Jonathan Dasgupta,chadamanan@example.net,4314140878343,Savings,2023-04-21,Low,0.0,0
ACC01679,Vasatika Dora,chakradev21@example.org,8231379981810,Wallet,2021-10-25,Low,0.0,1
ACC01680,Leela Dora,nicholas65@example.com,3558774526348,Savings,2021-08-15,Low,0.0,0
ACC01681,Rohan Tak,divyamukhopadhyay@example.com,2535117882805,Wallet,2023-06-04,Low,0.0,0
ACC01682,Zaid Krishnamurthy,jasmit38@example.net,8720476766608,Current,2021-11-26,Low,0.0,0
ACC01683,Warhi Mistry,xiti71@example.net,0753136859315,Business,2023-03-04,Low,0.0,0
ACC01684,Meghana Dave,banerjeevasana@example.com,4430106144529,Savings,2021-10-20,Low,0.0,0
ACC01685,Damini Pandey,rmuni@example.org,1997115333497,Current,2022-08-12,Low,0.0,1
ACC01686,Rachana Sibal,chandaaryan@example.org,4344997585861,Business,2023-09-07,Low,0.0,0
ACC01687,Vamakshi Vala,tbera@example.org,5992794376382,Current,2022-08-07,Low,0.0,1
ACC01688,Bhavya Bath,tanishdalal@example.org,2395480704731,Savings,2022-07-09,Low,0.0,0
ACC01689,Tejas Randhawa,dmukherjee@example.com,4070366656007,Savings,2022-12-27,Low,0.0,1
ACC01690,Liam Edwin,jaigolla@example.net,1938682784726,Wallet,2023-08-18,Low,0.0,0
ACC01691,Tanveer Jha,advaymistry@example.net,9692066604853,Business,2021-08-02,Low,0.0,0
ACC01692,Qabil Jain,aishani35@example.net,9811846512421,Business,2022-12-22,Low,0.0,0
ACC01693,Lopa Keer,echakrabarti@example.net,4836481165955,Current,2021-11-10,Low,0.0,0
ACC01694,Aarna Ganesan,koshyxalak@example.net,1363659727676,Business,2021-11-03,Low,0.0,1
ACC01695,Vamakshi Sura,shaurya58@example.com,3417491953808,Savings,2023-12-14,Low,0.0,1
ACC01696,Praneel Sankaran,mde@example.org,7615001113915,Savings,2023-12-17,Low,0.0,0
ACC01697,Aadi Morar,qadim36@example.com,9214990108616,Wallet,2023-05-25,Low,0.0,0
ACC01698,Triveni Badami,gaurav57@example.org,6799673672096,Savings,2023-10-31,Low,0.0,1
ACC01699,Chakradev Golla,taragolla@example.com,3205869972459,Business,2022-07-31,Low,0.0,0
ACC01700,Hemang Patla,sachi93@example.org,7011549177326,Wallet,2022-03-28,Low,0.0,0
ACC01701,Panini Trivedi,niharika88@example.net,1085973586794,Business,2022-10-24,Low,0.0,0
ACC01702,Robert Roy,anita70@example.org,3276765964587,Business,2023-10-08,Low,0.0,1
ACC01703,Lekha Lad,saanvi15@example.com,4745024053772,Current,2023-03-22,Low,0.0,0
ACC01704,Anjali Viswanathan,omurty@example.net,5037548078053,Savings,2023-02-17,Low,0.0,0
ACC01705,Rushil Walla,neha93@example.org,3696480407373,Savings,2022-07-26,Low,0.0,0
ACC01706,Anvi Chahal,aarav63@example.org,0510265838796,Current,2021-09-25,Low,0.0,0
ACC01707,Saksham Manne,rsibal@example.net,4660332739974,Current,2022-06-30,Low,0.0,0
ACC01708,Gautami Din,manderekaraj@example.org,0276078195164,Wallet,2022-11-26,Low,0.0,0
ACC01709,Triya Soni,hjain@example.org,0614435754789,Savings,2023-02-17,Low,0.0,0
ACC01710,Harita Bajaj,qadim60@example.org,0687567071812,Business,2021-12-14,Low,0.0,0
ACC01711,William Rastogi,kamdarimaran@example.org,7745998413376,Current,2023-11-02,Low,0.0,1
ACC01712,Aditya Natt,suridominic@example.org,5106407078384,Current,2023-10-04,Low,0.0,0
ACC01713,Amruta Vala,advaithkari@example.com,7365404492728,Business,2023-09-04,Low,0.0,0
ACC01714,Advaith Gulati,sethyashawini@example.org,4316785984440,Business,2022-04-14,Low,0.0,1
ACC01715,Tanveer Bajwa,quincybandi@example.com,6052699015230,Savings,2023-02-18,Low,0.0,0
ACC01716,Neelima Raj,theodorebail@example.net,3565403079915,Current,2023-08-31,Low,0.0,1
ACC01717,Darpan Gole,kjoshi@example.org,2953185004231,Savings,2022-01-06,Low,0.0,1
ACC01718,Balvan Rajagopalan,christophermitra@example.net,0930548473857,Current,2022-01-12,Low,0.0,0
ACC01719,Sanya Jayaraman,anikanarayan@example.net,3815182723826,Savings,2023-07-17,Low,0.0,0
ACC01720,Karan Pant,thamanhemal@example.org,5768815590308,Business,2023-01-10,Low,0.0,0
ACC01721,Pallavi Narasimhan,adweta87@example.com,5048849150892,Wallet,2023-07-14,Low,0.0,1
ACC01722,Bhavya Ray,benjamin35@example.org,6955593558810,Wallet,2023-08-24,Low,0.0,0
ACC01723,Michael Sekhon,tnarayan@example.com,7745925412387,Wallet,2021-12-11,Low,0.0,0
ACC01724,Bhavya Kothari,nsinghal@example.org,7045594849674,Savings,2021-11-02,Low,0.0,1
ACC01725,Rajata Sandhu,rudraom@example.com,1255935027674,Savings,2023-01-22,Low,0.0,0
ACC01726,Keya Mitra,dubeymichael@example.com,7653145134170,Business,2023-03-28,Low,0.0,0
ACC01727,Harinakshi Mandal,gayathri83@example.com,5955621683357,Savings,2023-04-06,Low,0.0,1
ACC01728,Oeshi Upadhyay,parekhabhimanyu@example.com,0860431715578,Savings,2022-08-10,Low,0.0,0
ACC01729,Nathan Chander,okata@example.com,0931608988850,Business,2022-07-26,Low,0.0,0
ACC01730,Bahadurjit Pillay,ronith91@example.org,5320264009333,Wallet,2023-11-05,Low,0.0,0
ACC01731,Xavier Tata,goyalaarnav@example.net,8878218893844,Business,2021-08-04,Low,0.0,0
ACC01732,Zinal Chaudhary,bsethi@example.com,4208348124266,Current,2022-12-20,Low,0.0,0
ACC01733,Vasana Mall,nitaramohanty@example.com,4783279663795,Current,2023-04-14,Low,0.0,0
ACC01734,Urvi Sawhney,anjali99@example.org,6871446939953,Savings,2022-05-23,Low,0.0,0
ACC01735,Eta Narayanan,traval@example.net,3940269089649,Savings,2023-05-12,Low,0.0,0
ACC01736,Madhavi Sahota,daraqabil@example.org,3246872203733,Savings,2023-11-16,Low,0.0,1
ACC01737,Anamika Bera,nbhatt@example.net,7485783045596,Savings,2023-04-25,Low,0.0,1
ACC01738,Shivani Rastogi,triveni86@example.net,0551267644943,Savings,2022-09-04,Low,0.0,0
ACC01739,Udarsh Gandhi,xbansal@example.com,4653442004218,Wallet,2022-12-04,Low,0.0,0
ACC01740,Saanvi Krishna,xchaudhry@example.org,3519198505651,Current,2023-07-01,Low,0.0,0
ACC01741,Udarsh Nadig,chandran81@example.net,3229876632790,Savings,2022-06-13,Low,0.0,1
ACC01742,Kabir Johal,gopalagarwal@example.com,8917005229184,Business,2023-05-16,Low,0.0,1
ACC01743,Tripti Merchant,npathak@example.net,5270259961143,Wallet,2023-04-21,Low,0.0,0
ACC01744,Yahvi Hari,muniabeer@example.net,7513061092216,Business,2021-12-24,Low,0.0,0
ACC01745,Bhavna Nori,triptichoudhary@example.com,3204319274312,Wallet,2023-03-29,Low,0.0,1
ACC01746,Pavani Sabharwal,mitali02@example.org,6165580624755,Savings,2022-05-25,Low,0.0,0
ACC01747,Mason Sama,ddewan@example.net,6702751005687,Wallet,2023-08-31,Low,0.0,0
ACC01748,Pooja Agate,turvi11@example.org,8167932353933,Savings,2023-07-01,Low,0.0,0
ACC01749,Kamala Mahajan,ekaja16@example.com,0794321830242,Current,2021-09-29,Low,0.0,0
ACC01750,Alka Sachar,ganga19@example.org,0411548805109,Savings,2022-11-16,Low,0.0,0
ACC01751,Ranveer Mane,upatla@example.org,6330575437009,Savings,2021-07-16,Low,0.0,0
ACC01752,Jagdish Ravi,viraj77@example.org,1704701259283,Business,2021-07-28,Low,0.0,1
ACC01753,Upma Chanda,xzacharia@example.com,7697505917393,Wallet,2021-10-30,Low,0.0,0
ACC01754,Ekapad Bhandari,janani91@example.com,3179364708944,Wallet,2024-04-27,Low,0.0,1
ACC01755,Lekha Palla,isha25@example.net,5707650946207,Savings,2022-06-13,Low,0.0,0
ACC01756,Pavani Din,shivanichoudhry@example.net,6026118680109,Business,2023-12-23,Low,0.0,1
ACC01757,Rajata Aggarwal,mallickaarush@example.net,7003276280587,Wallet,2023-06-09,Low,0.0,0
ACC01758,Vritti Tandon,chadarunima@example.net,2682119569646,Wallet,2022-06-02,Low,0.0,0
ACC01759,Vritti Sengupta,eeshapathak@example.com,9220513563974,Wallet,2021-12-04,Low,0.0,0
ACC01760,Indira Basu,tandonishanvi@example.org,7486735818217,Current,2022-09-12,Low,0.0,1
ACC01761,Adweta Upadhyay,fmanda@example.com,5995843835699,Wallet,2022-05-05,Low,0.0,0
ACC01762,Jeet Goel,maanav01@example.net,0646912671919,Business,2021-10-31,Low,0.0,0
ACC01763,Ranbir Kade,william03@example.net,3878305682875,Current,2021-12-11,Low,0.0,0
ACC01764,Warinder Narayan,pranav62@example.org,9487478112826,Current,2023-07-30,Low,0.0,1
ACC01765,Bina Pillay,sethvihaan@example.net,2293177865039,Savings,2022-11-07,Low,0.0,0
ACC01766,Reva Prakash,muttieshana@example.com,7917431243453,Savings,2023-05-07,Low,0.0,0
ACC01767,Yug Thakkar,biswasganga@example.com,0927209480369,Wallet,2022-03-20,Low,0.0,1
ACC01768,Shravya Pandey,ngrewal@example.com,3916867088550,Savings,2023-01-22,Low,0.0,1
ACC01769,Anita Kari,amaira10@example.net,0427974935492,Savings,2021-11-14,Low,0.0,0
ACC01770,Aarav Chhabra,tiwariojasvi@example.net,3293575384811,Business,2021-08-14,Low,0.0,1
ACC01771,Ekta Tata,gulatichandani@example.com,6016426245546,Wallet,2023-09-16,Low,0.0,0
ACC01772,Aarush Gokhale,kashyapharita@example.net,6922394071734,Current,2022-07-07,Low,0.0,0
ACC01773,Anya Rajan,zbhatia@example.net,4700603981079,Current,2022-10-28,Low,0.0,1
ACC01774,Hritik Raman,geetikadeol@example.org,1202241756168,Business,2023-10-31,Low,0.0,0
ACC01775,Geetika Sarin,frederick85@example.com,3336650285915,Current,2022-01-02,Low,0.0,0
ACC01776,Ekaja Dada,qchaudhary@example.com,8290524922191,Wallet,2023-09-27,Low,0.0,0
ACC01777,Barkha Dutta,yahvi14@example.org,0138569939142,Savings,2023-05-08,Low,0.0,0
ACC01778,Ekanta Dube,daranicholas@example.net,1740209844698,Business,2022-01-13,Low,0.0,0
ACC01779,Neha Patla,ethan82@example.com,9136759164491,Wallet,2022-09-18,Low,0.0,0
ACC01780,Rayaan Doctor,balgirish@example.org,0852315682342,Savings,2022-05-16,Low,0.0,1
ACC01781,Advik Dass,zayanrana@example.org,7132025342386,Savings,2022-08-01,Low,0.0,0
ACC01782,Balveer Sem,brajan@example.com,9398766740877,Current,2022-03-19,Low,0.0,1
ACC01783,Falan Baral,lnigam@example.com,0330510972472,Business,2023-10-16,Low,0.0,0
ACC01784,Aradhana Goswami,spal@example.org,8939276398523,Savings,2022-10-12,Low,0.0,0
ACC01785,Omkaar Vaidya,lakshmihanda@example.net,7868070423573,Current,2023-05-03,Low,0.0,0
ACC01786,Jhalak Keer,buchpooja@example.net,1353470507077,Wallet,2023-04-08,Low,0.0,1
ACC01787,Abeer Mishra,mugdha35@example.com,8662138059519,Wallet,2021-10-02,Low,0.0,0
ACC01788,Ati Parmer,onveer25@example.net,5133059154196,Business,2022-01-13,Low,0.0,1
ACC01789,Irya Choudhary,balnirja@example.com,5136365905041,Wallet,2023-02-09,Low,0.0,0
ACC01790,Wazir Taneja,lohitkhalsa@example.com,6787032381281,Business,2023-03-28,Low,0.0,0
ACC01791,Dev Vora,iramohanty@example.net,5211275963731,Current,2023-10-16,Low,0.0,0
ACC01792,Damini Jha,henrybabu@example.net,2306594003818,Current,2023-08-14,Low,0.0,0
ACC01793,Yagnesh Sahni,kashish10@example.org,1824140817028,Savings,2023-07-25,Low,0.0,0
ACC01794,Pahal Bhatnagar,isinghal@example.com,2149997032043,Savings,2023-07-16,Low,0.0,1
ACC01795,Warhi Kumer,samarthmohanty@example.com,1065100460104,Business,2022-09-10,Low,0.0,1
ACC01796,Ryan Dara,gayathriperi@example.com,9420722395672,Wallet,2022-11-10,Low,0.0,1
ACC01797,Vrinda Purohit,virkwatika@example.net,7677513877123,Savings,2022-07-01,Low,0.0,0
ACC01798,Udant Shan,benjaminmall@example.net,3045194558681,Wallet,2021-11-03,Low,0.0,0
ACC01799,Udant Mand,yohannanazaan@example.com,4031575859391,Current,2022-09-25,Low,0.0,1
ACC01800,William Raman,bachittarpathak@example.com,9339271954063,Wallet,2022-09-13,Low,0.0,0
ACC01801,Osha Shan,deychatura@example.net,1537842055553,Wallet,2021-08-11,Low,0.0,0
ACC01802,Amara Mandal,senguptazaitra@example.net,7788892210072,Savings,2023-09-30,Low,0.0,0
ACC01803,Aradhana Bains,warda11@example.org,6175780410486,Current,2021-09-26,Low,0.0,0
ACC01804,Veda Bumb,rkurian@example.org,2447049867110,Wallet,2021-09-06,Low,0.0,0
ACC01805,Yadavi Sheth,oatwal@example.org,5704430732466,Savings,2023-05-25,Low,0.0,1
ACC01806,Aahana Bhasin,daksheshlal@example.org,7799899246924,Wallet,2023-08-02,Low,0.0,1
ACC01807,Anthony Mandal,cheemarehaan@example.org,8643231456518,Savings,2022-01-02,Low,0.0,0
ACC01808,Ojas Sheth,faris70@example.org,4374325674053,Current,2023-01-01,Low,0.0,1
ACC01809,Lakshit Murty,dubeysamesh@example.org,5411190206071,Business,2022-07-24,Low,0.0,0
ACC01810,Neelima Jani,balijalsa@example.org,1442673538425,Savings,2022-02-06,Low,0.0,0
ACC01811,Jagdish Dasgupta,rchopra@example.com,4261845537582,Wallet,2023-04-09,Low,0.0,1
ACC01812,Joshua Pillay,wallahredhaan@example.com,0232358593580,Current,2023-11-30,Low,0.0,0
ACC01813,Gauri Garg,nayarayaan@example.com,0781973544252,Business,2021-08-08,Low,0.0,0
ACC01814,Urvashi Tailor,qsubramanian@example.com,9649304640060,Business,2022-06-10,Low,0.0,0
ACC01815,Yasti Deshmukh,imishra@example.com,7553779385460,Current,2023-09-26,Low,0.0,0
ACC01816,Logan Dara,kumararjun@example.com,5453960160993,Business,2023-09-18,Low,0.0,0
ACC01817,Zayyan Sidhu,sarrafluke@example.com,5174316032503,Current,2023-08-29,Low,0.0,1
ACC01818,Yatin Trivedi,amara27@example.net,2361794964549,Savings,2023-10-29,Low,0.0,0
ACC01819,Irya Shan,ghosesaumya@example.net,1742718322402,Current,2023-08-20,Low,0.0,0
ACC01820,Sathvik Ramesh,vamakshiram@example.org,6404046551128,Current,2021-09-09,Low,0.0,0
ACC01821,Vihaan Thaman,dasamol@example.com,2289207459528,Business,2022-12-15,Low,0.0,0
ACC01822,Riya Salvi,ysubramaniam@example.com,3935433732783,Savings,2022-05-14,Low,0.0,0
ACC01823,Rachit Buch,jagdish00@example.org,0772143486965,Wallet,2021-09-20,Low,0.0,0
ACC01824,Watika Bir,ishanvi73@example.org,5208983187309,Savings,2023-12-09,Low,0.0,0
ACC01825,Charan Soni,virajsibal@example.com,1297341485027,Savings,2023-06-12,Low,0.0,0
ACC01826,Avi Vora,nishabadami@example.org,7220871218945,Business,2021-09-24,Low,0.0,1
ACC01827,Yatan Naik,ibarad@example.org,1599875175790,Current,2023-09-28,Low,0.0,1
ACC01828,Oliver Hegde,voradakshesh@example.com,9417502413007,Wallet,2023-08-28,Low,0.0,0
ACC01829,Wakeeta Palla,vnair@example.net,0959145049723,Savings,2022-09-15,Low,0.0,0
ACC01830,Nitara Manne,cdave@example.org,5181420438450,Savings,2023-07-12,Low,0.0,1
ACC01831,Nandini Dhingra,surlibni@example.com,4939416674078,Business,2021-09-11,Low,0.0,0
ACC01832,Yasti Parsa,sanya49@example.org,0667264187939,Business,2022-08-10,Low,0.0,1
ACC01833,Edhitha Kalita,dsolanki@example.org,4931645982437,Savings,2022-12-05,Low,0.0,0
ACC01834,Anamika Sarraf,masterbalveer@example.com,6518756926920,Business,2023-07-08,Low,0.0,1
ACC01835,Nathan Singh,hemataneja@example.org,5672123008578,Wallet,2023-05-26,Low,0.0,1
ACC01836,Ishwar Pillai,luckymody@example.org,6600980578369,Current,2023-03-25,Low,0.0,0
ACC01837,Samesh Balasubramanian,amrutabora@example.org,5329856849977,Wallet,2022-10-01,Low,0.0,0
ACC01838,Wishi Bassi,bbasu@example.com,6143370049174,Current,2023-11-26,Low,0.0,0
ACC01839,Ronith Ram,qbutala@example.net,3876215774054,Current,2022-03-09,Low,0.0,0
ACC01840,Yachana Sarkar,hdara@example.org,8741427853141,Wallet,2022-08-08,Low,0.0,1
ACC01841,Oscar Sahota,aarnagera@example.org,2339982159007,Business,2022-06-16,Low,0.0,1
ACC01842,Siddharth Devi,mannanjali@example.net,5677154176604,Business,2023-10-30,Low,0.0,0
ACC01843,Omisha Kashyap,chaudharyneelima@example.net,5767765766647,Savings,2023-03-20,Low,0.0,0
ACC01844,Chakradhar Pandit,abhiramtella@example.net,2964552175049,Business,2023-08-13,Low,0.0,0
ACC01845,Krish Thaker,ddhawan@example.com,4220618506929,Business,2023-06-10,Low,0.0,0
ACC01846,Vincent Vora,cmajumdar@example.org,7246639032143,Current,2022-03-26,Low,0.0,1
ACC01847,Rishi Chakraborty,williamkhurana@example.org,1184065488558,Savings,2022-12-05,Low,0.0,0
ACC01848,Ekaja Prabhu,bimalaparekh@example.org,1514369745783,Wallet,2022-08-27,Low,0.0,0
ACC01849,Elijah Sethi,yachanashan@example.net,3556696338958,Business,2023-01-13,Low,0.0,0
ACC01850,Zashil Bir,jwalla@example.com,0199916246947,Wallet,2022-11-29,Low,0.0,1
ACC01851,Om Hayre,syadav@example.org,8517973679901,Wallet,2023-06-30,Low,0.0,1
ACC01852,Karan Talwar,bhardwajdhriti@example.net,0387212151904,Savings,2023-02-08,Low,0.0,0
ACC01853,Lavanya Garg,anika62@example.org,1656633935082,Current,2023-12-01,Low,0.0,1
ACC01854,Ranbir Deep,udave@example.org,4030755984142,Wallet,2023-11-02,Low,0.0,1
ACC01855,Lohit Mandal,ranveer50@example.com,5093328099970,Business,2022-07-07,Low,0.0,0
ACC01856,Alka Madan,mittalsamaksh@example.org,9077182353277,Wallet,2021-11-06,Low,0.0,0
ACC01857,Vrishti Sarin,hemal47@example.com,7275735548147,Current,2023-07-21,Low,0.0,0
ACC01858,Pranit Ramachandran,gsangha@example.com,9392942702150,Savings,2023-04-22,Low,0.0,1
ACC01859,Sarthak Kumar,zaidbedi@example.com,7989582477339,Current,2023-04-03,Low,0.0,0
ACC01860,Karan Bassi,shivanichoudhury@example.net,2759395571421,Savings,2021-11-09,Low,0.0,1
ACC01861,Oviya Grover,bahadurjitraman@example.net,9100443643644,Current,2022-05-21,Low,0.0,0
ACC01862,Shivansh Dyal,qchander@example.org,0072276835278,Business,2023-01-02,Low,0.0,0
ACC01863,Yashica Sehgal,vasatika10@example.net,3853000900632,Current,2023-07-04,Low,0.0,0
ACC01864,Yoshita Samra,vsehgal@example.com,5861728470344,Current,2022-05-04,Low,0.0,0
ACC01865,Tarak Kannan,bhaviniradhakrishnan@example.com,8415463517573,Wallet,2021-09-27,Low,0.0,1
ACC01866,Ekansh Varma,hritik76@example.net,5959656003375,Wallet,2022-05-05,Low,0.0,0
ACC01867,Qabil Rana,zaitra42@example.org,9222514557953,Savings,2022-01-10,Low,0.0,0
ACC01868,Kalpit Karpe,aranganathan@example.org,1426430297081,Wallet,2022-05-29,Low,0.0,0
ACC01869,Vidhi Dubey,lukedara@example.org,5243922950149,Current,2022-06-03,Low,0.0,1
ACC01870,Kiaan Lad,sharmarachana@example.net,3908783476790,Current,2021-08-27,Low,0.0,0
ACC01871,Raksha Tiwari,deepamitter@example.com,6694836094386,Business,2022-06-24,Low,0.0,0
ACC01872,Ishani Babu,gautami92@example.com,2972669232572,Wallet,2023-07-05,Low,0.0,0
ACC01873,Yash Modi,tzachariah@example.net,7047233446661,Business,2023-11-23,Low,0.0,0
ACC01874,Ira Chaudhry,libni18@example.org,8628868879244,Savings,2023-11-04,Low,0.0,1
ACC01875,Anirudh Korpal,fiyaz86@example.net,6134408833183,Current,2022-04-24,Low,0.0,1
ACC01876,Jairaj Rana,amritasingh@example.com,2377939801220,Current,2023-12-11,Low,0.0,0
ACC01877,Lekha Kale,thakerjeevika@example.org,0239152313363,Business,2023-12-31,Low,0.0,1
ACC01878,Bishakha Agrawal,fariqganesh@example.com,2318967201295,Wallet,2022-04-12,Low,0.0,0
ACC01879,Yash Chaudhari,osunder@example.com,9000191765324,Current,2021-09-27,Low,0.0,1
ACC01880,William Kurian,yashvisrivastava@example.org,1547469117087,Current,2023-01-17,Low,0.0,0
ACC01881,Kiaan Subramanian,quincybali@example.com,0938083491232,Current,2021-10-01,Low,0.0,0
ACC01882,Lajita Arora,prasadtanish@example.org,1832527625202,Wallet,2023-11-01,Low,0.0,0
ACC01883,Thomas Choudhury,sarkarunni@example.net,4283267011678,Savings,2023-08-02,Low,0.0,1
ACC01884,Isaiah Sant,ayadav@example.net,9025153864267,Current,2021-10-30,Low,0.0,0
ACC01885,Amol Garde,banjeetmistry@example.org,5304053198410,Savings,2021-08-17,Low,0.0,0
ACC01886,Ayaan Sem,ekaja08@example.com,2846770378467,Wallet,2023-10-18,Low,0.0,1
ACC01887,Chandran Amble,arjunsengupta@example.com,4058355017272,Wallet,2022-01-09,Low,0.0,0
ACC01888,Saanvi Kibe,rachitbal@example.org,2051121340636,Business,2022-05-10,Low,0.0,0
ACC01889,Elijah Baral,ayushman24@example.org,5117471170648,Savings,2023-01-21,Low,0.0,0
ACC01890,Ria Sarin,ohayer@example.net,2407904481388,Wallet,2023-02-04,Low,0.0,0
ACC01891,David Dash,mahalgautami@example.net,7677619524960,Current,2023-07-23,Low,0.0,0
ACC01892,Veda Barad,girindrasengupta@example.com,5177022380453,Business,2021-10-12,Low,0.0,1
ACC01893,Siya Thaman,riasharma@example.net,5320959284898,Business,2022-03-07,Low,0.0,0
ACC01894,Warinder Patel,dghosh@example.org,3570240939866,Wallet,2023-07-06,Low,0.0,0
ACC01895,Darika Rajagopalan,bhavika42@example.net,3983565239188,Wallet,2023-05-17,Low,0.0,0
ACC01896,Sudiksha Ravel,nachiketsolanki@example.org,3340620166334,Current,2022-12-09,Low,0.0,1
ACC01897,Jackson Lala,georgeprasad@example.com,4526362886233,Wallet,2021-12-10,Low,0.0,1
ACC01898,Tripti Balay,anya45@example.com,4344211175494,Wallet,2023-08-23,Low,0.0,0
ACC01899,Gaurangi Sridhar,ojas18@example.net,2463815129116,Current,2021-12-15,Low,0.0,1
ACC01900,Vritti Ghose,lila42@example.net,2473539987591,Savings,2022-01-12,Low,0.0,1
ACC01901,Wriddhish Agate,shettydiya@example.org,5183479230578,Business,2021-08-12,Low,0.0,0
ACC01902,Abha Nair,farajbal@example.net,2464378624301,Savings,2023-06-28,Low,0.0,0
ACC01903,Ojasvi Arya,vsalvi@example.net,1069637491218,Wallet,2021-09-24,Low,0.0,0
ACC01904,Balhaar Raju,aditya61@example.com,1590112502316,Current,2022-03-17,Low,0.0,0
ACC01905,Aarav Kumar,grovervasana@example.org,8321208614984,Savings,2022-08-10,Low,0.0,0
ACC01906,Kamya Bansal,wrana@example.com,8420014144246,Current,2023-01-26,Low,0.0,1
ACC01907,Vamakshi Kapoor,pgara@example.net,1595285994757,Savings,2023-05-02,Low,0.0,0
ACC01908,Tanay Suri,victorbalakrishnan@example.com,7797983676074,Wallet,2023-02-07,Low,0.0,0
ACC01909,Banjeet Pillay,anjaliwason@example.org,0439035602858,Current,2022-03-20,Low,0.0,0
ACC01910,Leela Sandal,sainisiddharth@example.com,7607512101842,Savings,2021-09-11,Low,0.0,0
ACC01911,Noah Devan,pmukhopadhyay@example.com,8024594085935,Wallet,2022-09-30,Low,0.0,0
ACC01912,Kashvi Khosla,nakul43@example.com,9507655737485,Savings,2023-04-04,Low,0.0,0
ACC01913,Ganga Borra,onkarnarayanan@example.net,6790175227929,Current,2023-04-20,Low,0.0,1
ACC01914,Priya Narang,shauryaranganathan@example.com,9990203854070,Savings,2023-01-07,Low,0.0,1
ACC01915,Adweta Chakraborty,fitan24@example.org,9575385139763,Wallet,2021-10-17,Low,0.0,0
ACC01916,Naveen Mane,tbobal@example.org,2040852063346,Savings,2021-12-24,Low,0.0,0
ACC01917,Ekapad Vyas,fvora@example.org,2826593380419,Savings,2023-11-12,Low,0.0,0
ACC01918,Vasana Chada,pbava@example.org,0854418436602,Business,2022-10-09,Low,0.0,0
ACC01919,Rushil Chahal,urishillazachariah@example.org,1093676777736,Business,2023-07-14,Low,0.0,0
ACC01920,Tanmayi Purohit,ishanvi54@example.com,3481954351102,Business,2022-08-14,Low,0.0,0
ACC01921,Samarth Murty,samesh30@example.net,3331351485507,Business,2023-01-06,Low,0.0,0
ACC01922,Luke Puri,anay62@example.com,6741514487621,Business,2023-09-19,Low,0.0,0
ACC01923,Bhavika Konda,laban79@example.com,0294069572520,Business,2021-10-15,Low,0.0,0
ACC01924,Veer Patel,sudikshashere@example.org,5828488919949,Current,2023-07-18,Low,0.0,1
ACC01925,Fitan Rajagopalan,ekalinga94@example.com,4464523900415,Business,2023-10-17,Low,0.0,0
ACC01926,Chavvi Dugal,itandon@example.com,4701897795014,Savings,2023-03-05,Low,0.0,0
ACC01927,Siya Bassi,pallavisuri@example.org,0280041770734,Savings,2024-06-17,Low,0.0,1
ACC01928,Brijesh Kothari,sachdevguneet@example.org,0799216457527,Wallet,2023-09-15,Low,0.0,0
ACC01929,Bhavya Gola,jeremiahratta@example.com,1506688155715,Savings,2023-01-15,Low,0.0,0
ACC01930,Ojasvi Saha,samaoeshi@example.net,0936364605955,Current,2022-12-12,Low,0.0,0
ACC01931,Odika Dada,kandasarthak@example.net,6322451825696,Current,2024-03-25,Low,0.0,1
ACC01932,Kabir Bumb,pushtiseshadri@example.net,8697848798963,Savings,2022-06-19,Low,0.0,0
ACC01933,Pavani Kapur,palanneel@example.com,4369225916423,Savings,2023-01-19,Low,0.0,0
ACC01934,Jai Desai,zmanda@example.net,1763191986370,Business,2022-01-09,Low,0.0,0
ACC01935,Hiral Kara,aagrawal@example.org,3063567357756,Savings,2022-10-16,Low,0.0,0
ACC01936,Ojas Verma,dhruv04@example.org,3273032482746,Current,2022-04-19,Low,0.0,1
ACC01937,Ekta Datta,haritasachdev@example.org,8820380695862,Business,2023-07-24,Low,0.0,1
ACC01938,Gaurika Iyengar,chauhangirindra@example.net,8177903666636,Savings,2023-09-19,Low,0.0,0
ACC01939,Varsha Gill,koshynathan@example.com,9845033790294,Wallet,2023-06-04,Low,0.0,0
ACC01940,Umang Swaminathan,tejas53@example.net,3245275671950,Current,2022-11-07,Low,0.0,0
ACC01941,Chatura Pingle,dthaker@example.net,7126524948918,Wallet,2022-02-23,Low,0.0,0
ACC01942,Nathaniel Tiwari,yashicathakkar@example.org,1514977764913,Wallet,2023-03-02,Low,0.0,0
ACC01943,Frado Rege,ridhi65@example.org,2619549029484,Current,2023-09-24,Low,0.0,1
ACC01944,Ranveer Kunda,tara76@example.com,3886550091595,Savings,2022-11-24,Low,0.0,0
ACC01945,Sachi Varma,luckyjoshi@example.net,9360194127066,Business,2023-07-27,Low,0.0,0
ACC01946,Falak Karpe,tbanerjee@example.net,8072020338811,Savings,2022-12-27,Low,0.0,0
ACC01947,Advay Sane,bsood@example.org,2037344836567,Savings,2022-10-20,Low,0.0,0
ACC01948,Triveni Chaudhuri,palannidra@example.net,7439677054673,Savings,2023-03-05,Low,0.0,0
ACC01949,Faqid Ramanathan,abdul95@example.com,8873058868102,Business,2023-06-10,Low,0.0,0
ACC01950,Simon Chandra,patricksami@example.com,5478009580401,Savings,2023-12-05,Low,0.0,0
ACC01951,Libni Das,unni00@example.org,9007388546734,Current,2023-07-10,Low,0.0,1
ACC01952,Barkha Kohli,kkata@example.net,8941319859671,Wallet,2023-10-09,Low,0.0,1
ACC01953,Luke Chopra,agastyapalla@example.com,8425111903594,Business,2021-08-19,Low,0.0,0
ACC01954,Chaaya Ganesan,dev25@example.net,9990323887676,Savings,2023-02-19,Low,0.0,0
ACC01955,Balhaar Ram,ekajabobal@example.org,0399783874430,Business,2022-09-05,Low,0.0,1
ACC01956,Yashvi Hegde,kkhare@example.net,9702663820715,Business,2022-02-23,Low,0.0,0
ACC01957,Fariq Nanda,kapadiaudant@example.org,7860577677192,Wallet,2023-09-29,Low,0.0,0
ACC01958,Bahadurjit Kari,dugalsachi@example.com,4058923036067,Business,2023-06-25,Low,0.0,0
ACC01959,Vasatika Choudhry,amairasodhi@example.net,6557136496745,Wallet,2022-12-06,Low,0.0,0
ACC01960,Dayamai Mutti,snehaparekh@example.org,7448825269901,Wallet,2023-06-23,Low,0.0,1
ACC01961,Hemang Chauhan,murtyrachita@example.com,3851576467050,Business,2023-11-16,Low,0.0,0
ACC01962,Aditya Jain,ekanshkapoor@example.com,5027586034563,Wallet,2022-10-07,Low,0.0,0
ACC01963,Samuel Zachariah,yashmital@example.net,2457051557826,Business,2023-04-06,Low,0.0,1
ACC01964,Abhimanyu Jain,amrutadhillon@example.com,6186286974762,Current,2021-08-26,Low,0.0,0
ACC01965,Upasna Bakshi,hemanginimallick@example.com,2681931922941,Wallet,2022-06-02,Low,0.0,0
ACC01966,Udant Dewan,ramanathanqasim@example.com,9418545541892,Savings,2023-07-30,Low,0.0,0
ACC01967,William Chada,aarush03@example.com,3032826735490,Savings,2023-10-05,Low,0.0,1
ACC01968,Sanya Rai,saanvi16@example.net,2132508628685,Wallet,2021-09-25,Low,0.0,0
ACC01969,Brinda Kade,raksha60@example.net,3092587289467,Business,2021-11-17,Low,0.0,0
ACC01970,Maya Kadakia,ranganathansamaksh@example.org,8460172628033,Current,2022-06-13,Low,0.0,1
ACC01971,Devika Bawa,xalak49@example.org,6343031016636,Savings,2021-08-23,Low,0.0,1
ACC01972,Praneel Dhawan,janani54@example.org,0857962295110,Business,2021-09-14,Low,0.0,1
ACC01973,Prisha Buch,rajaoeshi@example.net,0260469017495,Business,2022-07-01,Low,0.0,1
ACC01974,Yasti Cherian,tdesai@example.com,0667884573216,Business,2022-05-24,Low,0.0,0
ACC01975,Daksh Goel,michael38@example.net,5440711072985,Current,2022-08-31,Low,0.0,0
ACC01976,Om Kohli,palazaan@example.com,7148533317147,Wallet,2023-10-12,Low,0.0,0
ACC01977,Ishanvi Kumer,gardenoah@example.com,2028815208952,Business,2021-08-09,Low,0.0,0
ACC01978,Ridhi Ramanathan,daranakul@example.com,2505073249139,Savings,2022-08-04,Low,0.0,1
ACC01979,William Bhagat,ompau@example.org,7496238384403,Current,2023-08-30,Low,0.0,0
ACC01980,Maya Pant,shivansh99@example.net,2858033086414,Business,2023-07-07,Low,0.0,0
ACC01981,Yatan Dave,varmaeiravati@example.org,0487159051823,Current,2023-05-29,Low,0.0,0
ACC01982,Vinaya Garde,bhargavacharles@example.com,4479391171740,Current,2023-08-24,Low,0.0,0
ACC01983,Sai Kunda,meera88@example.net,8657374496660,Savings,2022-10-24,Low,0.0,1
ACC01984,Krishna Kanda,uradhakrishnan@example.org,7412081803689,Savings,2022-01-31,Low,0.0,0
ACC01985,Yachana Dube,kevin89@example.net,0439351602695,Business,2023-06-08,Low,0.0,0
ACC01986,Ridhi Prakash,qushisahota@example.net,8031636781752,Current,2021-08-29,Low,0.0,1
ACC01987,Ekalinga Kothari,yagnesh76@example.com,9839303953952,Wallet,2023-02-07,Low,0.0,1
ACC01988,Benjamin Vig,raghav29@example.net,3401149974754,Savings,2023-10-03,Low,0.0,0
ACC01989,Saksham Sengupta,rbansal@example.net,9678194565977,Business,2022-06-10,Low,0.0,1
ACC01990,Lekha Chandra,iyerzashil@example.org,7368910804175,Business,2022-06-14,Low,0.0,0
ACC01991,Arunima Kala,somneel@example.org,7169916587236,Wallet,2021-08-06,Low,0.0,1
ACC01992,Darika Boase,balayaishani@example.net,7867126572818,Wallet,2022-07-17,Low,0.0,0
ACC01993,Jacob Ganesan,gwalla@example.com,4991960841585,Business,2024-10-07,Low,0.0,1
ACC01994,Reyansh Shroff,davidmall@example.org,6318559670716,Savings,2021-10-17,Low,0.0,0
ACC01995,Aadhya Chandran,dalaja00@example.org,0756023106407,Business,2023-09-07,Low,0.0,0
ACC01996,Nathan Roy,patrickthakur@example.net,4273449799251,Business,2023-07-31,Low,0.0,0
ACC01997,Robert Roy,rnagy@example.com,8783710539259,Current,2022-05-30,Low,0.0,0
ACC01998,Qushi Tandon,jdara@example.com,6017430402560,Savings,2023-09-14,Low,0.0,0
ACC01999,Chaaya Dara,hardikrege@example.net,7752707127971,Savings,2021-10-18,Low,0.0,0
ACC02000,Qushi Kala,aditya64@example.org,2990438817676,Wallet,2021-07-26,Low,0.0,0
ACC02001,Oliver Sarma,dhawanijaya@example.com,1639158464725,Wallet,2021-07-16,Low,0.0,1
ACC02002,Chatura Mandal,gsibal@example.org,3690615502613,Business,2023-04-05,Low,0.0,0
ACC02003,Ayushman Sinha,girikdeshmukh@example.org,6676654053242,Business,2022-03-01,Low,0.0,0
ACC02004,Nisha Mall,gaurikakapur@example.net,8617805813805,Business,2022-05-25,Low,0.0,0
ACC02005,Udarsh Grover,kapoorkritika@example.com,4555261510705,Business,2023-11-23,Low,0.0,0
ACC02006,Widisha Anand,naksh95@example.org,8744123599896,Current,2023-03-24,Low,0.0,0
ACC02007,Eesha Ranganathan,mohinikoshy@example.com,0062551517975,Business,2023-08-06,Low,0.0,0
ACC02008,Sai Soman,gaurika31@example.org,3445801976213,Business,2023-11-22,Low,0.0,0
ACC02009,Omaja Chakraborty,rmalhotra@example.com,5265322247081,Business,2023-01-26,Low,0.0,0
ACC02010,Hredhaan Madan,ganeshsaanvi@example.org,0894374812681,Current,2023-11-11,Low,0.0,1
ACC02011,Zaid Anand,vermaandrew@example.com,5808140334050,Business,2023-03-31,Low,0.0,0
ACC02012,Chanakya Nori,vkant@example.net,9902131166946,Wallet,2023-12-11,Low,0.0,0
ACC02013,Laksh Borde,binasani@example.com,4281259836207,Wallet,2021-09-15,Low,0.0,1
ACC02014,Yashodhara Lall,falan26@example.org,0331465657166,Wallet,2023-02-16,Low,0.0,1
ACC02015,Vritti Vala,kakararin@example.com,0438964164508,Wallet,2021-08-20,Low,0.0,1
ACC02016,Maanas Naidu,kalpitdatta@example.org,7248764126139,Business,2021-08-05,Low,0.0,0
ACC02017,Janani Suri,ekani86@example.org,5839340835442,Savings,2021-07-25,Low,0.0,1
ACC02018,Yutika Wali,yashvi19@example.org,6965693259627,Current,2023-08-16,Low,0.0,0
ACC02019,Nihal Dewan,oeshiyohannan@example.org,2753418399557,Wallet,2021-11-30,Low,0.0,0
ACC02020,Naveen Desai,chakrabartisuhani@example.com,0629450269447,Business,2021-10-30,Low,0.0,0
ACC02021,Janya Kala,girish43@example.net,0323186679066,Wallet,2023-03-31,Low,0.0,1
ACC02022,Aarini Singhal,wdeshpande@example.org,1040838437826,Business,2022-04-21,Low,0.0,1
ACC02023,Frado Sekhon,ysoni@example.net,3342253939224,Savings,2023-06-22,Low,0.0,1
ACC02024,Jagvi Tailor,xseshadri@example.org,7457502188521,Business,2023-05-29,Low,0.0,0
ACC02025,Baghyawati Vora,rachana03@example.net,3839687884204,Business,2021-12-03,Low,0.0,0
ACC02026,Garima Koshy,yahvi94@example.com,0693928532025,Business,2021-11-14,Low,0.0,0
ACC02027,Nikita Bumb,lsom@example.com,7781898636139,Wallet,2021-09-12,Low,0.0,1
ACC02028,Bina Narang,dhruvcontractor@example.net,7235019473779,Savings,2022-07-22,Low,0.0,1
ACC02029,Laksh Rattan,yashasviraghavan@example.com,9977917822008,Current,2023-10-25,Low,0.0,0
ACC02030,Arin Balan,kumerpranav@example.net,6906251575951,Wallet,2022-01-04,Low,0.0,1
ACC02031,Brijesh Rao,ochaudhari@example.net,8004587242274,Business,2023-08-15,Low,0.0,0
ACC02032,Pallavi Palla,chamelivarty@example.org,5171972512343,Savings,2023-07-07,Low,0.0,0
ACC02033,Falak Kata,xsheth@example.net,7773426587503,Current,2021-07-18,Low,0.0,0
ACC02034,Aditya Mistry,qchanda@example.org,7128061990746,Current,2021-08-26,Low,0.0,0
ACC02035,Nitara Tank,urvi21@example.com,2435668303253,Savings,2023-04-20,Low,0.0,0
ACC02036,Kamya Dhawan,eshana87@example.net,7350781072839,Savings,2022-09-20,Low,0.0,0
ACC02037,Triya Raju,ojasvi12@example.net,1499363196275,Savings,2022-12-27,Low,0.0,0
ACC02038,Chanchal Kumer,balvannagar@example.org,6630063621051,Current,2023-03-26,Low,0.0,1
ACC02039,Aashi Bhalla,duppal@example.net,4811353739652,Wallet,2021-09-09,Low,0.0,0
ACC02040,Nihal Nadig,dsastry@example.com,5548990712996,Business,2022-08-01,Low,0.0,1
ACC02041,Eshana Master,vanyaandra@example.org,9331326893746,Business,2022-03-21,Low,0.0,0
ACC02042,Naksh Bhatt,radhawason@example.com,5771291842519,Savings,2022-02-02,Low,0.0,0
ACC02043,Odika Chada,qsarin@example.com,8922355285870,Savings,2023-04-28,Low,0.0,0
ACC02044,Robert Ahluwalia,manbirgoel@example.net,3528789715359,Wallet,2022-08-18,Low,0.0,1
ACC02045,Charita Sundaram,nirjavora@example.net,7464550728310,Business,2023-07-03,Low,0.0,0
ACC02046,Ira Bawa,zachariavarsha@example.com,4505810580108,Business,2022-05-10,Low,0.0,0
ACC02047,Vidhi Swamy,zehaan76@example.org,7886636465333,Wallet,2023-01-13,Low,0.0,1
ACC02048,Sachi Savant,nilima33@example.com,2628191502374,Current,2021-08-26,Low,0.0,1
ACC02049,Wishi Konda,dhriti05@example.org,9405047260979,Wallet,2021-11-25,Low,0.0,0
ACC02050,Nihal Borra,isha97@example.com,6609859198174,Savings,2023-03-15,Low,0.0,1
ACC02051,Vincent Ramachandran,npatla@example.net,8858748955713,Savings,2022-12-01,Low,0.0,0
ACC02052,Zehaan Lala,madhavi16@example.org,2574777437212,Savings,2023-07-18,Low,0.0,1
ACC02053,Yashica Mahal,xsaxena@example.com,9189875579832,Current,2021-08-06,Low,0.0,0
ACC02054,Banjeet Balakrishnan,naikadvik@example.com,5173658540591,Current,2022-03-09,Low,0.0,0
ACC02055,Aradhana Mitter,binarege@example.org,1239330653353,Current,2022-02-06,Low,0.0,0
ACC02056,Urmi Murthy,randhawanaksh@example.net,1960878757882,Current,2023-03-31,Low,0.0,1
ACC02057,Ranveer Shroff,dkota@example.net,7398366609797,Business,2022-07-24,Low,0.0,0
ACC02058,Gautami Apte,masterarunima@example.com,7296290107932,Savings,2021-07-29,Low,0.0,0
ACC02059,Nidhi Parekh,saumyavarughese@example.org,4630594156711,Savings,2022-09-02,Low,0.0,1
ACC02060,Riya Nagarajan,riyagala@example.com,8198708840755,Current,2022-03-09,Low,0.0,0
ACC02061,Aarnav Patla,manyanigam@example.net,2683950705130,Current,2022-04-25,Low,0.0,0
ACC02062,Ojasvi Sen,dhruvdave@example.net,5683870278537,Savings,2023-05-16,Low,0.0,1
ACC02063,Isaac Mani,dayitachad@example.org,1730639085830,Wallet,2022-04-18,Low,0.0,0
ACC02064,Advika Thaker,pavanivarty@example.org,7238665606775,Wallet,2022-01-01,Low,0.0,0
ACC02065,Ishani Sen,etamannan@example.org,5772504025898,Wallet,2022-10-24,Low,0.0,1
ACC02066,Atharv Zachariah,eshana87@example.org,5784572080241,Business,2021-08-11,Low,0.0,0
ACC02067,Bhavini Chada,daniel74@example.net,1660816115566,Wallet,2022-09-17,Low,0.0,0
ACC02068,Vihaan Mane,majumdarridhi@example.net,0004584089227,Wallet,2023-05-22,Low,0.0,1
ACC02069,Nidra Barad,mmukherjee@example.com,5658036383647,Business,2023-02-25,Low,0.0,1
ACC02070,Nitesh Modi,eshana81@example.com,8335142449663,Business,2022-05-12,Low,0.0,0
ACC02071,Banjeet Banerjee,ishanvi39@example.net,4886725140961,Savings,2023-12-24,Low,0.0,0
ACC02072,Charan Thakkar,ekade@example.com,9816688130384,Wallet,2022-06-05,Low,0.0,1
ACC02073,Ikbal Gole,patlachatura@example.org,4546625731253,Wallet,2023-03-01,Low,0.0,1
ACC02074,Hritik Datta,lrau@example.net,6229579474508,Savings,2022-08-25,Low,0.0,1
ACC02075,Yashasvi Seth,shuklavincent@example.net,1571604261447,Savings,2023-01-21,Low,0.0,0
ACC02076,Omisha Natarajan,lankaadweta@example.org,2644582969454,Wallet,2022-03-16,Low,0.0,0
ACC02077,Ishwar Kanda,qbasu@example.net,6209383739652,Wallet,2021-08-01,Low,0.0,1
ACC02078,Oscar Soman,tagate@example.com,1464402613534,Wallet,2023-04-08,Low,0.0,0
ACC02079,Eshana Pandit,lekha18@example.org,6213841551095,Wallet,2023-06-22,Low,0.0,0
ACC02080,Kevin Pathak,vasananori@example.org,6880848207271,Current,2022-07-20,Low,0.0,0
ACC02081,Mahika Guha,damyantibali@example.net,9378132672733,Current,2023-11-03,Low,0.0,0
ACC02082,Nimrat Dass,usekhon@example.com,4695881946877,Business,2022-02-23,Low,0.0,0
ACC02083,Matthew Mann,rishi13@example.com,5726684905366,Wallet,2022-02-02,Low,0.0,0
ACC02084,Yachana Kadakia,azadhalder@example.org,1317790534038,Current,2021-12-23,Low,0.0,0
ACC02085,Ranbir Iyengar,nagargopal@example.net,1664802362801,Savings,2022-02-28,Low,0.0,0
ACC02086,Xiti Wadhwa,rishi11@example.com,3978157341591,Business,2023-03-04,Low,0.0,0
ACC02087,Krishna Sandhu,tellaosha@example.org,6504602622478,Wallet,2022-10-29,Low,0.0,1
ACC02088,Maanav Nayar,dhingrapooja@example.net,3506210840157,Business,2022-11-29,Low,0.0,1
ACC02089,Andrew Rana,devanshbarad@example.net,5268665083681,Savings,2022-05-13,Low,0.0,0
ACC02090,Nihal Comar,benjamin73@example.com,0871439039092,Current,2023-01-14,Low,0.0,0
ACC02091,Charles Om,zgoel@example.org,0247485798889,Current,2022-01-28,Low,0.0,0
ACC02092,Dev Kashyap,triyakari@example.net,5229322972540,Business,2022-02-12,Low,0.0,1
ACC02093,Chaman Kothari,vrishti54@example.org,8864594780079,Wallet,2022-07-30,Low,0.0,0
ACC02094,Anamika Sangha,mugdharoy@example.net,7555045838750,Wallet,2021-08-18,Low,0.0,0
ACC02095,Xalak Shetty,bhagatraghav@example.org,2113598043331,Current,2021-08-23,Low,0.0,0
ACC02096,Osha Salvi,andrew10@example.org,6019335206226,Current,2023-03-06,Low,0.0,0
ACC02097,Sarthak Brahmbhatt,imajumdar@example.com,3316140823101,Savings,2022-09-05,Low,0.0,0
ACC02098,Frederick Sen,merchantedhitha@example.com,0519950819005,Current,2021-12-03,Low,0.0,0
ACC02099,Ridhi Kaul,nakul63@example.com,1763524130228,Wallet,2021-12-19,Low,0.0,0
ACC02100,Varenya Chaudhari,ranganathanoeshi@example.com,0249235777414,Current,2022-02-03,Low,0.0,0
ACC02101,Jhalak Sinha,tarageetika@example.org,2799752615878,Wallet,2022-03-01,Low,0.0,0
ACC02102,Nandini Krish,soodhitesh@example.com,1142412484546,Savings,2023-05-18,Low,0.0,0
ACC02103,Teerth Borde,sachiborde@example.net,4190669545085,Wallet,2023-05-17,Low,0.0,0
ACC02104,Abdul Handa,abhimanyu11@example.com,1706130112738,Wallet,2022-10-27,Low,0.0,1
ACC02105,Gautam Vig,shanicholas@example.org,5796564001915,Wallet,2022-12-16,Low,0.0,1
ACC02106,Kai Rastogi,sarmamanthan@example.com,1643424114754,Wallet,2022-05-11,Low,0.0,0
ACC02107,Rajata Dhawan,madhav23@example.org,4211684603895,Wallet,2022-09-13,Low,0.0,0
ACC02108,Hamsini Dixit,aryasami@example.com,2174645331649,Savings,2022-09-06,Low,0.0,1
ACC02109,Aditya Sani,naikbhavna@example.org,3713463107890,Savings,2021-07-27,Low,0.0,1
ACC02110,Priya Nagi,dprashad@example.org,0415447473343,Savings,2022-09-04,Low,0.0,0
ACC02111,Upasna Kothari,csridhar@example.org,8525317504093,Current,2022-08-06,Low,0.0,1
ACC02112,Andrew Butala,vasafalak@example.net,8974095290550,Savings,2021-07-26,Low,0.0,0
ACC02113,Vasudha Dua,waliamara@example.com,6680639924161,Business,2022-07-07,Low,0.0,0
ACC02114,Hiral Luthra,rajpeter@example.net,8908806831121,Wallet,2022-11-03,Low,0.0,0
ACC02115,Gaurangi Dewan,naveenkadakia@example.org,2567725038561,Savings,2021-07-23,Low,0.0,1
ACC02116,Parth Sharma,lalgeorge@example.org,2773235737421,Current,2023-08-13,Low,0.0,1
ACC02117,Matthew Arora,qasim07@example.net,7415871994250,Current,2023-01-15,Low,0.0,0
ACC02118,Laban Narayan,aarnavpatla@example.com,7993642737957,Business,2022-05-27,Low,0.0,0
ACC02119,Tristan Verma,samiekbal@example.org,1351113301075,Business,2023-08-07,Low,0.0,0
ACC02120,Kashish Basu,abharavel@example.net,8412322232087,Wallet,2021-07-31,Low,0.0,0
ACC02121,Ekanta Som,modisarthak@example.net,3708587837921,Current,2021-10-25,Low,0.0,0
ACC02122,Isaac Samra,loganprashad@example.net,8099371519317,Savings,2022-08-19,Low,0.0,0
ACC02123,Anamika Koshy,horasachi@example.net,7381133704946,Wallet,2022-03-25,Low,0.0,0
ACC02124,Damini Peri,darika07@example.com,0535588234811,Current,2023-02-14,Low,0.0,0
ACC02125,Praneel Kata,dalbir28@example.com,7982587537156,Savings,2023-12-27,Low,0.0,1
ACC02126,Harish Nagi,tarakbandi@example.com,6667063311916,Business,2023-03-26,Low,0.0,1
ACC02127,Hemang Natarajan,thomas09@example.org,3134037791703,Current,2021-11-12,Low,0.0,1
ACC02128,Siddharth Bala,zchatterjee@example.net,0045820721624,Current,2022-05-20,Low,0.0,0
ACC02129,Chanchal Datta,raagini84@example.com,2550652990536,Current,2022-08-17,Low,0.0,1
ACC02130,Jagdish Dayal,seshadrinathan@example.net,9578903550819,Savings,2023-08-21,Low,0.0,0
ACC02131,Adya Mall,radhika57@example.net,7442054051556,Business,2022-03-23,Low,0.0,0
ACC02132,Avni Andra,chanakyadada@example.net,7599300134140,Business,2022-11-13,Low,0.0,1
ACC02133,Charles Ram,kbahl@example.org,4654840000400,Business,2022-08-30,Low,0.0,0
ACC02134,Nitara Kumar,zayan97@example.com,4875256048992,Business,2023-12-27,Low,0.0,0
ACC02135,Meghana Sandal,diyasawhney@example.com,1380795118121,Savings,2022-07-03,Low,0.0,0
ACC02136,Ira Goel,darpan81@example.com,9043150717416,Current,2021-12-13,Low,0.0,0
ACC02137,Vasana Sule,xgulati@example.org,3231976702546,Wallet,2023-12-17,Low,0.0,1
ACC02138,Odika Uppal,brinda46@example.net,4589244183281,Wallet,2021-11-16,Low,0.0,0
ACC02139,Wyatt Sawhney,anitamallick@example.com,9759144894009,Current,2023-12-13,Low,0.0,0
ACC02140,Leena Nori,nidhi39@example.org,8878073767649,Savings,2022-03-30,Low,0.0,0
ACC02141,Samesh Sethi,nagyyuvraj@example.com,5191871628974,Current,2023-05-14,Low,0.0,0
ACC02142,Radhika Shankar,ssandal@example.com,9191935264259,Wallet,2023-02-15,Low,0.0,0
ACC02143,Isaiah Sen,ataneja@example.net,6759105639670,Current,2023-09-17,Low,0.0,0
ACC02144,Arunima Sehgal,hsrivastava@example.com,5770250155449,Business,2022-08-03,Low,0.0,0
ACC02145,Balendra Yohannan,tara52@example.com,3744845557663,Wallet,2023-07-13,Low,0.0,0
ACC02146,Hamsini Magar,aarushnath@example.org,3072772827695,Savings,2021-09-09,Low,0.0,0
ACC02147,Darpan Mahajan,poojarau@example.org,6698027644829,Savings,2023-03-01,Low,0.0,1
ACC02148,Ronith Patel,bhallavasatika@example.net,1653777842471,Wallet,2022-09-21,Low,0.0,0
ACC02149,Bhavna Bhattacharyya,ramachandranreyansh@example.net,9507259250169,Wallet,2022-10-13,Low,0.0,0
ACC02150,Ikshita Sane,dwagle@example.com,3070081334902,Current,2023-01-15,Low,0.0,0
ACC02151,Varsha Mistry,pranavsankaran@example.net,4941801695991,Business,2022-12-29,Low,0.0,0
ACC02152,Owen Mital,clall@example.org,1828791465951,Current,2023-07-16,Low,0.0,0
ACC02153,Maanav Bala,vihaanbhargava@example.com,6694239438375,Business,2023-12-12,Low,0.0,1
ACC02154,Nathan Wagle,lekha37@example.net,3485030277217,Current,2023-05-16,Low,0.0,1
ACC02155,Falan Rattan,ishitabatra@example.com,3267992448372,Current,2023-05-29,Low,0.0,0
ACC02156,Triya Sura,yashvivyas@example.net,9128672877478,Savings,2022-05-07,Low,0.0,1
ACC02157,Fiyaz Ben,andrew76@example.net,9696524157318,Current,2023-08-27,Low,0.0,1
ACC02158,Lohit Badami,anmol41@example.net,7191294337026,Wallet,2022-01-02,Low,0.0,1
ACC02159,Raksha Wadhwa,mannemeghana@example.org,5019353110158,Savings,2022-12-12,Low,0.0,1
ACC02160,Kala Randhawa,fkar@example.org,0017493175607,Wallet,2021-11-02,Low,0.0,0
ACC02161,Abeer Goyal,saxenatanay@example.com,3970101492621,Savings,2022-05-02,Low,0.0,1
ACC02162,Nathaniel Lal,acharyaojasvi@example.org,8654966025143,Savings,2022-02-22,Low,0.0,1
ACC02163,Benjamin Malhotra,echacko@example.net,0450153119596,Savings,2022-03-02,Low,0.0,0
ACC02164,Matthew Subramaniam,zhalder@example.net,7796605485625,Savings,2023-11-12,Low,0.0,0
ACC02165,Inaya Anand,omkaar24@example.com,0694861754182,Savings,2022-10-31,Low,0.0,0
ACC02166,Wishi Chopra,mitalgunbir@example.com,5801975570826,Business,2022-12-07,Low,0.0,0
ACC02167,Lakshmi Nanda,lalaanika@example.net,1442942670880,Savings,2022-06-19,Low,0.0,1
ACC02168,Caleb Bhattacharyya,jatin37@example.net,2684970424169,Wallet,2022-09-02,Low,0.0,0
ACC02169,Chaitaly Doctor,saxenalavanya@example.net,7006814365972,Current,2023-06-04,Low,0.0,1
ACC02170,Unni Raman,rcheema@example.org,4171500760175,Savings,2023-02-26,Low,0.0,0
ACC02171,Abeer Ahluwalia,jsolanki@example.com,8455761867706,Business,2022-02-22,Low,0.0,0
ACC02172,Vinaya Deep,duttapeter@example.net,4914309215272,Savings,2022-02-21,Low,0.0,0
ACC02173,Vedhika Warrior,rohansami@example.com,0891205994476,Wallet,2022-04-03,Low,0.0,0
ACC02174,Gautam Goda,hemaravel@example.org,8361088025701,Current,2022-10-29,Low,0.0,0
ACC02175,Om Batta,dkhosla@example.org,5595915167616,Savings,2022-07-26,Low,0.0,0
ACC02176,Max Ravi,mekhala36@example.org,5368732092254,Savings,2023-03-17,Low,0.0,0
ACC02177,Chakradhar Bahri,bloyal@example.net,8738718341000,Savings,2021-10-19,Low,0.0,1
ACC02178,Lopa Naidu,yutika43@example.net,0046035608970,Savings,2022-08-09,Low,0.0,1
ACC02179,Anya Konda,npradhan@example.org,4790583047027,Current,2022-04-17,Low,0.0,0
ACC02180,Nathaniel Shah,xlall@example.org,0050198575473,Current,2021-10-26,Low,0.0,0
ACC02181,Barkha Gole,bmohanty@example.com,8285072553205,Wallet,2021-09-01,Low,0.0,0
ACC02182,Jalsa Bora,kala01@example.org,2471178875051,Current,2022-12-30,Low,0.0,0
ACC02183,Jai Wali,gagan80@example.com,4120074045156,Business,2023-03-04,Low,0.0,0
ACC02184,Tarak Dube,sray@example.net,6899473879309,Current,2023-11-21,Low,0.0,0
ACC02185,Kala Gokhale,chanakyaprashad@example.org,6360712413739,Business,2023-06-02,Low,0.0,0
ACC02186,Gabriel Devan,ekaraj93@example.com,9436436531459,Business,2023-01-27,Low,0.0,0
ACC02187,Kashish Salvi,pillaiazad@example.net,1463187989763,Current,2023-12-29,Low,0.0,0
ACC02188,Chakradhar Dave,abhirammand@example.org,3388319602509,Savings,2022-02-12,Low,0.0,0
ACC02189,Warhi Babu,abdul04@example.org,6684707260275,Savings,2023-09-09,Low,0.0,0
ACC02190,Yashawini Sahota,ajain@example.net,5373808823309,Business,2023-08-01,Low,0.0,1
ACC02191,Ayushman Chander,chaitalyshetty@example.com,7518621098636,Savings,2021-10-24,Low,0.0,0
ACC02192,Owen Tiwari,sampathlila@example.org,6688127904252,Savings,2021-12-21,Low,0.0,1
ACC02193,Krishna Naidu,samifalan@example.net,9224199797031,Savings,2023-04-13,Low,0.0,0
ACC02194,David Wali,aishaniagrawal@example.net,4487890483346,Current,2022-09-20,Low,0.0,0
ACC02195,Krishna Shankar,lilabhasin@example.org,3180666405997,Wallet,2023-04-05,Low,0.0,0
ACC02196,Tristan Bajwa,sanand@example.org,8253712688704,Business,2023-11-10,Low,0.0,0
ACC02197,Gauri Nagarajan,ozachariah@example.org,7314217562479,Savings,2021-09-20,Low,0.0,1
ACC02198,Zayyan Koshy,indrajittaneja@example.net,7305976620840,Current,2021-07-19,Low,0.0,0
ACC02199,Anusha Rattan,agastya15@example.com,4662199785652,Savings,2021-08-11,Low,0.0,1
ACC02200,Hemal Mital,adyanatt@example.net,6729299072267,Wallet,2022-12-28,Low,0.0,1
ACC02201,Caleb Sant,chaudharydipta@example.com,3827386883392,Wallet,2022-10-21,Low,0.0,0
ACC02202,Madhavi Devi,ishitakrishnan@example.com,2966103565748,Savings,2023-09-25,Low,0.0,1
ACC02203,Devika Iyer,tbuch@example.com,6273506001266,Savings,2023-12-22,Low,0.0,0
ACC02204,Madhavi Bansal,sborra@example.net,9100916659545,Current,2022-02-20,Low,0.0,1
ACC02205,Yuvraj Barad,charurvi@example.net,6274205225898,Current,2023-01-29,Low,0.0,1
ACC02206,Rudra Bhalla,kissac@example.org,6569107086117,Wallet,2022-10-09,Low,0.0,0
ACC02207,Tanay Krishnan,dinishita@example.org,6422764349465,Wallet,2021-07-15,Low,0.0,1
ACC02208,Raagini Parekh,nagarajanreyansh@example.com,7411602859538,Savings,2022-12-15,Low,0.0,0
ACC02209,Hemal Parmer,knadig@example.net,0415528230164,Wallet,2023-06-27,Low,0.0,0
ACC02210,Anmol Koshy,wardashankar@example.net,4433294578674,Savings,2022-11-16,Low,0.0,1
ACC02211,Chakrika Sodhi,qdayal@example.net,4972834190671,Business,2022-09-20,Low,0.0,0
ACC02212,Azad Sathe,bishakha29@example.net,9931642128265,Wallet,2021-08-28,Low,0.0,1
ACC02213,Upma Bedi,bhavanivarty@example.net,0557999158434,Business,2022-01-24,Low,0.0,1
ACC02214,Kritika Palla,dinudant@example.com,4407080631395,Business,2021-10-03,Low,0.0,0
ACC02215,William Naidu,vzacharia@example.net,5907312821112,Business,2022-03-07,Low,0.0,0
ACC02216,Darika Doshi,vaidyafarhan@example.com,4788937707050,Current,2023-09-07,Low,0.0,1
ACC02217,Aryan Prabhakar,rattikalpit@example.com,2762432657207,Current,2022-01-18,Low,0.0,0
ACC02218,Aadhya Swaminathan,srivastavayochana@example.net,7987752399963,Savings,2021-08-19,Low,0.0,0
ACC02219,Ikbal Venkataraman,janaki44@example.org,8579282629016,Current,2023-09-16,Low,0.0,0
ACC02220,Henry Mutti,noah74@example.com,1553331793134,Business,2022-05-06,Low,0.0,1
ACC02221,Forum Rajagopal,sampathgirish@example.com,5021000278649,Business,2021-10-01,Low,0.0,1
ACC02222,Ucchal Bhalla,panchaljai@example.net,5380631905376,Business,2023-06-29,Low,0.0,0
ACC02223,Onkar Sibal,widishamangat@example.net,2268975311524,Business,2021-10-25,Low,0.0,0
ACC02224,Vyanjana Desai,saxenaekta@example.com,1444941996459,Wallet,2022-04-14,Low,0.0,0
ACC02225,Patrick Lall,arunimaahuja@example.net,7715736850705,Savings,2021-07-31,Low,0.0,0
ACC02226,Nachiket Palla,daniazaan@example.org,8672075914456,Current,2022-08-24,Low,0.0,1
ACC02227,Faras Reddy,rsharaf@example.com,1504340102655,Business,2023-09-07,Low,0.0,0
ACC02228,Kritika Modi,aprabhakar@example.net,5732977410506,Business,2022-10-06,Low,0.0,1
ACC02229,Ansh Doshi,yagneshbhagat@example.net,6214706165373,Savings,2023-10-28,Low,0.0,0
ACC02230,Ekanta Jani,nitesh89@example.org,8162930961507,Wallet,2022-03-01,Low,0.0,0
ACC02231,Chandresh Sankaran,zdara@example.net,3670590411797,Wallet,2023-12-19,Low,0.0,1
ACC02232,Raagini Jain,manenitara@example.com,9960874961229,Current,2022-02-14,Low,0.0,1
ACC02233,Andrew Varghese,tvarughese@example.net,7988824375968,Wallet,2022-07-18,Low,0.0,0
ACC02234,Raagini Goel,gkulkarni@example.org,0097154759501,Savings,2022-10-14,Low,0.0,1
ACC02235,Tarak Rajagopalan,udoshi@example.net,1567814082824,Current,2022-08-25,Low,0.0,0
ACC02236,Darika Dani,shivanibuch@example.com,0942315963781,Wallet,2022-02-20,Low,0.0,0
ACC02237,Jacob Bhatnagar,hitesh81@example.net,6900479046449,Business,2023-08-01,Low,0.0,0
ACC02238,Darpan Palan,narasimhanguneet@example.net,9427891192689,Savings,2023-12-20,Low,0.0,0
ACC02239,Ansh Tella,obedi@example.com,4416661177294,Current,2022-08-01,Low,0.0,0
ACC02240,Aarnav Rout,jbedi@example.org,8582404977957,Business,2021-08-11,Low,0.0,0
ACC02241,Bhavani Ahuja,kashyapdaniel@example.org,5186175989622,Business,2021-07-24,Low,0.0,1
ACC02242,Daksha Sidhu,plalla@example.org,9583251990102,Current,2023-10-16,Low,0.0,0
ACC02243,Vincent Kala,krish27@example.com,0859426823955,Business,2023-02-06,Low,0.0,1
ACC02244,Rushil Mall,qabil13@example.net,1155769415139,Current,2023-01-27,Low,0.0,0
ACC02245,Jyoti Kothari,samarthsinghal@example.com,8397317525232,Wallet,2023-11-10,Low,0.0,0
ACC02246,Wahab Krishnamurthy,gopaljayaraman@example.net,7965628073350,Current,2022-06-16,Low,0.0,1
ACC02247,Osha Lad,eshana80@example.com,9407828625587,Business,2022-11-14,Low,0.0,1
ACC02248,Ranbir Seth,sanghanakul@example.net,8736080558226,Current,2023-10-12,Low,0.0,0
ACC02249,Samaksh Butala,xsharma@example.org,1532703414775,Business,2022-10-03,Low,0.0,0
ACC02250,Yashodhara Sama,vinayachakraborty@example.org,9987080538289,Business,2023-10-02,Low,0.0,0
ACC02251,Patrick Doctor,madhavinarayanan@example.com,3764451256222,Business,2022-09-30,Low,0.0,0
ACC02252,Samesh Mand,rkunda@example.com,9961380718606,Wallet,2023-09-01,Low,0.0,0
ACC02253,Adya Oak,bansalleena@example.net,8292162986042,Business,2021-11-28,Low,0.0,0
ACC02254,Yashica Prakash,wcherian@example.org,6305695625096,Savings,2023-09-17,Low,0.0,0
ACC02255,Ethan Dey,eiravatiganguly@example.net,8886081107149,Business,2022-11-04,Low,0.0,0
ACC02256,Samarth Ratta,kondaodika@example.net,8588444372132,Savings,2022-06-09,Low,0.0,0
ACC02257,Warda Tandon,jkala@example.org,9180438430979,Savings,2021-09-07,Low,0.0,0
ACC02258,Forum Prashad,patrick18@example.org,1874729131126,Savings,2021-10-12,Low,0.0,0
ACC02259,Ridhi More,namble@example.org,3121781704232,Wallet,2022-07-29,Low,0.0,0
ACC02260,Divya Vora,bucheesha@example.net,0630416527261,Current,2022-03-01,Low,0.0,1
ACC02261,Aditya Padmanabhan,gunbirbasak@example.org,7925136223801,Business,2023-01-16,Low,0.0,1
ACC02262,Saumya Balay,ayushmanchand@example.net,0146961360772,Wallet,2021-09-07,Low,0.0,0
ACC02263,Naksh Bansal,janya09@example.net,6353335016262,Savings,2021-09-16,Low,0.0,1
ACC02264,Ekansh Banik,anita61@example.com,0515133209673,Current,2021-08-19,Low,0.0,0
ACC02265,Mason Memon,sridhardayamai@example.org,5966533903638,Business,2023-01-26,Low,0.0,0
ACC02266,Vasana Mall,timothychaudhuri@example.net,8000841626750,Business,2021-12-28,Low,0.0,0
ACC02267,Dayita Sani,jairajloyal@example.com,0039455846420,Wallet,2021-12-28,Low,0.0,0
ACC02268,Yadavi Cherian,deytanay@example.org,1651988906091,Business,2023-09-06,Low,0.0,0
ACC02269,Ikshita Bali,hoza@example.net,6775046162284,Savings,2021-11-14,Low,0.0,0
ACC02270,Raagini Pal,vyogi@example.net,2020487103653,Current,2023-12-29,Low,0.0,0
ACC02271,Vinaya Puri,gaurang44@example.org,1974531459550,Wallet,2023-01-02,Low,0.0,1
ACC02272,Chandran Dhillon,sandhuinaya@example.com,3564272943610,Wallet,2022-06-19,Low,0.0,0
ACC02273,Nathaniel Lal,dakshesh81@example.com,4702360741706,Wallet,2022-01-12,Low,0.0,1
ACC02274,Oliver Ghose,omkaar55@example.org,3417622809541,Savings,2023-11-15,Low,0.0,0
ACC02275,Kala Lata,charlipika@example.org,9058482817393,Current,2022-08-14,Low,0.0,0
ACC02276,Nidra Chauhan,gadepallavi@example.net,6120646467647,Current,2021-09-11,Low,0.0,1
ACC02277,Lavanya Gara,champak84@example.com,1439992570992,Business,2023-09-13,Low,0.0,1
ACC02278,Jagdish Anand,hemangininatt@example.org,3825520328659,Wallet,2022-04-15,Low,0.0,0
ACC02279,Jason Wadhwa,pallaquincy@example.net,9053067308303,Current,2023-06-22,Low,0.0,1
ACC02280,Anirudh Cheema,dsoman@example.com,1910507197095,Savings,2021-08-11,Low,0.0,0
ACC02281,Chaaya Mohan,arunima06@example.net,4387673843155,Business,2023-05-25,Low,0.0,1
ACC02282,Warhi Samra,triya92@example.net,2632732437039,Business,2021-09-08,Low,0.0,0
ACC02283,Banjeet Narain,wravi@example.com,4134307683298,Current,2021-12-28,Low,0.0,0
ACC02284,Leena Chada,wbandi@example.net,9170242363743,Wallet,2023-09-12,Low,0.0,0
ACC02285,Zaid Walla,bhavsartejas@example.org,3413571682611,Business,2023-11-14,Low,0.0,0
ACC02286,Bhavini Shenoy,bgarde@example.com,4787354145564,Savings,2021-11-01,Low,0.0,0
ACC02287,Rishi Bhatt,randhawayauvani@example.net,9266370088943,Business,2022-09-19,Low,0.0,0
ACC02288,Chakradev Dash,jasmit78@example.net,6560880418902,Current,2022-08-08,Low,0.0,0
ACC02289,Bhavani Ratti,onkarsankaran@example.org,3460873631493,Savings,2022-07-06,Low,0.0,0
ACC02290,Zaitra Chada,siyadeol@example.org,8045030834911,Savings,2022-06-13,Low,0.0,0
ACC02291,Bhavini Suri,lkumer@example.org,3868133722781,Business,2021-08-25,Low,0.0,0
ACC02292,Januja Pai,qasimpatla@example.net,0213671603384,Business,2022-07-29,Low,0.0,0
ACC02293,Urvashi Verma,araval@example.org,4907264881050,Current,2022-01-22,Low,0.0,0
ACC02294,Gaurang Sahni,eyadav@example.org,7939859308227,Current,2021-12-13,Low,0.0,0
ACC02295,Anusha Sandal,zaid95@example.org,9823207248611,Current,2023-09-16,Low,0.0,1
ACC02296,Rachana Dutta,charlesramachandran@example.com,1946701412804,Business,2022-02-26,Low,0.0,1
ACC02297,Raksha Cheema,baljiwanjaggi@example.com,4874856237886,Wallet,2022-08-02,Low,0.0,1
ACC02298,Varsha Kant,siyasharaf@example.com,6395136899065,Business,2022-10-29,Low,0.0,0
ACC02299,Bishakha Borde,pkrishnamurthy@example.org,6337561845357,Current,2023-03-26,Low,0.0,1
ACC02300,Vasatika Tandon,lakshit94@example.com,6188374489239,Business,2023-01-14,Low,0.0,0
ACC02301,Baljiwan Manda,amrutaloke@example.com,2567021782959,Wallet,2022-09-24,Low,0.0,1
ACC02302,Mitali Chopra,kaurraksha@example.net,3294038043741,Current,2023-08-12,Low,0.0,0
ACC02303,Rajeshri Andra,unagar@example.org,8619970783931,Business,2022-04-24,Low,0.0,0
ACC02304,Joshua Modi,ganesanurishilla@example.com,2501657555748,Wallet,2021-08-20,Low,0.0,1
ACC02305,Simon Dixit,aptewarhi@example.net,5605573841096,Wallet,2022-01-02,Low,0.0,0
ACC02306,Ayush Sankar,adada@example.net,5317660244569,Current,2023-06-09,Low,0.0,1
ACC02307,Gavin Uppal,memontanay@example.org,9757554606834,Current,2022-04-01,Low,0.0,1
ACC02308,Omisha Bail,robert38@example.net,4996966081875,Wallet,2022-01-27,Low,0.0,0
ACC02309,Bhavya Chokshi,anmol36@example.org,8745126193790,Wallet,2022-02-11,Low,0.0,1
ACC02310,Nakul Joshi,mannechaitaly@example.org,2134557999007,Current,2022-01-03,Low,0.0,0
ACC02311,Hema Rattan,isundaram@example.org,6365783715104,Current,2022-08-03,Low,0.0,1
ACC02312,Warinder Rastogi,eshah@example.com,9593224967371,Wallet,2022-01-03,Low,0.0,0
ACC02313,Urishilla Murthy,siya91@example.org,9454028944388,Savings,2021-11-12,Low,0.0,0
ACC02314,Krishna Sekhon,hmallick@example.org,6748868996908,Wallet,2022-06-04,Low,0.0,1
ACC02315,Zarna Samra,farhanmishra@example.org,5909490444742,Business,2022-05-14,Low,0.0,1
ACC02316,Chatresh Sethi,janakimital@example.com,2786109547287,Business,2022-02-09,Low,0.0,1
ACC02317,Christopher Shan,gautam93@example.net,4603782803568,Wallet,2021-07-16,Low,0.0,0
ACC02318,Anirudh Pradhan,dsrinivasan@example.org,5013993925679,Business,2021-09-25,Low,0.0,0
ACC02319,Daksha Ramesh,georgesrinivas@example.com,8626678616338,Savings,2022-07-14,Low,0.0,1
ACC02320,Sarthak Walla,khuranaadvaith@example.org,6249864094665,Savings,2023-12-06,Low,0.0,0
ACC02321,Vidhi Sethi,munshiumang@example.com,4349541217620,Business,2023-08-05,Low,0.0,1
ACC02322,Faraj Goda,aachaltripathi@example.org,0920536504568,Savings,2022-02-13,Low,0.0,0
ACC02323,Omya Baral,buchomkaar@example.org,1524041575842,Savings,2023-06-10,Low,0.0,0
ACC02324,Pallavi Varughese,pchander@example.org,7933335694201,Wallet,2021-11-23,Low,0.0,0
ACC02325,Aahana Nagi,yramesh@example.org,2950641031841,Current,2023-03-13,Low,0.0,1
ACC02326,Yatan Gole,ipillay@example.org,6554612038467,Wallet,2023-08-04,Low,0.0,0
ACC02327,Rajata Lad,charles19@example.net,8914353542562,Savings,2022-01-23,Low,0.0,0
ACC02328,Aarnav Taneja,kothariyashawini@example.com,5134074918505,Wallet,2023-06-06,Low,0.0,0
ACC02329,Abha Ben,divya46@example.net,1206906119597,Savings,2022-12-29,Low,0.0,1
ACC02330,Ria Dugal,william03@example.org,8464394428054,Business,2023-09-18,Low,0.0,0
ACC02331,Darsh Gala,hritikpant@example.org,8730539003432,Current,2021-12-01,Low,0.0,1
ACC02332,Lipika Dhar,narayananjanya@example.net,5628497565783,Business,2023-05-02,Low,0.0,0
ACC02333,Xavier Mann,ekbalbalan@example.net,1888578782809,Wallet,2022-01-21,Low,0.0,1
ACC02334,Vasatika Gole,sanayavasa@example.org,1898659846074,Savings,2022-12-06,Low,0.0,0
ACC02335,Oni Dugar,krishna70@example.org,7188758750980,Business,2022-10-31,Low,0.0,0
ACC02336,Bakhshi Sunder,jonathan04@example.com,7439064847739,Wallet,2022-06-14,Low,0.0,1
ACC02337,Benjamin Dixit,aadhya40@example.net,3197189011203,Savings,2023-12-18,Low,0.0,0
ACC02338,Vrinda Gole,ranazayyan@example.org,1666471079352,Wallet,2023-06-07,Low,0.0,1
ACC02339,Harita Salvi,krishna08@example.org,3001618321529,Business,2021-09-03,Low,0.0,1
ACC02340,Daniel Tailor,ekaraj66@example.net,3086042831672,Current,2022-03-23,Low,0.0,0
ACC02341,Kalpit Mital,rkrishnan@example.com,0606067377889,Wallet,2021-11-18,Low,0.0,0
ACC02342,Elijah Kumer,dalalbalveer@example.org,2908479801170,Current,2021-10-28,Low,0.0,0
ACC02343,Mahika Madan,vsangha@example.com,7579033675947,Current,2023-03-05,Low,0.0,0
ACC02344,Ansh Kalla,swadhwa@example.net,5230804533430,Business,2023-07-03,Low,0.0,0
ACC02345,Owen Bal,abali@example.org,6755475396416,Savings,2023-06-23,Low,0.0,0
ACC02346,Liam Om,chawlaurishilla@example.org,0358217263308,Current,2021-12-09,Low,0.0,0
ACC02347,Aarna Arya,gbrar@example.org,8044306577211,Savings,2024-05-29,Low,0.0,1
ACC02348,Sai Chhabra,gvarty@example.org,7663521526737,Savings,2022-10-19,Low,0.0,0
ACC02349,Elijah Arora,zahuja@example.net,8646414735946,Wallet,2022-06-10,Low,0.0,0
ACC02350,Rehaan Shukla,quincy52@example.com,7689977395166,Wallet,2023-08-20,Low,0.0,1
ACC02351,Udarsh Dyal,varshabalan@example.org,0950715199632,Current,2022-05-12,Low,0.0,0
ACC02352,Dalbir Mohanty,jswamy@example.com,1159533841629,Wallet,2023-12-26,Low,0.0,0
ACC02353,Radha Goyal,naginilima@example.com,3098051834349,Wallet,2022-09-10,Low,0.0,1
ACC02354,Nikita Krish,radhika80@example.net,7934724416762,Current,2023-11-21,Low,0.0,0
ACC02355,Vritti Mannan,anshray@example.com,4293268348709,Current,2023-02-04,Low,0.0,0
ACC02356,Gautami Chawla,jganguly@example.net,8454826277331,Savings,2021-10-30,Low,0.0,0
ACC02357,Geetika Verma,deudyati@example.com,3404197447652,Wallet,2022-08-16,Low,0.0,1
ACC02358,Chavvi Rattan,zvarty@example.com,6921751713528,Wallet,2023-10-18,Low,0.0,0
ACC02359,Falak Lad,tbalakrishnan@example.net,0057458076648,Wallet,2022-07-11,Low,0.0,0
ACC02360,Zarna Misra,karazaid@example.org,7607833594822,Current,2023-06-26,Low,0.0,1
ACC02361,Janani Date,jagat60@example.net,5341765461411,Savings,2021-10-17,Low,0.0,0
ACC02362,Bachittar Chaudhry,turvi39@example.net,2983584480127,Current,2022-11-01,Low,0.0,1
ACC02363,Ethan Deshmukh,ssuri@example.org,6853909174479,Business,2023-09-28,Low,0.0,0
ACC02364,Akshay Vora,handaayush@example.net,2906419965840,Wallet,2023-05-19,Low,0.0,1
ACC02365,Yash Shetty,ukrishnamurthy@example.org,5872802386562,Current,2022-02-20,Low,0.0,0
ACC02366,Caleb Arya,patlaatharv@example.net,8880030053782,Wallet,2023-01-26,Low,0.0,1
ACC02367,Varenya Dyal,charanhalder@example.org,1081692239766,Wallet,2023-03-06,Low,0.0,0
ACC02368,Isaiah Peri,ekapad51@example.net,7027292942863,Current,2021-11-21,Low,0.0,0
ACC02369,Wazir Mohan,madhaviiyer@example.net,4955910923355,Business,2022-06-05,Low,0.0,0
ACC02370,Tamanna Dixit,adwetaratta@example.net,8916190558753,Savings,2023-09-05,Low,0.0,0
ACC02371,Mason Rout,magardakshesh@example.net,1679520279891,Wallet,2022-10-01,Low,0.0,1
ACC02372,Falguni Lall,bobaljai@example.com,8458487494009,Current,2022-03-14,Low,0.0,0
ACC02373,Osha Gour,vpal@example.net,7200805701974,Current,2023-11-21,Low,0.0,1
ACC02374,Ekanta Sekhon,manan92@example.com,5680846900158,Wallet,2022-12-06,Low,0.0,0
ACC02375,Joshua Kakar,rdua@example.net,4947002519067,Savings,2022-12-01,Low,0.0,1
ACC02376,Darika Luthra,nbedi@example.com,7248774763083,Wallet,2022-06-26,Low,0.0,0
ACC02377,Ria Deo,chandradakshesh@example.org,3474180420223,Wallet,2023-12-06,Low,0.0,0
ACC02378,Diya Sood,tanmayi33@example.com,8765755525868,Wallet,2022-07-23,Low,0.0,0
ACC02379,Leena Zachariah,aryan66@example.com,8264871300025,Business,2022-08-20,Low,0.0,1
ACC02380,Advika Ravel,harini33@example.com,9852948447041,Savings,2023-03-03,Low,0.0,0
ACC02381,Kamya Banik,lekha33@example.com,6951181961387,Current,2023-02-06,Low,0.0,0
ACC02382,Ijaya Nanda,nihal29@example.net,3324199771180,Savings,2023-09-24,Low,0.0,1
ACC02383,Krishna Sathe,mmenon@example.com,4890985927143,Current,2021-10-31,Low,0.0,1
ACC02384,Anika Singhal,samesh47@example.com,8616187764580,Savings,2022-03-30,Low,0.0,0
ACC02385,Ranbir Bumb,knadkarni@example.net,7900531260557,Savings,2023-05-30,Low,0.0,0
ACC02386,David Dey,gayathri95@example.net,6955912681307,Current,2021-07-29,Low,0.0,0
ACC02387,Shravya Kadakia,venkateshwyatt@example.com,1234592325802,Business,2021-08-28,Low,0.0,0
ACC02388,Idika Nagar,gbrahmbhatt@example.com,7435149286327,Savings,2023-06-04,Low,0.0,1
ACC02389,Mitesh Jha,shettyaahana@example.net,2810607634433,Business,2022-03-09,Low,0.0,0
ACC02390,Ojasvi Agate,keyajoshi@example.org,6416298702521,Savings,2021-11-27,Low,0.0,0
ACC02391,Gaurang Luthra,indalichandran@example.com,3685044852602,Current,2023-12-07,Low,0.0,1
ACC02392,Gauri Mani,kdube@example.com,5530611390045,Business,2021-12-27,Low,0.0,0
ACC02393,Urvashi Patla,ronithloyal@example.org,0568335556385,Wallet,2023-11-23,Low,0.0,0
ACC02394,Mitesh Lad,revamishra@example.net,9800557338079,Savings,2023-10-17,Low,0.0,0
ACC02395,Nidra Rama,maniadvaith@example.com,7501750566558,Savings,2023-07-02,Low,0.0,0
ACC02396,Mitali Naidu,ytaneja@example.net,2324204300631,Wallet,2022-06-08,Low,0.0,0
ACC02397,Baljiwan Sanghvi,vchaudhuri@example.org,3591142028612,Savings,2022-05-22,Low,0.0,0
ACC02398,Tarak Dugar,rdara@example.org,4542249224302,Current,2023-04-11,Low,0.0,1
ACC02399,Karan Bhalla,balagopal@example.org,7892824350979,Business,2022-11-29,Low,0.0,0
ACC02400,Viraj Nayak,neelnaidu@example.com,7629484676408,Business,2022-03-26,Low,0.0,0
ACC02401,Tara Patil,keyabiswas@example.com,8307090633602,Business,2022-10-14,Low,0.0,0
ACC02402,Raghav Dara,pallavi72@example.com,7362924598977,Wallet,2023-12-14,Low,0.0,1
ACC02403,Rohan Gopal,rishi82@example.org,6292222833813,Business,2022-02-10,Low,0.0,0
ACC02404,Patrick Gade,geetikabala@example.com,7094014412452,Savings,2022-07-02,Low,0.0,1
ACC02405,Mohammed Krishnamurthy,lipika70@example.net,9350462933741,Savings,2022-03-15,Low,0.0,0
ACC02406,Ronith Oommen,sarthakvig@example.com,9190530945875,Savings,2021-11-17,Low,0.0,0
ACC02407,Daniel Trivedi,hemanisood@example.org,2300708618694,Savings,2022-01-13,Low,0.0,0
ACC02408,Meera Shan,unnati52@example.net,4835650869227,Savings,2022-12-30,Low,0.0,0
ACC02409,Orinder Natarajan,jyotilalla@example.net,1055624126676,Savings,2023-03-10,Low,0.0,0
ACC02410,Alka Bawa,neelima47@example.org,3642453206543,Wallet,2022-04-19,Low,0.0,0
ACC02411,Nikita Bhavsar,thomas40@example.net,7152431091568,Savings,2023-03-18,Low,0.0,0
ACC02412,Ayushman Patla,farasgrewal@example.org,2649747870676,Business,2022-12-06,Low,0.0,1
ACC02413,Baghyawati Gade,ckaul@example.com,7810101244805,Business,2021-09-11,Low,0.0,0
ACC02414,Chameli Dave,chowdhuryyashodhara@example.com,9004491007231,Savings,2022-09-02,Low,0.0,0
ACC02415,Oscar Balasubramanian,sarthak06@example.com,4121070431055,Current,2022-07-03,Low,0.0,0
ACC02416,Teerth Chakrabarti,yochana78@example.com,6606751414835,Current,2023-08-14,Low,0.0,0
ACC02417,Gaurangi Rau,panchaljai@example.com,7702153861151,Business,2021-10-07,Low,0.0,1
ACC02418,Fariq Saraf,urishillachar@example.com,5934106165047,Wallet,2022-03-22,Low,0.0,0
ACC02419,Eesha Pall,jairajbanik@example.com,7122072508452,Current,2023-03-01,Low,0.0,0
ACC02420,Anmol Varughese,vbanerjee@example.net,9253360109993,Wallet,2023-12-20,Low,0.0,0
ACC02421,Guneet Luthra,balyashasvi@example.org,9719228874159,Current,2023-08-27,Low,0.0,0
ACC02422,Mason Parekh,rehaan45@example.org,6642738696648,Savings,2023-12-26,Low,0.0,1
ACC02423,Fiyaz Barad,ekaraj29@example.net,7243067779836,Business,2022-06-29,Low,0.0,0
ACC02424,Tara Tripathi,aptewakeeta@example.org,4089351331579,Savings,2023-02-22,Low,0.0,0
ACC02425,Christopher Gole,rachanarajan@example.org,2017295126608,Current,2021-11-25,Low,0.0,0
ACC02426,Pallavi Choudhry,bahrianika@example.org,9092767360863,Wallet,2023-05-29,Low,0.0,0
ACC02427,Tejas Pal,ramanmahika@example.net,7605508005090,Business,2022-03-10,Low,0.0,1
ACC02428,Caleb Saha,jalsabava@example.net,5564419941243,Current,2023-07-20,Low,0.0,0
ACC02429,Dominic Ramanathan,prabhuagastya@example.net,9990761918149,Current,2023-05-19,Low,0.0,0
ACC02430,Nitara Tak,akshay32@example.org,7491176755004,Wallet,2023-06-16,Low,0.0,0
ACC02431,Wakeeta Nori,henrynatarajan@example.com,2295083860390,Savings,2023-06-29,Low,0.0,1
ACC02432,Panini Tandon,pushti75@example.com,5351534743927,Savings,2021-08-12,Low,0.0,0
ACC02433,Zarna Cheema,daksheshshanker@example.net,0378101032082,Business,2022-03-11,Low,0.0,0
ACC02434,Aarini Chatterjee,mandra@example.net,9757885166190,Savings,2023-03-09,Low,0.0,0
ACC02435,Meghana Lad,amaira90@example.com,9461622277261,Savings,2023-04-19,Low,0.0,0
ACC02436,Harini Luthra,garalakshmi@example.org,8465592189568,Savings,2023-06-12,Low,0.0,0
ACC02437,Zashil Kalla,shivanimaharaj@example.com,9180238487614,Business,2023-01-27,Low,0.0,0
ACC02438,Aadhya Kapur,ridhikata@example.com,9085753794763,Wallet,2023-08-22,Low,0.0,1
ACC02439,Tejas Kumer,amolarya@example.org,9278523461512,Current,2023-09-20,Low,0.0,0
ACC02440,Pooja Swamy,hagrawal@example.net,0106658978242,Wallet,2022-04-06,Low,0.0,0
ACC02441,Oviya Patel,tejasnarayan@example.com,4450398638346,Savings,2023-06-16,Low,0.0,0
ACC02442,Arin Virk,kurianchaitaly@example.net,0296532831530,Wallet,2022-08-21,Low,0.0,0
ACC02443,Anay Shukla,basakbishakha@example.net,8601508334512,Business,2023-01-29,Low,0.0,0
ACC02444,Zayan Palan,gagan83@example.org,8814742507438,Wallet,2022-01-20,Low,0.0,1
ACC02445,Chakradev Iyengar,daniel07@example.net,7755005357603,Current,2022-05-31,Low,0.0,1
ACC02446,Sneha Joshi,lopabir@example.com,4741516329566,Wallet,2021-09-25,Low,0.0,1
ACC02447,Anvi Trivedi,aishanikhurana@example.com,8517827577306,Wallet,2022-10-19,Low,0.0,1
ACC02448,Abha Raman,buchwaida@example.net,1964000925683,Current,2023-12-27,Low,0.0,1
ACC02449,Pooja Date,pvenkatesh@example.net,7765402347145,Wallet,2023-04-23,Low,0.0,0
ACC02450,Reyansh Seth,abeer28@example.net,6565293675627,Current,2022-01-01,Low,0.0,0
ACC02451,Zayan Om,akshay34@example.net,9759553642209,Business,2023-03-23,Low,0.0,0
ACC02452,Raksha Bandi,aarini47@example.com,8390187692704,Wallet,2023-08-16,Low,0.0,1
ACC02453,Yasti Zachariah,manan87@example.org,8344302997385,Wallet,2021-07-16,Low,0.0,0
ACC02454,Anamika Goda,darsh29@example.com,4688698908763,Business,2022-09-14,Low,0.0,0
ACC02455,Owen Sura,damyantisarna@example.com,1578737815616,Business,2022-12-29,Low,0.0,0
ACC02456,Dhruv Suresh,kritikasom@example.org,8731403191666,Wallet,2022-08-20,Low,0.0,1
ACC02457,Panini Gara,mekhala98@example.net,7621822479224,Savings,2023-07-05,Low,0.0,1
ACC02458,Nidhi Sampath,rbasak@example.com,6714895792578,Savings,2021-08-22,Low,0.0,1
ACC02459,Orinder Handa,matthew98@example.org,9341373454247,Wallet,2021-08-04,Low,0.0,0
ACC02460,Dominic Pal,zarna22@example.org,9517190706776,Current,2022-06-28,Low,0.0,1
ACC02461,Jackson Kadakia,ramanchameli@example.com,8336425503533,Current,2023-04-06,Low,0.0,1
ACC02462,Gaurang Bali,dyalgeetika@example.com,7591499959770,Savings,2021-12-17,Low,0.0,0
ACC02463,Girish Srinivasan,patelpriya@example.net,5832014354563,Savings,2023-12-12,Low,0.0,0
ACC02464,Urishilla Uppal,rajeshritella@example.com,6444981063267,Savings,2021-09-20,Low,0.0,1
ACC02465,Liam Bala,rbajaj@example.org,2992119247435,Business,2021-11-04,Low,0.0,0
ACC02466,Raagini Subramanian,darpanjohal@example.net,2112038299839,Current,2023-11-24,Low,0.0,0
ACC02467,Henry Pillay,pillaiikshita@example.com,6168068030400,Wallet,2022-06-23,Low,0.0,1
ACC02468,Anamika Salvi,buchsai@example.org,3360574321115,Business,2022-03-02,Low,0.0,0
ACC02469,Gaurangi De,somhritik@example.net,9091364176592,Current,2022-12-22,Low,0.0,1
ACC02470,Jyoti Mittal,mitalibakshi@example.net,1680115360964,Business,2023-05-17,Low,0.0,0
ACC02471,Chandani Patla,amaratailor@example.org,0096015353053,Wallet,2023-08-16,Low,0.0,0
ACC02472,Hemangini Sankaran,darikazacharia@example.org,9704648555169,Business,2022-08-05,Low,0.0,0
ACC02473,Nicholas Mandal,natarajanshravya@example.net,1193539103891,Savings,2022-11-20,Low,0.0,0
ACC02474,Mugdha Tank,nbala@example.net,2185868043942,Wallet,2022-08-04,Low,0.0,1
ACC02475,Bachittar Varma,etazacharia@example.net,7839803703773,Savings,2022-02-21,Low,0.0,0
ACC02476,Mitesh Behl,nimrat94@example.net,3074878134095,Current,2021-08-15,Low,0.0,1
ACC02477,Anusha Atwal,dakshesh18@example.org,6170004854123,Current,2021-11-16,Low,0.0,0
ACC02478,Yashawini Chawla,maneeshana@example.org,5396255614412,Current,2022-10-01,Low,0.0,0
ACC02479,Darsh Bhatnagar,halderkai@example.org,2941761114832,Current,2023-07-01,Low,0.0,0
ACC02480,Baljiwan Ravi,krishna61@example.org,6694810011233,Current,2021-12-08,Low,0.0,1
ACC02481,Jason Saini,vraj@example.com,7323836841434,Business,2022-12-29,Low,0.0,0
ACC02482,Maya Gara,yashasvibajaj@example.net,4905389059509,Savings,2023-05-21,Low,0.0,1
ACC02483,Neel Vohra,sarinvihaan@example.com,5772108727410,Business,2023-05-08,Low,0.0,0
ACC02484,Fariq Palla,vupadhyay@example.net,5551849552964,Savings,2023-04-05,Low,0.0,0
ACC02485,Eesha Dey,gopalsule@example.org,8424872980202,Wallet,2023-05-06,Low,0.0,0
ACC02486,Tara Gera,xmurthy@example.org,4204578131456,Savings,2022-02-15,Low,0.0,1
ACC02487,Kashish Karan,kamdardarpan@example.org,1300113146442,Current,2022-07-19,Low,0.0,0
ACC02488,Baghyawati Kothari,gsridhar@example.net,5592277026049,Wallet,2022-11-29,Low,0.0,0
ACC02489,Mugdha Solanki,wgour@example.com,4113507649967,Business,2022-09-22,Low,0.0,0
ACC02490,Sanya Rau,teerthroy@example.net,0711947505220,Savings,2023-11-21,Low,0.0,0
ACC02491,Dominic Dhawan,uanand@example.com,2593323814331,Wallet,2023-09-17,Low,0.0,0
ACC02492,Falan Sankar,tsinha@example.net,6970711989511,Wallet,2021-08-29,Low,0.0,0
ACC02493,Kala Tak,pdave@example.net,3715586026423,Wallet,2022-05-18,Low,0.0,1
ACC02494,Pranav Mittal,yashodhara84@example.net,9371478750805,Current,2022-12-11,Low,0.0,0
ACC02495,Dominic Bir,qwadhwa@example.net,4002748942443,Business,2022-12-22,Low,0.0,0
ACC02496,Samarth Ravi,dsangha@example.com,8671188161827,Savings,2022-07-20,Low,0.0,0
ACC02497,Thomas Merchant,ssheth@example.net,7845273318815,Wallet,2022-12-11,Low,0.0,0
ACC02498,Warhi Narain,jai35@example.com,5797079077045,Current,2022-07-21,Low,0.0,1
ACC02499,Shivansh Bala,bobalvedhika@example.org,4127259212985,Business,2023-01-04,Low,0.0,0
ACC02500,Sara Datta,charles55@example.com,5177485652642,Wallet,2022-08-20,Low,0.0,0
ACC02501,Tarak Sarma,mohammed82@example.org,2204106496072,Business,2022-04-22,Low,0.0,1
ACC02502,Harini Dugar,chhabraarya@example.net,6096737250093,Savings,2022-08-05,Low,0.0,0
ACC02503,Jacob Oommen,yhayer@example.org,5065069615884,Current,2022-10-07,Low,0.0,0
ACC02504,Indali Date,mekhalakrishna@example.net,1100208967604,Current,2023-05-10,Low,0.0,1
ACC02505,Nisha Dhawan,quincychar@example.com,7519679296058,Savings,2022-07-23,Low,0.0,0
ACC02506,Irya Kaur,madansiddharth@example.com,2070431077222,Wallet,2023-05-29,Low,0.0,1
ACC02507,Zehaan Natarajan,mugdhasur@example.com,8601767873880,Current,2023-06-23,Low,0.0,0
ACC02508,Hemang Bhatt,bachittarpalla@example.org,3835223775044,Current,2022-12-26,Low,0.0,0
ACC02509,Mitali Khurana,aishanimallick@example.net,8460412616554,Savings,2022-02-23,Low,0.0,1
ACC02510,Unni Kota,upasnabhalla@example.org,4616904761029,Current,2022-11-02,Low,0.0,0
ACC02511,Jeevika Lall,fitan90@example.com,7702967050356,Wallet,2021-12-24,Low,0.0,1
ACC02512,Wazir Seshadri,anusharanganathan@example.net,5604851199065,Savings,2022-08-25,Low,0.0,1
ACC02513,Wahab Goda,netrasundaram@example.net,1178512592729,Business,2022-08-28,Low,0.0,0
ACC02514,Nidra Manne,madhavde@example.net,5384187576176,Current,2022-05-06,Low,0.0,0
ACC02515,Vedhika Edwin,aarnapatla@example.net,6607983340833,Current,2022-03-09,Low,0.0,1
ACC02516,Yasti Kamdar,wchowdhury@example.net,6686680807956,Business,2023-12-09,Low,0.0,0
ACC02517,William Behl,bawaquincy@example.org,5093604709280,Current,2023-11-17,Low,0.0,1
ACC02518,Tristan Sethi,lankalucky@example.net,3747279392268,Current,2022-05-23,Low,0.0,0
ACC02519,Falak Lad,wishisaha@example.net,9336983240728,Current,2023-08-16,Low,0.0,0
ACC02520,Hemani Thakkar,sahafaqid@example.net,9809880409336,Savings,2022-05-24,Low,0.0,1
ACC02521,Raksha Din,chasmum52@example.org,5942673272221,Current,2023-11-04,Low,0.0,0
ACC02522,Ijaya Khanna,ekajabedi@example.org,9932974511651,Current,2023-04-11,Low,0.0,0
ACC02523,Aayush Rastogi,chamannair@example.org,3966057529664,Current,2022-07-20,Low,0.0,1
ACC02524,Dominic Chander,kalakrish@example.net,7239191846550,Business,2024-04-05,Low,0.0,1
ACC02525,Teerth Sant,dev67@example.net,5599919669760,Savings,2021-07-15,Low,0.0,0
ACC02526,Lakshit Hora,tmaharaj@example.net,1437043424916,Wallet,2023-10-05,Low,0.0,0
ACC02527,Qushi Hora,tankupadhriti@example.com,4222124219738,Current,2022-09-28,Low,0.0,0
ACC02528,Ayaan Kaul,sachi31@example.com,1029583850833,Business,2021-07-26,Low,0.0,0
ACC02529,Urvi Chaudhuri,misradipta@example.org,1356343171916,Business,2023-07-10,Low,0.0,1
ACC02530,Rohan Pall,sanaya15@example.com,3825417689220,Current,2021-09-02,Low,0.0,0
ACC02531,Kiaan Kumar,benjamin28@example.com,7186919816254,Business,2022-04-25,Low,0.0,1
ACC02532,Hredhaan Mittal,yuvraj65@example.org,3861367461616,Current,2021-10-09,Low,0.0,0
ACC02533,Eiravati Mahajan,upkaarsethi@example.net,7367127470695,Current,2022-04-02,Low,0.0,0
ACC02534,Faras Ghosh,settychasmum@example.org,9729672041862,Wallet,2023-07-13,Low,0.0,1
ACC02535,Dhruv Cherian,jsawhney@example.net,5864740192553,Wallet,2022-09-23,Low,0.0,0
ACC02536,Sneha Natt,aarav46@example.org,1438403972675,Savings,2023-05-10,Low,0.0,0
ACC02537,Hemani Sarraf,lbhandari@example.com,4250956360385,Business,2022-12-02,Low,0.0,0
ACC02538,Naveen Tripathi,ranveerdalia@example.org,9967834358599,Current,2023-09-11,Low,0.0,1
ACC02539,Ubika Shukla,gkota@example.com,9225437636628,Savings,2023-06-07,Low,0.0,0
ACC02540,Gunbir Bose,zdalia@example.com,3595539450698,Business,2021-09-06,Low,0.0,0
ACC02541,Yadavi Dave,nitara30@example.net,2855417939431,Current,2022-04-20,Low,0.0,0
ACC02542,Jagat Lall,ekavirparekh@example.com,0967624285740,Savings,2023-07-03,Low,0.0,0
ACC02543,Arin Pingle,vedhikashroff@example.org,5476630779975,Business,2022-04-11,Low,0.0,1
ACC02544,Aadi Bala,xpandya@example.org,0723461504117,Savings,2021-07-16,Low,0.0,1
ACC02545,Yochana Dua,liamben@example.net,5139002950114,Savings,2023-09-27,Low,0.0,0
ACC02546,Aahana Sehgal,christopherpalan@example.com,2378390497574,Business,2022-02-24,Low,0.0,1
ACC02547,Krisha Mandal,laban63@example.org,3884651903483,Current,2022-04-23,Low,0.0,1
ACC02548,Lakshit Menon,joshibenjamin@example.org,0644903593417,Savings,2021-10-29,Low,0.0,0
ACC02549,Robert Jani,vivaan07@example.org,1821606392318,Business,2022-07-15,Low,0.0,0
ACC02550,Triya Verma,chadavi@example.net,2388369702579,Business,2022-12-17,Low,0.0,0
ACC02551,Wriddhish Parmar,rmukherjee@example.net,1935472863996,Savings,2022-01-16,Low,0.0,0
ACC02552,Damini Badal,vincentthakkar@example.net,9203175914509,Business,2023-05-11,Low,0.0,1
ACC02553,Arjun Halder,varenya28@example.com,9539106733382,Business,2021-10-14,Low,0.0,1
ACC02554,Leena Nagarajan,chakrikazachariah@example.net,2496689923858,Business,2023-01-07,Low,0.0,0
ACC02555,Garima Gopal,borahaarav@example.net,5444847920740,Savings,2022-10-22,Low,0.0,0
ACC02556,Henry Shukla,gulatikrish@example.org,7759902549839,Current,2023-04-15,Low,0.0,0
ACC02557,Atharv Joshi,abeermahal@example.org,3728102972957,Business,2021-11-07,Low,0.0,0
ACC02558,Ishanvi Contractor,raaginikala@example.com,0796330225176,Current,2021-08-04,Low,0.0,1
ACC02559,Rajeshri Walia,jacobgala@example.com,6213345958295,Savings,2023-03-16,Low,0.0,0
ACC02560,Inaya Rao,devanshgarg@example.net,9099441475376,Business,2023-04-12,Low,0.0,0
ACC02561,Siya Gill,omisha48@example.com,4766955770518,Current,2023-12-26,Low,0.0,1
ACC02562,Jasmit Ben,mshetty@example.net,4511590592568,Savings,2022-05-19,Low,0.0,0
ACC02563,Aarnav Mukherjee,paninilala@example.com,9508046606382,Savings,2022-07-17,Low,0.0,0
ACC02564,Azad Merchant,sahnilucky@example.com,0209225212380,Savings,2022-12-12,Low,0.0,0
ACC02565,Baghyawati Lanka,fdesai@example.com,5148749715129,Current,2022-01-26,Low,0.0,0
ACC02566,Anya Pingle,dhritikapoor@example.net,5849999169535,Wallet,2022-11-08,Low,0.0,1
ACC02567,Luke Deol,fnagy@example.org,9018174973111,Wallet,2023-09-13,Low,0.0,0
ACC02568,Pallavi Khare,pallavibal@example.net,0504596197400,Current,2022-10-21,Low,0.0,1
ACC02569,Vritti Peri,adwetamannan@example.com,2104208418286,Wallet,2023-04-08,Low,0.0,1
ACC02570,Anika Banik,lsavant@example.com,0541519093757,Business,2022-06-01,Low,0.0,1
ACC02571,Aarnav Savant,rbalan@example.com,6941351284836,Wallet,2022-04-14,Low,0.0,0
ACC02572,Jagvi Patla,vedhikasheth@example.net,6992269156949,Wallet,2022-02-03,Low,0.0,0
ACC02573,Radhika Bail,widishasamra@example.org,0235120945969,Business,2021-11-18,Low,0.0,0
ACC02574,Gaurika Singh,advikalal@example.org,6337598491387,Current,2022-11-03,Low,0.0,0
ACC02575,Aarnav Chowdhury,chahaljagdish@example.net,3795233143241,Business,2023-07-01,Low,0.0,1
ACC02576,Advik Shroff,dhillonvrishti@example.net,9633879081322,Wallet,2022-06-07,Low,0.0,0
ACC02577,Yashica Dhar,chaturamody@example.com,3519788164957,Business,2023-04-16,Low,0.0,0
ACC02578,Bakhshi Mannan,harinibadal@example.org,8422417018313,Wallet,2022-05-19,Low,0.0,1
ACC02579,Waida Majumdar,aarinibanerjee@example.org,5792517333581,Wallet,2021-10-30,Low,0.0,1
ACC02580,Nilima Tella,nicholasbatta@example.org,2979685462116,Business,2021-12-08,Low,0.0,0
ACC02581,Abhiram Bera,cgala@example.net,1240766453629,Current,2021-08-08,Low,0.0,0
ACC02582,Jackson Korpal,caleb11@example.org,4968950929184,Savings,2021-11-26,Low,0.0,1
ACC02583,Ishani Magar,reva25@example.com,2047442175639,Current,2022-09-30,Low,0.0,1
ACC02584,Aarav Lall,gnanda@example.com,4465748145252,Current,2023-09-20,Low,0.0,0
ACC02585,Chanchal Raghavan,anay89@example.org,4317842139136,Current,2022-07-29,Low,0.0,0
ACC02586,Harini Lad,tanishsura@example.com,2715422412503,Business,2021-10-18,Low,0.0,0
ACC02587,Anvi Chaudhari,bhavnasoman@example.org,3720741975370,Wallet,2021-10-02,Low,0.0,0
ACC02588,Pushti Keer,wahabsuri@example.com,3521085837558,Savings,2023-07-20,Low,0.0,0
ACC02589,Ojasvi Kara,gaganwable@example.net,5108858998181,Business,2022-03-20,Low,0.0,0
ACC02590,Anamika Golla,tanejawahab@example.com,0643395534334,Savings,2021-09-29,Low,0.0,0
ACC02591,Hardik Saxena,advikmadan@example.org,2424300917316,Savings,2021-09-09,Low,0.0,1
ACC02592,Timothy Deol,utkarsh08@example.net,2447839071212,Current,2022-09-05,Low,0.0,0
ACC02593,Warhi Zacharia,dbrahmbhatt@example.org,1982724495207,Business,2023-10-02,Low,0.0,1
ACC02594,Faraj Parekh,shivanshchada@example.org,7895166501800,Savings,2023-04-06,Low,0.0,0
ACC02595,Anya Minhas,dhawanunnati@example.com,0123162575100,Current,2022-12-17,Low,0.0,0
ACC02596,Tanveer Raju,wyogi@example.com,3973847184581,Savings,2022-04-17,Low,0.0,0
ACC02597,Utkarsh Batta,hredhaanghosh@example.net,8236372511298,Savings,2021-12-20,Low,0.0,0
ACC02598,Samesh Chadha,dubelajita@example.org,7050674825229,Business,2022-11-16,Low,0.0,0
ACC02599,Eshana Manda,wnayar@example.net,7631691455903,Wallet,2022-01-02,Low,0.0,0
ACC02600,Hamsini Kar,baghyawati23@example.com,4667622676174,Savings,2021-10-30,Low,0.0,1
ACC02601,Advik Mall,gautami22@example.com,0596425497806,Current,2022-03-16,Low,0.0,1
ACC02602,Veer Subramaniam,raobalveer@example.net,4897311601565,Business,2022-10-08,Low,0.0,1
ACC02603,Kamala Goyal,chareesha@example.com,4015043790868,Savings,2023-06-08,Low,0.0,0
ACC02604,Yauvani Khosla,kala58@example.net,6454875979974,Wallet,2023-06-15,Low,0.0,0
ACC02605,Ikshita Master,dalbirmitter@example.org,8275684978507,Savings,2021-10-20,Low,0.0,1
ACC02606,Vasana Golla,viraj08@example.org,8086789451193,Current,2022-04-11,Low,0.0,0
ACC02607,Bhanumati Sachar,pbobal@example.net,7523710029596,Current,2022-02-09,Low,0.0,0
ACC02608,Eesha Borah,cpanchal@example.org,3209361301446,Savings,2022-12-28,Low,0.0,0
ACC02609,Hritik Subramaniam,bhavyabobal@example.net,3675806932894,Current,2022-03-01,Low,0.0,0
ACC02610,Ekavir Chand,mbrahmbhatt@example.org,7097184679087,Savings,2023-07-23,Low,0.0,1
ACC02611,Vivaan Soni,hiteshsaha@example.net,7592746010069,Savings,2023-03-24,Low,0.0,0
ACC02612,Upma Master,agarwalturvi@example.org,8325661806108,Business,2023-01-04,Low,0.0,0
ACC02613,Yagnesh Setty,ahujaxalak@example.org,1022212683905,Business,2022-11-11,Low,0.0,1
ACC02614,Balendra Dara,birkritika@example.net,4910676987101,Current,2022-07-19,Low,0.0,0
ACC02615,Dalaja Buch,sandalveer@example.org,2519642958616,Savings,2021-12-07,Low,0.0,0
ACC02616,Madhav Chopra,sundaramanmol@example.org,4496550242182,Savings,2023-09-30,Low,0.0,0
ACC02617,Adya Vohra,narulaunnati@example.com,0242426335231,Wallet,2021-12-18,Low,0.0,0
ACC02618,Ekani Mani,htank@example.net,2020613920318,Wallet,2023-01-10,Low,0.0,1
ACC02619,Shivani Sandal,tmammen@example.net,2878073900496,Wallet,2023-05-14,Low,0.0,0
ACC02620,Azad Raju,craman@example.com,9602964991047,Current,2022-09-22,Low,0.0,0
ACC02621,Oeshi Mishra,aarini58@example.com,6577137153427,Business,2022-05-22,Low,0.0,0
ACC02622,Owen Verma,jkale@example.org,6654842749464,Savings,2023-04-08,Low,0.0,0
ACC02623,Anvi Bhargava,ayushmanbala@example.org,4366594538823,Current,2022-11-10,Low,0.0,0
ACC02624,Yuvraj Mody,yash35@example.com,8228965754920,Savings,2022-06-07,Low,0.0,1
ACC02625,Aadi Chowdhury,virajshukla@example.net,1915770141115,Savings,2022-08-03,Low,0.0,0
ACC02626,Lajita Dube,ekapadpandya@example.org,2811587650916,Wallet,2023-01-17,Low,0.0,1
ACC02627,Saumya Patla,pillayreva@example.net,1510981009443,Savings,2021-09-30,Low,0.0,0
ACC02628,Balendra Dewan,osura@example.org,6569427638082,Wallet,2021-07-17,Low,0.0,0
ACC02629,Rudra Gala,asaxena@example.net,1143107539871,Wallet,2022-01-20,Low,0.0,0
ACC02630,Ikbal Lata,rachanamanne@example.org,0646143838167,Business,2022-12-10,Low,0.0,1
ACC02631,Krish Zachariah,deepa05@example.net,7438947528972,Business,2021-11-03,Low,0.0,1
ACC02632,Gauri Shanker,rachitmani@example.com,4042100149961,Current,2021-11-16,Low,0.0,0
ACC02633,Urvashi Sehgal,ati53@example.net,5798662692339,Wallet,2021-10-28,Low,0.0,0
ACC02634,Wyatt Anand,dattahiral@example.net,3952563773125,Business,2022-02-02,Low,0.0,0
ACC02635,Deepa Pathak,hbalay@example.org,1175173358362,Business,2022-05-10,Low,0.0,1
ACC02636,Patrick Dash,gabriel56@example.net,4387871713593,Savings,2022-08-25,Low,0.0,1
ACC02637,Yochana Chacko,pallaarya@example.net,5627396433161,Savings,2023-04-11,Low,0.0,1
ACC02638,Aadi Dhaliwal,qwalla@example.net,8427751536720,Savings,2022-12-05,Low,0.0,0
ACC02639,Irya Banik,nprashad@example.net,2856859441649,Current,2022-02-06,Low,0.0,0
ACC02640,Samesh Chaudhary,chahalekaja@example.com,4026218060363,Current,2021-10-03,Low,0.0,1
ACC02641,Vihaan Pingle,nandaonveer@example.org,6561307398714,Wallet,2022-11-04,Low,0.0,0
ACC02642,Ekanta Madan,rushil00@example.com,5777414651831,Wallet,2022-07-21,Low,0.0,1
ACC02643,Yash Iyer,jeevikakapadia@example.org,3057578660702,Savings,2022-01-13,Low,0.0,0
ACC02644,Arin Shan,bsane@example.org,9508526106896,Wallet,2023-04-21,Low,0.0,0
ACC02645,Hiral Kadakia,lekhakumar@example.com,1412404396848,Wallet,2023-09-27,Low,0.0,1
ACC02646,Eesha Rama,ambleabdul@example.org,0871638819392,Business,2022-02-10,Low,0.0,1
ACC02647,Finn Chandran,hiteshwarrior@example.com,1650181757601,Wallet,2023-10-15,Low,0.0,0
ACC02648,Zinal Sankar,vnagarajan@example.org,6249152893281,Current,2022-08-31,Low,0.0,0
ACC02649,Rajata Nazareth,suravrinda@example.org,3197493135276,Wallet,2023-01-03,Low,0.0,1
ACC02650,Hemangini Oommen,vyanjanasampath@example.net,1182566516391,Current,2022-05-23,Low,0.0,1
ACC02651,Omkaar Singh,narayanzayan@example.net,6281341350334,Wallet,2023-06-27,Low,0.0,0
ACC02652,Advik Solanki,ojasvi87@example.com,4465448218739,Current,2022-08-08,Low,0.0,0
ACC02653,Hitesh Datta,eshana88@example.com,4050315134650,Current,2023-05-05,Low,0.0,0
ACC02654,Ekantika Sahota,ikanda@example.com,4771341253834,Current,2021-07-21,Low,0.0,0
ACC02655,Atharv Samra,tara29@example.net,6656206703933,Wallet,2023-06-03,Low,0.0,0
ACC02656,Ridhi Sur,tkunda@example.org,8439711820034,Current,2023-06-07,Low,0.0,0
ACC02657,Yatan Nayak,vanshacomar@example.com,2031066646518,Current,2021-08-27,Low,0.0,1
ACC02658,Vaishnavi Trivedi,hsibal@example.net,5879579711491,Wallet,2023-07-25,Low,0.0,0
ACC02659,Chaaya Saha,bhagatkeya@example.net,3951083278668,Savings,2023-08-31,Low,0.0,0
ACC02660,Charvi Dhingra,bailveer@example.org,5030524114207,Savings,2022-02-07,Low,0.0,0
ACC02661,Kashvi Chandran,taraknazareth@example.org,9576039610849,Business,2022-04-12,Low,0.0,0
ACC02662,Vanya Bhagat,edhitha38@example.com,6129767621354,Savings,2021-11-09,Low,0.0,1
ACC02663,Netra Bir,utkarsh15@example.net,8348995312008,Savings,2021-08-15,Low,0.0,1
ACC02664,Brijesh Muni,balanparth@example.com,7036423733134,Business,2022-12-16,Low,0.0,0
ACC02665,Deepa Bhatnagar,ria18@example.net,6217794292101,Wallet,2022-08-14,Low,0.0,1
ACC02666,Laban Tandon,kiaan15@example.org,5079631324049,Wallet,2022-08-16,Low,0.0,0
ACC02667,Faris Saini,george96@example.com,7145706586862,Current,2021-11-09,Low,0.0,1
ACC02668,Riya Vaidya,saumya71@example.net,1219993917670,Wallet,2022-11-19,Low,0.0,0
ACC02669,Advay Agarwal,onveersarna@example.net,2445278430039,Current,2021-11-23,Low,0.0,1
ACC02670,Xiti Baral,bmangat@example.com,9186849874932,Current,2023-11-06,Low,0.0,0
ACC02671,Shaurya Dhaliwal,kritikarau@example.net,0375578545765,Business,2022-08-29,Low,0.0,0
ACC02672,Aayush Dhar,omya43@example.org,3222575041226,Savings,2022-08-04,Low,0.0,0
ACC02673,Damini Khare,aarush94@example.com,7314926622477,Wallet,2022-11-23,Low,0.0,1
ACC02674,Aarnav Jaggi,yadavibhargava@example.com,0024588641793,Current,2022-09-19,Low,0.0,0
ACC02675,Vanya Konda,samakshkorpal@example.net,3876883868982,Savings,2022-01-15,Low,0.0,1
ACC02676,Yochana Das,jkade@example.net,8165223507993,Business,2023-02-11,Low,0.0,1
ACC02677,Vritti Kaul,kiaan19@example.net,6849603342995,Savings,2023-12-19,Low,0.0,0
ACC02678,Megha Sheth,miteshrege@example.net,2810767778673,Current,2022-12-08,Low,0.0,1
ACC02679,Faqid Walia,bathjagrati@example.net,4689933053740,Savings,2023-02-01,Low,0.0,0
ACC02680,Nakul Kunda,lipikadalal@example.org,3248773651884,Wallet,2024-10-27,Low,0.0,1
ACC02681,Nilima Ramaswamy,kakarlohit@example.net,0635724763985,Wallet,2023-06-23,Low,0.0,1
ACC02682,Manan Ranganathan,bakhshi07@example.org,3858009998669,Wallet,2023-05-03,Low,0.0,1
ACC02683,Amrita Munshi,naraindhruv@example.com,4873597543453,Wallet,2022-09-05,Low,0.0,0
ACC02684,Chaaya Ramanathan,bhatvinaya@example.com,7222264615330,Wallet,2022-12-22,Low,0.0,0
ACC02685,Manbir Taneja,deshpandetriveni@example.com,7697693805145,Current,2022-08-08,Low,0.0,0
ACC02686,Krishna Anne,saranzaitra@example.org,0750006991558,Business,2023-05-30,Low,0.0,0
ACC02687,Theodore Dugar,aarnakunda@example.com,6523221489441,Business,2022-01-13,Low,0.0,0
ACC02688,Kashvi Chada,kratti@example.net,3038156959070,Wallet,2022-12-23,Low,0.0,0
ACC02689,Radhika Pingle,aryaraagini@example.org,1128740811730,Business,2023-03-20,Low,0.0,0
ACC02690,Veer Wali,ekapadmajumdar@example.com,8789999628930,Business,2023-06-30,Low,0.0,0
ACC02691,Bhavini Bhalla,maanas18@example.com,5608319126048,Current,2022-05-21,Low,0.0,0
ACC02692,Oviya Nanda,ekansh84@example.com,9386547192705,Current,2021-09-19,Low,0.0,0
ACC02693,Yashvi Shankar,urmi05@example.com,2300560944615,Savings,2021-12-23,Low,0.0,1
ACC02694,Gunbir Devi,gaurikaben@example.com,5660505908557,Wallet,2021-09-29,Low,0.0,0
ACC02695,Forum Sundaram,vamakshikothari@example.net,9474372990352,Current,2022-06-11,Low,0.0,1
ACC02696,Lila Badami,balalakshit@example.com,4714243211190,Business,2021-08-07,Low,0.0,0
ACC02697,Rajeshri Saha,wahabsundaram@example.com,8133098314523,Business,2023-06-14,Low,0.0,0
ACC02698,Agastya Johal,libni33@example.net,8742565686680,Current,2021-10-03,Low,0.0,1
ACC02699,Banjeet Balay,parsainaya@example.net,8157501543857,Current,2022-09-03,Low,0.0,0
ACC02700,Chandran Srivastava,nmahal@example.net,4881514466199,Savings,2023-07-04,Low,0.0,0
ACC02701,Zayyan Choudhry,cchander@example.org,5626668854553,Business,2022-08-07,Low,0.0,0
ACC02702,Thomas Tank,bsandal@example.com,9902344238162,Current,2021-08-14,Low,0.0,0
ACC02703,Lakshmi Sanghvi,yashvi49@example.net,8614628836358,Wallet,2021-10-18,Low,0.0,0
ACC02704,Kavya Jhaveri,gabrielpatel@example.org,1356117027847,Business,2023-02-27,Low,0.0,0
ACC02705,Chameli Mohanty,chanda@example.org,3917619682258,Wallet,2022-06-04,Low,0.0,0
ACC02706,Anjali Hegde,kaledipta@example.net,4087474073972,Savings,2022-11-19,Low,0.0,0
ACC02707,Hemang Sur,nikita57@example.com,6183442511809,Savings,2022-01-23,Low,0.0,1
ACC02708,Abha Nath,faras92@example.com,5286348401617,Current,2023-10-31,Low,0.0,1
ACC02709,Lajita Krishnamurthy,modidamini@example.com,3752015691461,Current,2021-09-19,Low,0.0,0
ACC02710,Chanchal Bose,urvi33@example.com,8409134178109,Wallet,2022-08-31,Low,0.0,1
ACC02711,Vidhi Choudhry,vasatika14@example.com,4951495583873,Savings,2022-09-27,Low,0.0,0
ACC02712,Balhaar Sibal,meerasandhu@example.net,8084388168482,Wallet,2023-04-09,Low,0.0,1
ACC02713,Omkaar Hayre,balaytamanna@example.org,6445030060451,Wallet,2022-12-28,Low,0.0,1
ACC02714,Yasti Chacko,nkashyap@example.org,2763272237369,Wallet,2023-01-13,Low,0.0,1
ACC02715,Daniel Lala,madhavraju@example.org,9047353522654,Savings,2022-11-05,Low,0.0,1
ACC02716,Charles Padmanabhan,upadhritigupta@example.com,1359964260600,Savings,2023-01-06,Low,0.0,1
ACC02717,Naksh Sibal,advay51@example.com,1641199136564,Current,2022-05-20,Low,0.0,0
ACC02718,Naksh Patel,oscar60@example.org,2892238435799,Current,2021-10-23,Low,0.0,0
ACC02719,Eiravati Mital,oliver25@example.org,4752949775655,Wallet,2023-01-02,Low,0.0,0
ACC02720,Nicholas Varma,rajata38@example.org,7665703101221,Wallet,2022-02-10,Low,0.0,0
ACC02721,Udarsh Varty,yparekh@example.org,2144835457498,Business,2021-10-29,Low,0.0,0
ACC02722,Pavani Venkatesh,joshuapathak@example.org,4309353521517,Business,2023-10-12,Low,0.0,0
ACC02723,Bhavini Raghavan,ybail@example.com,4715756108010,Business,2022-04-12,Low,0.0,0
ACC02724,Anmol Gaba,harshildey@example.org,5121698323285,Wallet,2022-09-13,Low,0.0,1
ACC02725,Hardik Lala,niteshrout@example.org,6214453715045,Current,2021-07-25,Low,0.0,1
ACC02726,Maya Suresh,jtak@example.net,1159132684232,Current,2022-03-16,Low,0.0,0
ACC02727,Ranveer Nazareth,amruta69@example.net,3369310571973,Wallet,2022-10-26,Low,0.0,1
ACC02728,Sai Chaudhry,chaaya55@example.org,8762602356409,Business,2021-08-14,Low,0.0,0
ACC02729,Akshay Walla,mupadhyay@example.org,0786796999938,Savings,2023-10-11,Low,0.0,0
ACC02730,Jatin Mannan,ymahajan@example.org,3190024155175,Current,2023-01-14,Low,0.0,1
ACC02731,Teerth Sethi,gaurijayaraman@example.org,7028996668685,Current,2023-02-13,Low,0.0,0
ACC02732,Simon Boase,rajanneel@example.org,6514947396543,Wallet,2022-03-03,Low,0.0,0
ACC02733,Andrew Oak,reva71@example.net,3027596088958,Wallet,2022-01-03,Low,0.0,0
ACC02734,Siya Gulati,chandani34@example.org,1494521258606,Wallet,2022-04-21,Low,0.0,1
ACC02735,Abdul Vala,basuanjali@example.org,5141405085013,Business,2024-10-27,Low,0.0,1
ACC02736,Varenya Mahajan,neelimakanda@example.com,1226472543924,Business,2021-10-23,Low,0.0,0
ACC02737,Siddharth Rao,mannjonathan@example.com,8174425396852,Wallet,2021-11-26,Low,0.0,1
ACC02738,Rachana Thakur,anirudhchaudhari@example.net,2246614280970,Business,2022-11-03,Low,0.0,0
ACC02739,Abhiram Sidhu,saranyatin@example.com,5911753317025,Current,2023-06-26,Low,0.0,0
ACC02740,William Tara,iagarwal@example.com,4377587253717,Savings,2023-08-25,Low,0.0,0
ACC02741,Balendra Contractor,victor33@example.org,3256964741331,Current,2022-02-22,Low,0.0,0
ACC02742,Ishanvi Chand,othakur@example.net,8422663154309,Wallet,2021-11-30,Low,0.0,0
ACC02743,Samuel Mukhopadhyay,koshyfaqid@example.com,5366713646351,Savings,2023-05-30,Low,0.0,0
ACC02744,Ekta Ganguly,yutikadeshmukh@example.org,5348529799349,Current,2022-11-20,Low,0.0,0
ACC02745,Isha Sarma,jmurty@example.org,5219706406412,Savings,2023-09-25,Low,0.0,1
ACC02746,Faraj Naik,banjeet24@example.com,8307501632703,Savings,2021-07-15,Low,0.0,1
ACC02747,Ishwar Krishnan,babuhiral@example.org,9636427212645,Business,2022-06-18,Low,0.0,0
ACC02748,Samaksh Ram,gsahota@example.net,9674672698630,Savings,2023-12-05,Low,0.0,0
ACC02749,Viraj Jhaveri,kevinsura@example.net,1702671996149,Business,2022-07-13,Low,0.0,0
ACC02750,Girindra Zachariah,jagdish47@example.com,1603849526068,Savings,2023-09-16,Low,0.0,0
ACC02751,Nakul Thaker,tmunshi@example.com,4109661592932,Wallet,2022-04-08,Low,0.0,0
ACC02752,Siya Wable,thamangautami@example.org,9030347112027,Current,2023-10-06,Low,0.0,0
ACC02753,Aryan Dewan,jananinarayanan@example.net,2920722303358,Business,2023-02-18,Low,0.0,0
ACC02754,Tristan Kapur,ekansh11@example.org,7387927876782,Current,2024-02-12,Low,0.0,1
ACC02755,Mahika Amble,qabil29@example.com,5144486574306,Wallet,2022-10-04,Low,0.0,0
ACC02756,Arin Raja,morechanchal@example.net,9872029811300,Current,2023-08-19,Low,0.0,0
ACC02757,Wazir Kamdar,mannfrado@example.net,1796330507495,Current,2023-12-02,Low,0.0,0
ACC02758,Barkha Mandal,onkarsastry@example.org,9802844161693,Savings,2022-02-20,Low,0.0,1
ACC02759,Praneel Mahajan,venkateshganga@example.org,3238137057410,Wallet,2021-08-02,Low,0.0,0
ACC02760,Vamakshi Roy,parthsachdeva@example.net,9415258385163,Wallet,2021-07-30,Low,0.0,0
ACC02761,Waida Varughese,daninisha@example.com,6684713290102,Business,2022-09-09,Low,0.0,1
ACC02762,Hamsini Verma,jai18@example.com,1014602353596,Wallet,2022-06-18,Low,0.0,1
ACC02763,Yashvi Aurora,madanchanakya@example.net,2356316766027,Business,2023-08-15,Low,0.0,0
ACC02764,Mekhala Gole,owadhwa@example.net,7871819383477,Current,2022-05-05,Low,0.0,1
ACC02765,Ijaya Chakrabarti,kumerurvi@example.org,8028213114824,Business,2022-03-25,Low,0.0,0
ACC02766,Charvi Kaur,mahalchakrika@example.com,9789425963490,Business,2022-07-13,Low,0.0,1
ACC02767,Gavin Seth,uvora@example.net,3450041951130,Wallet,2023-01-10,Low,0.0,0
ACC02768,Atharv Savant,eramakrishnan@example.com,6166846482098,Business,2022-06-27,Low,0.0,0
ACC02769,Jonathan Wali,ekavir81@example.net,9692344405572,Current,2021-09-28,Low,0.0,0
ACC02770,Wishi Shenoy,fitankapadia@example.net,3620916049417,Savings,2022-10-05,Low,0.0,1
ACC02771,Rishi Bir,bhatnagarreva@example.org,6863721858935,Wallet,2022-12-22,Low,0.0,0
ACC02772,Charan Mody,xbaral@example.com,1265656416566,Business,2023-04-09,Low,0.0,0
ACC02773,Tanvi Chandran,tara11@example.org,0701805893596,Current,2023-02-24,Low,0.0,1
ACC02774,Quincy Rout,janakinori@example.org,7615033598480,Savings,2023-12-31,Low,0.0,1
ACC02775,Dominic Thaman,vvarty@example.org,4342299785321,Current,2023-01-13,Low,0.0,1
ACC02776,Dhruv Khosla,teerthandra@example.net,4003765849014,Wallet,2022-09-07,Low,0.0,0
ACC02777,Harinakshi Sant,aadi25@example.com,0909590279904,Savings,2022-01-26,Low,0.0,0
ACC02778,Reyansh Rana,choudhuryzaitra@example.org,4883626961636,Business,2021-11-18,Low,0.0,1
ACC02779,Vaishnavi Bhavsar,ushankar@example.org,9426915489788,Business,2023-02-28,Low,0.0,0
ACC02780,Alka Char,aarnanarang@example.org,7050875505624,Savings,2021-11-07,Low,0.0,0
ACC02781,Faris Yadav,hsathe@example.net,0139193870741,Business,2021-10-05,Low,0.0,0
ACC02782,Om Bains,khoslaaradhana@example.net,3828140462478,Wallet,2022-04-29,Low,0.0,0
ACC02783,Rohan Parmar,ngoyal@example.com,7330890345446,Current,2021-10-07,Low,0.0,1
ACC02784,Yuvraj Gokhale,basakekanta@example.com,8617730790991,Savings,2022-06-18,Low,0.0,1
ACC02785,Mekhala Sehgal,dbir@example.org,1103562576210,Wallet,2023-06-21,Low,0.0,0
ACC02786,Lucky Vyas,palsudiksha@example.net,5000444156630,Business,2022-06-05,Low,0.0,0
ACC02787,Saumya Dugar,bpradhan@example.org,0217589283905,Business,2022-11-22,Low,0.0,0
ACC02788,Tripti Balakrishnan,karanvanya@example.net,0720324893237,Current,2023-07-17,Low,0.0,0
ACC02789,Jasmit Salvi,nsoni@example.com,6853241484268,Business,2021-09-04,Low,0.0,0
ACC02790,Vidhi Sastry,vamakshi46@example.com,7856451924279,Business,2023-05-20,Low,0.0,0
ACC02791,Alka Raju,jananichand@example.com,2287351187786,Wallet,2023-10-11,Low,0.0,0
ACC02792,Aashi Bir,bhavani87@example.net,7476397103188,Business,2022-03-31,Low,0.0,1
ACC02793,Praneel Tank,dsahota@example.com,7420505784622,Current,2022-07-20,Low,0.0,0
ACC02794,Nidhi Kadakia,niharika51@example.net,5153121413829,Wallet,2023-03-15,Low,0.0,1
ACC02795,Champak Wali,bupadhyay@example.com,4660170593967,Wallet,2022-11-04,Low,0.0,0
ACC02796,Hredhaan Natt,nitesh26@example.com,2465529578735,Current,2021-08-10,Low,0.0,0
ACC02797,Ladli Khare,abdulgole@example.org,1131800214980,Savings,2023-06-28,Low,0.0,1
ACC02798,Aachal Savant,gaurangi57@example.net,3432823913218,Current,2023-03-10,Low,0.0,0
ACC02799,Ojasvi Ramakrishnan,zansi35@example.net,8469873297584,Savings,2022-03-19,Low,0.0,1
ACC02800,Prisha Dhar,pchhabra@example.org,0244698459890,Business,2022-04-08,Low,0.0,0
ACC02801,Ladli Rastogi,mishraunni@example.net,0626465889987,Business,2023-03-28,Low,0.0,0
ACC02802,Amrita Loyal,lopa31@example.org,2092749390981,Business,2023-06-22,Low,0.0,0
ACC02803,Luke Devi,gopalethan@example.com,2851368405416,Wallet,2023-12-12,Low,0.0,0
ACC02804,Noah Karpe,aanand@example.net,7751900322607,Current,2023-11-11,Low,0.0,0
ACC02805,Bhavini Shetty,wriddhish26@example.com,8464310323385,Savings,2023-06-24,Low,0.0,0
ACC02806,Xavier Sekhon,psrivastava@example.org,8582196459968,Savings,2023-03-18,Low,0.0,1
ACC02807,Lakshit Madan,girikdeshpande@example.net,2558898392307,Wallet,2023-08-25,Low,0.0,0
ACC02808,Amara Choudhry,forumsibal@example.org,7077924454759,Business,2021-12-17,Low,0.0,1
ACC02809,Ekaraj Chauhan,imaranprakash@example.net,8731024264596,Savings,2023-05-07,Low,0.0,1
ACC02810,Ati Sane,kamya83@example.net,0903585872632,Savings,2023-07-30,Low,0.0,0
ACC02811,Inaya Banerjee,vrittibobal@example.net,6421023872880,Savings,2022-08-13,Low,0.0,1
ACC02812,Zaid Saran,kmohanty@example.com,6959901964335,Current,2023-01-15,Low,0.0,0
ACC02813,Luke Gulati,avi21@example.org,8700008222053,Business,2023-02-15,Low,0.0,0
ACC02814,Ojas Basak,jagratirajagopal@example.org,4661710147824,Business,2022-12-16,Low,0.0,1
ACC02815,Indira Chaudhry,surrehaan@example.net,6650688857602,Business,2022-01-17,Low,0.0,0
ACC02816,Ronith Dara,pbahri@example.com,2450632705241,Savings,2023-01-27,Low,0.0,0
ACC02817,Aarini Murthy,ymistry@example.net,6764691428400,Savings,2021-08-20,Low,0.0,1
ACC02818,Agastya Choudhary,sachilall@example.org,8471073823225,Current,2023-11-04,Low,0.0,0
ACC02819,Udant Srivastava,pgala@example.net,3345015417765,Wallet,2021-10-28,Low,0.0,1
ACC02820,Oviya Sarkar,basakchandresh@example.org,5911862479393,Business,2023-10-19,Low,0.0,0
ACC02821,Charvi Trivedi,mangaldaksh@example.org,9631555800875,Business,2023-06-29,Low,0.0,0
ACC02822,Hamsini Sharma,guneet31@example.net,8237084446850,Current,2021-08-22,Low,0.0,1
ACC02823,Rudra Chahal,yashawiniperi@example.net,1842932645701,Wallet,2021-09-16,Low,0.0,0
ACC02824,Saumya Krish,vidhibarad@example.org,6536054971279,Business,2021-09-04,Low,0.0,0
ACC02825,Farhan Barad,lipikagala@example.net,7569990604186,Savings,2023-08-29,Low,0.0,1
ACC02826,Advaith Parsa,grau@example.org,8921075864358,Current,2022-12-02,Low,0.0,0
ACC02827,Anthony Tailor,udant36@example.org,4928969186175,Business,2023-04-22,Low,0.0,1
ACC02828,Rachana Kamdar,edhitha49@example.com,2206992558300,Savings,2023-06-11,Low,0.0,0
ACC02829,Inaya Warrior,sharmajyoti@example.com,4491088534883,Business,2021-12-09,Low,0.0,0
ACC02830,Quincy Sastry,snehasavant@example.net,4079328181671,Savings,2022-07-16,Low,0.0,0
ACC02831,Siya Chandra,ahujaupkaar@example.com,2073617457417,Current,2022-09-03,Low,0.0,0
ACC02832,Yadavi Magar,badamidavid@example.org,1330214890401,Business,2022-02-02,Low,0.0,0
ACC02833,Yug Edwin,pantfaras@example.net,7724437645618,Wallet,2023-02-04,Low,0.0,0
ACC02834,Pooja Chaudhary,rohan36@example.com,4709148719290,Current,2022-03-27,Low,0.0,0
ACC02835,Udant Vig,keyapalan@example.com,9789681266699,Savings,2021-11-29,Low,0.0,0
ACC02836,Lekha Dugar,rsethi@example.org,6574865977597,Savings,2023-04-16,Low,0.0,0
ACC02837,Radha Subramaniam,yashicababu@example.org,5068233733934,Business,2022-03-18,Low,0.0,0
ACC02838,Barkha Chander,radhatara@example.net,5707385460521,Wallet,2023-06-11,Low,0.0,0
ACC02839,Shivansh Deshmukh,kotharitejas@example.org,8789288022955,Wallet,2023-11-08,Low,0.0,0
ACC02840,Mitali Kamdar,valatanveer@example.com,7991906231543,Current,2023-09-07,Low,0.0,0
ACC02841,Chaaya Brar,dmukherjee@example.org,8671172498596,Current,2022-03-23,Low,0.0,1
ACC02842,Aahana Jaggi,yprakash@example.net,9416267240896,Business,2023-02-02,Low,0.0,0
ACC02843,Waida Bhandari,koshyluke@example.org,6670191871710,Savings,2023-07-13,Low,0.0,0
ACC02844,Gauri Dutt,sonifarhan@example.net,2213189605034,Wallet,2022-05-12,Low,0.0,0
ACC02845,Ikbal Chana,skhanna@example.org,4146554512335,Savings,2022-11-21,Low,0.0,0
ACC02846,Falan Sachdeva,gagan56@example.com,0363386486500,Current,2023-12-22,Low,0.0,0
ACC02847,Chaitaly Lala,eshanagola@example.com,1916536470669,Savings,2022-05-15,Low,0.0,0
ACC02848,Varsha Sunder,johalalka@example.org,5244864915350,Business,2022-01-26,Low,0.0,0
ACC02849,Alka Hegde,faqid84@example.org,3929465132710,Current,2022-12-16,Low,0.0,0
ACC02850,Chandani Chawla,pushtimammen@example.org,7098192050916,Savings,2023-04-21,Low,0.0,0
ACC02851,William Doshi,mahikadatta@example.com,2865711924912,Current,2022-08-07,Low,0.0,0
ACC02852,Aarnav Bala,pghose@example.net,8392451679177,Savings,2022-01-28,Low,0.0,0
ACC02853,Jason Sarkar,swamyfrederick@example.org,2923359133531,Wallet,2021-11-14,Low,0.0,0
ACC02854,Yug Pandey,tganesh@example.net,2450409414771,Savings,2023-10-31,Low,0.0,1
ACC02855,Noah Wali,farasyadav@example.net,4468216362970,Wallet,2022-03-11,Low,0.0,0
ACC02856,Raagini Mane,jkashyap@example.net,3224263783681,Current,2022-01-12,Low,0.0,1
ACC02857,Harini Krishnamurthy,memonhema@example.org,8475904474176,Savings,2023-08-25,Low,0.0,0
ACC02858,Tanish Mahajan,faras05@example.com,0652532932444,Business,2023-05-07,Low,0.0,0
ACC02859,Arunima Prasad,pillayeiravati@example.org,7547281570662,Wallet,2022-06-08,Low,0.0,1
ACC02860,Aadi Chawla,lghose@example.org,3771494872484,Wallet,2021-09-28,Low,0.0,1
ACC02861,Pushti Dada,orinder83@example.org,6820808207809,Business,2021-12-11,Low,0.0,0
ACC02862,Onveer Banik,ishanigoel@example.net,0942354791302,Current,2023-12-10,Low,0.0,0
ACC02863,Kalpit Apte,divyachadha@example.org,2279825799883,Business,2022-12-30,Low,0.0,0
ACC02864,Zashil Kakar,raaginibandi@example.org,2408077003781,Current,2023-04-19,Low,0.0,0
ACC02865,Hitesh Palan,raghavanfalak@example.org,6088895920851,Savings,2022-08-22,Low,0.0,0
ACC02866,Frado Grover,yashvisaha@example.com,0999749411715,Business,2022-06-07,Low,0.0,0
ACC02867,Wahab Ravi,xiti73@example.com,5901259968483,Wallet,2022-06-24,Low,0.0,0
ACC02868,Veer Deshmukh,qzachariah@example.com,1542959957194,Business,2023-06-20,Low,0.0,0
ACC02869,Watika Behl,sibalgaurang@example.net,0353363592172,Current,2022-06-23,Low,0.0,1
ACC02870,Amaira Apte,gabriel55@example.net,6314387061154,Wallet,2023-02-03,Low,0.0,1
ACC02871,Jack Chowdhury,aahana91@example.net,6595173366648,Business,2023-03-25,Low,0.0,0
ACC02872,Arya Kapoor,kamdarshravya@example.com,0198011063822,Current,2023-10-22,Low,0.0,0
ACC02873,Anika Keer,leenapalan@example.com,1898197855179,Current,2022-09-27,Low,0.0,0
ACC02874,Hiral Mane,nandinibaria@example.net,4594893049408,Wallet,2021-09-13,Low,0.0,0
ACC02875,Ekaraj Bandi,sahaeshana@example.com,9833316792664,Wallet,2022-06-25,Low,0.0,0
ACC02876,Wazir Bava,apalan@example.com,6408106710917,Wallet,2022-09-23,Low,0.0,1
ACC02877,Kala Chaudhari,nandanicholas@example.org,5374945583931,Savings,2021-10-28,Low,0.0,1
ACC02878,Radhika Rajan,aahana93@example.com,8126888107863,Business,2021-12-10,Low,0.0,0
ACC02879,Daniel Buch,obaral@example.org,7817623255881,Current,2023-12-12,Low,0.0,1
ACC02880,Jackson Gandhi,asheth@example.org,1807844246760,Wallet,2021-10-28,Low,0.0,0
ACC02881,Aachal Dewan,sachi65@example.com,2544584795196,Current,2023-02-06,Low,0.0,0
ACC02882,Aachal Badami,lallaayaan@example.net,5444962521653,Savings,2022-02-25,Low,0.0,1
ACC02883,Teerth Bava,yraval@example.net,7524420315799,Business,2023-06-20,Low,0.0,0
ACC02884,Aditya Ravel,dominic12@example.com,0778363509680,Business,2021-11-07,Low,0.0,0
ACC02885,Liam Dhingra,wdar@example.com,2393526017726,Current,2022-04-13,Low,0.0,1
ACC02886,Gautami Tiwari,janijoshua@example.com,3542701823320,Wallet,2023-02-04,Low,0.0,1
ACC02887,Ojas Nair,calebmajumdar@example.net,7407185331156,Business,2022-03-15,Low,0.0,0
ACC02888,Yashica Kannan,oeshi28@example.com,3184833649215,Wallet,2023-09-09,Low,0.0,1
ACC02889,Oeshi Kulkarni,unni16@example.com,9303221688070,Savings,2022-07-14,Low,0.0,0
ACC02890,Yauvani Dugal,nattgayathri@example.com,1251218833401,Savings,2023-11-17,Low,0.0,0
ACC02891,Elijah Modi,hema57@example.com,9625367117120,Current,2023-07-02,Low,0.0,1
ACC02892,Dalaja Peri,hloyal@example.net,5659230022422,Savings,2023-06-08,Low,0.0,1
ACC02893,Shivani Chand,trajan@example.org,3519997211152,Savings,2022-08-21,Low,0.0,0
ACC02894,Riya Anand,christophersama@example.com,4201173101091,Current,2023-09-21,Low,0.0,1
ACC02895,Adweta Ramanathan,bavagarima@example.org,4956686510389,Savings,2022-05-26,Low,0.0,1
ACC02896,Shivansh Sodhi,krishnasharaf@example.net,9290253244888,Business,2022-02-26,Low,0.0,0
ACC02897,Vyanjana Rout,dparikh@example.com,5439592891463,Business,2022-07-11,Low,0.0,0
ACC02898,Ojas Merchant,warjas47@example.com,1608478182223,Wallet,2023-11-11,Low,0.0,0
ACC02899,Anika Mann,sudiksha48@example.com,6944514215729,Wallet,2023-05-19,Low,0.0,0
ACC02900,Aahana Deo,ebhakta@example.org,3914382764612,Savings,2023-12-18,Low,0.0,1
ACC02901,Indira Naidu,jeevika25@example.net,3720677309780,Current,2022-02-28,Low,0.0,0
ACC02902,Tanay Kumer,krana@example.org,5391919382891,Business,2021-08-31,Low,0.0,0
ACC02903,Ekani Arya,nkeer@example.net,8550506815114,Savings,2022-09-08,Low,0.0,0
ACC02904,Kiaan Sharma,megha62@example.org,6272438144565,Savings,2022-12-27,Low,0.0,1
ACC02905,Amrita Sethi,samar01@example.com,6338455450122,Business,2021-09-11,Low,0.0,0
ACC02906,Ethan Verma,harish31@example.org,5930898930922,Wallet,2021-10-09,Low,0.0,0
ACC02907,Balveer Gala,ekapad76@example.com,0683828266740,Savings,2021-09-09,Low,0.0,0
ACC02908,Abhimanyu Srivastava,ukant@example.net,9625959012135,Wallet,2022-07-08,Low,0.0,0
ACC02909,Ranbir Ben,edwinhamsini@example.org,3646693706756,Savings,2021-12-10,Low,0.0,0
ACC02910,Bina Bajaj,gabrielloyal@example.net,2119457205553,Savings,2021-08-29,Low,0.0,1
ACC02911,Harrison Ranganathan,indira50@example.org,9450583607228,Wallet,2023-10-13,Low,0.0,0
ACC02912,Ryan Doctor,grama@example.net,1065285443052,Current,2022-07-18,Low,0.0,0
ACC02913,Pavani Chauhan,girish63@example.net,0727420050294,Savings,2023-09-19,Low,0.0,1
ACC02914,Saanvi Karan,usom@example.net,0485915905424,Current,2022-07-05,Low,0.0,0
ACC02915,Barkha Basu,henry47@example.org,0887795156992,Business,2023-06-20,Low,0.0,1
ACC02916,Ishwar Iyengar,obandi@example.org,8840476330994,Current,2022-07-11,Low,0.0,0
ACC02917,Harish Mody,murthyquincy@example.net,2767741653746,Current,2022-05-27,Low,0.0,0
ACC02918,Ridhi Oza,rjha@example.com,6436111685952,Current,2022-06-08,Low,0.0,1
ACC02919,Ekavir Talwar,saniwakeeta@example.com,8256343251011,Business,2021-11-27,Low,0.0,0
ACC02920,Noah Virk,jacobloyal@example.net,4101120174748,Savings,2021-11-07,Low,0.0,0
ACC02921,Dhriti Soman,lchar@example.com,3802124582470,Wallet,2022-02-09,Low,0.0,1
ACC02922,Wishi Bassi,triyavarughese@example.net,7436425424702,Business,2022-01-11,Low,0.0,1
ACC02923,Hritik Nagar,mohini66@example.net,0729722318708,Business,2023-09-16,Low,0.0,0
ACC02924,Wridesh Joshi,aradhana53@example.net,5082903856980,Current,2021-10-11,Low,0.0,0
ACC02925,Chavvi Mallick,dubeshravya@example.net,6268494147904,Current,2022-06-16,Low,0.0,0
ACC02926,Tamanna Narain,palwahab@example.com,6060823820002,Business,2022-08-02,Low,0.0,0
ACC02927,Abhiram Sama,odewan@example.com,5530922221288,Wallet,2022-02-26,Low,0.0,1
ACC02928,Mohini Bail,ekajayadav@example.org,2327234424160,Current,2022-07-03,Low,0.0,1
ACC02929,Finn Kumar,ojas23@example.net,2284661999710,Business,2023-01-05,Low,0.0,1
ACC02930,Yashodhara Ratta,mananchoudhry@example.org,7521455447227,Wallet,2022-06-16,Low,0.0,1
ACC02931,Charan Lalla,xlall@example.com,2597303748508,Wallet,2021-08-18,Low,0.0,0
ACC02932,Raksha Luthra,maanavbedi@example.org,0830773667585,Wallet,2022-11-04,Low,0.0,0
ACC02933,Vidhi Chander,upadhriti33@example.org,3837902389405,Business,2021-09-07,Low,0.0,0
ACC02934,Bimala Shanker,ncheema@example.org,8120796248099,Wallet,2022-04-17,Low,0.0,1
ACC02935,Nathan Dutta,kiaan75@example.com,7372017011755,Current,2022-06-03,Low,0.0,0
ACC02936,Mahika Sha,emenon@example.org,1067444998907,Current,2022-12-12,Low,0.0,0
ACC02937,Mohini Sura,vvenkataraman@example.net,3024923008334,Wallet,2022-12-28,Low,0.0,0
ACC02938,Varsha Dara,dhriti03@example.net,0380354313731,Business,2022-09-29,Low,0.0,1
ACC02939,Kala Balakrishnan,yutika81@example.net,5997322927809,Business,2023-12-31,Low,0.0,1
ACC02940,Wahab Zacharia,kkade@example.org,6204678630381,Savings,2023-03-15,Low,0.0,0
ACC02941,Ekansh Kurian,csrinivasan@example.com,9864449118510,Savings,2022-07-19,Low,0.0,0
ACC02942,Hemal Lall,riagill@example.com,7301808725842,Current,2023-02-25,Low,0.0,1
ACC02943,Amol Deep,vaishnavigole@example.com,2152723114341,Savings,2023-02-27,Low,0.0,0
ACC02944,Leela Kaur,omishashere@example.com,9727771984605,Current,2023-05-26,Low,0.0,0
ACC02945,Charvi Ramesh,ria40@example.net,8348698716462,Wallet,2023-12-09,Low,0.0,0
ACC02946,Girik Tank,yhans@example.org,3908110007783,Wallet,2022-06-13,Low,0.0,0
ACC02947,Zarna Dugar,ejani@example.net,1987032250819,Current,2023-09-26,Low,0.0,0
ACC02948,Vihaan Doctor,vaishnavikuruvilla@example.net,5454472787924,Savings,2022-09-16,Low,0.0,0
ACC02949,Raksha Sharaf,shahdevika@example.org,6867994206137,Wallet,2023-07-25,Low,0.0,0
ACC02950,Noah Halder,fprashad@example.net,5930878790912,Current,2023-04-04,Low,0.0,0
ACC02951,Patrick Butala,nidrakalla@example.com,5671026225193,Wallet,2022-05-14,Low,0.0,1
ACC02952,Edhitha Saini,yashicamani@example.com,7282840125200,Current,2023-05-07,Low,0.0,0
ACC02953,Yatan Grewal,boasenaksh@example.net,2479666783031,Wallet,2021-09-22,Low,0.0,0
ACC02954,Omkaar Lata,kalitavaishnavi@example.com,3768481419679,Wallet,2023-09-28,Low,0.0,1
ACC02955,Bina Narain,dubeaarnav@example.net,9653851940568,Business,2022-05-28,Low,0.0,0
ACC02956,Idika Kala,chatura10@example.com,2879972257502,Current,2021-12-10,Low,0.0,0
ACC02957,Gayathri Kothari,dugarqasim@example.com,5449550307958,Savings,2021-12-21,Low,0.0,1
ACC02958,Ganga Krishnamurthy,csingh@example.org,9677839075163,Wallet,2021-10-11,Low,0.0,0
ACC02959,Nandini Sandhu,nidhisubramanian@example.net,0990737229176,Business,2023-07-07,Low,0.0,0
ACC02960,Alexander Kalla,sbiswas@example.net,4402919565058,Business,2021-09-07,Low,0.0,1
ACC02961,Charita Bobal,praneel28@example.org,6022935117486,Savings,2022-05-01,Low,0.0,0
ACC02962,Ojasvi Kibe,pallazehaan@example.com,7043517593172,Wallet,2023-11-23,Low,0.0,1
ACC02963,Dominic Bandi,eta63@example.net,4796126508899,Business,2023-10-12,Low,0.0,0
ACC02964,Jagvi Nayak,robert79@example.net,8816680965119,Savings,2021-11-02,Low,0.0,0
ACC02965,Bhavika Mitter,yhari@example.org,7785457477060,Wallet,2023-01-09,Low,0.0,0
ACC02966,Harinakshi Tripathi,devikazachariah@example.com,4327541156527,Business,2022-10-31,Low,0.0,0
ACC02967,Charan Chad,leela26@example.com,8052792008546,Savings,2021-07-24,Low,0.0,0
ACC02968,Harsh Sami,nilima06@example.net,4932375583883,Current,2021-11-26,Low,0.0,0
ACC02969,Utkarsh Chakraborty,yuvraj25@example.com,9282066653479,Savings,2022-03-22,Low,0.0,1
ACC02970,Gagan Banerjee,bailmax@example.net,0003266617808,Business,2023-11-06,Low,0.0,0
ACC02971,Aahana Morar,ramanmaanas@example.com,6502942501229,Wallet,2022-07-13,Low,0.0,0
ACC02972,Janaki Jaggi,samaksh75@example.net,7197661624293,Savings,2023-02-08,Low,0.0,0
ACC02973,Aryan Choudhary,somchaitanya@example.org,7446083486491,Current,2023-01-31,Low,0.0,0
ACC02974,Ekiya Andra,gjain@example.org,3153497621741,Current,2023-07-28,Low,0.0,0
ACC02975,Timothy Sethi,henry41@example.com,8668982397327,Savings,2022-02-10,Low,0.0,0
ACC02976,Azad Dutta,odika35@example.com,0121991499525,Business,2022-10-01,Low,0.0,0
ACC02977,Gayathri Pau,abhimanyuchacko@example.net,5497059445991,Savings,2023-05-18,Low,0.0,1
ACC02978,Dhriti Divan,agrawallaksh@example.org,8870713604212,Business,2023-03-10,Low,0.0,1
ACC02979,Abeer Bandi,nikita87@example.net,5210084865425,Business,2023-08-02,Low,0.0,1
ACC02980,Rachita Varughese,ldhar@example.org,5441710567392,Current,2023-01-21,Low,0.0,0
ACC02981,Nisha Bali,yandra@example.com,2358389517520,Savings,2022-08-31,Low,0.0,1
ACC02982,Ucchal Subramanian,baraldamini@example.net,0762732553827,Savings,2022-06-18,Low,0.0,0
ACC02983,Tarak Kaur,meghaedwin@example.org,0634837323014,Business,2023-04-07,Low,0.0,1
ACC02984,Aahana Samra,xpatla@example.org,8095418520397,Savings,2022-11-18,Low,0.0,0
ACC02985,Caleb Dara,majumdaranamika@example.org,0509809934096,Business,2021-10-30,Low,0.0,0
ACC02986,Christopher Wadhwa,graval@example.com,5584225277685,Current,2021-11-11,Low,0.0,0
ACC02987,Gautami Peri,tmemon@example.org,7750193252674,Current,2022-08-26,Low,0.0,1
ACC02988,Laksh Grover,gautamsamra@example.com,9523814987142,Current,2022-08-19,Low,0.0,0
ACC02989,Tristan Nadkarni,ctara@example.net,1240493863623,Business,2022-03-04,Low,0.0,0
ACC02990,Vritti Nigam,samar37@example.org,7763065858276,Current,2022-06-05,Low,0.0,0
ACC02991,Charita Rama,paivrishti@example.org,3785814429836,Current,2023-04-27,Low,0.0,0
ACC02992,Nimrat Contractor,sharmadhriti@example.org,6115551074981,Savings,2023-04-03,Low,0.0,0
ACC02993,Lakshmi Chawla,pradhanayaan@example.org,1872970126831,Business,2023-02-03,Low,0.0,0
ACC02994,Nidra Ganguly,quincy06@example.org,1169769054352,Savings,2023-09-07,Low,0.0,0
ACC02995,Jeremiah Bhavsar,sara19@example.net,2327107325759,Business,2022-10-24,Low,0.0,0
ACC02996,Jai Golla,balendrajain@example.com,5643172104631,Wallet,2023-01-09,Low,0.0,0
ACC02997,Libni Sha,bhavsarwarda@example.net,5054459318131,Current,2023-02-06,Low,0.0,0
ACC02998,Jagrati Master,kaggarwal@example.net,3413505407647,Wallet,2022-05-02,Low,0.0,0
ACC02999,Leena De,rehaan68@example.net,3145394807207,Savings,2021-11-03,Low,0.0,0
ACC03000,Idika Vasa,forum84@example.org,2277602180667,Wallet,2023-07-11,Low,0.0,0
ACC03001,Gautami Goel,whanda@example.net,4451906774210,Wallet,2022-04-09,Low,0.0,1
ACC03002,Alexander Sagar,aradhanamerchant@example.org,1084257542373,Business,2022-04-02,Low,0.0,0
ACC03003,Shivansh Kuruvilla,tdass@example.net,8983225350227,Current,2022-10-06,Low,0.0,0
ACC03004,Advika Randhawa,hansvictor@example.net,7137058775222,Savings,2021-09-15,Low,0.0,1
ACC03005,Naveen Bath,modyadvik@example.net,3420338738453,Current,2023-06-10,Low,0.0,1
ACC03006,Bachittar Bhagat,gunbirmurthy@example.net,3836669436586,Wallet,2023-07-25,Low,0.0,0
ACC03007,Ekavir Srinivasan,ishaan34@example.com,5329677375942,Savings,2023-09-07,Low,0.0,0
ACC03008,Gaurang Thakur,zchopra@example.com,3342809115416,Savings,2023-04-27,Low,0.0,1
ACC03009,Chakrika Shetty,wahluwalia@example.com,9114065476512,Current,2021-07-25,Low,0.0,1
ACC03010,Vasudha Mahal,shankerishanvi@example.org,1383456293349,Wallet,2023-12-17,Low,0.0,0
ACC03011,Pahal Narayanan,nattmitesh@example.org,0947605967656,Wallet,2022-01-20,Low,0.0,1
ACC03012,Oliver Mahajan,victormisra@example.com,4679693892529,Savings,2023-02-22,Low,0.0,0
ACC03013,Bhavini Kapur,wkala@example.com,9083116867447,Business,2022-09-05,Low,0.0,0
ACC03014,Shravya Iyengar,aarushshankar@example.org,1694418269718,Savings,2023-01-26,Low,0.0,0
ACC03015,Dakshesh Comar,vedant98@example.net,4054191999498,Current,2021-12-04,Low,0.0,0
ACC03016,Jairaj Das,kmani@example.com,4227404512285,Current,2023-06-06,Low,0.0,1
ACC03017,Triveni Balan,bawawarinder@example.com,4318910049246,Wallet,2022-06-18,Low,0.0,1
ACC03018,Jai Dora,aashi99@example.net,2631508108667,Business,2022-04-03,Low,0.0,0
ACC03019,Amrita Dayal,saumya90@example.org,4064282359848,Current,2022-01-19,Low,0.0,0
ACC03020,Mitali Brar,wmandal@example.net,1212349605937,Savings,2022-12-11,Low,0.0,1
ACC03021,Manya Dhingra,odhar@example.com,6436113887057,Savings,2023-04-14,Low,0.0,0
ACC03022,Rachana Edwin,widisha54@example.net,0096461469948,Current,2023-10-31,Low,0.0,1
ACC03023,Yauvani Pandey,hbasu@example.com,8586778953249,Wallet,2023-06-09,Low,0.0,0
ACC03024,Gayathri Kale,benjaminkaran@example.net,1999326038615,Wallet,2023-11-07,Low,0.0,0
ACC03025,Bhavika Deo,mayawarrior@example.org,8037171865880,Business,2022-03-01,Low,0.0,0
ACC03026,Bhavani Rau,dinbalveer@example.com,5456566363638,Savings,2023-10-24,Low,0.0,0
ACC03027,Sathvik Dhar,patrickkade@example.org,2103799820487,Business,2022-02-23,Low,0.0,0
ACC03028,Wishi Batra,ghoshvincent@example.org,7937759012929,Wallet,2022-02-21,Low,0.0,0
ACC03029,Mohammed Bajwa,kaurshaurya@example.com,4574085074911,Wallet,2021-07-29,Low,0.0,0
ACC03030,Nachiket Yohannan,ronithsabharwal@example.net,4938268313800,Savings,2023-12-12,Low,0.0,0
ACC03031,Zaid Hora,radhashah@example.net,6140476194561,Wallet,2021-07-26,Low,0.0,0
ACC03032,Hritik Tiwari,bordeadvay@example.com,2922319789589,Business,2023-05-09,Low,0.0,0
ACC03033,Manan Barman,baradzarna@example.net,0723227478301,Business,2022-07-29,Low,0.0,1
ACC03034,Amara Dasgupta,upadhyaysamar@example.com,4253742494178,Savings,2023-02-11,Low,0.0,0
ACC03035,Adya Soman,jbassi@example.org,8310915719104,Business,2024-06-19,Low,0.0,1
ACC03036,Sai Gill,dayitachana@example.org,4250596310626,Savings,2023-06-24,Low,0.0,0
ACC03037,Baghyawati Bhatti,ysidhu@example.com,1768729620429,Current,2022-08-06,Low,0.0,0
ACC03038,Jeevika Chakrabarti,chanderdayamai@example.org,0825923065117,Business,2022-06-05,Low,0.0,1
ACC03039,Naveen Nair,nagarajanmax@example.net,0496054690508,Savings,2023-11-21,Low,0.0,1
ACC03040,Gaurika Chahal,qatwal@example.org,4730878875263,Current,2022-07-07,Low,0.0,0
ACC03041,Noah Vig,chakrika13@example.org,5802103770023,Wallet,2023-01-24,Low,0.0,0
ACC03042,Eesha Dewan,gangabajwa@example.com,7415708832860,Business,2022-11-24,Low,0.0,1
ACC03043,Gopal Rai,muniumang@example.com,3491892455746,Current,2023-12-13,Low,0.0,0
ACC03044,Viraj Hayre,dakshmagar@example.org,0581815853506,Wallet,2022-01-30,Low,0.0,1
ACC03045,Max Patel,majumdardev@example.net,3733312938655,Wallet,2023-01-02,Low,0.0,1
ACC03046,Harita Bhargava,lakshandra@example.net,5384792795132,Wallet,2023-05-04,Low,0.0,0
ACC03047,Meghana Nanda,gulatikala@example.net,4612014079834,Wallet,2021-09-21,Low,0.0,1
ACC03048,Abdul Sengupta,zborra@example.net,0108317349963,Savings,2022-03-31,Low,0.0,0
ACC03049,Girish Pillai,timothy39@example.com,3175286122400,Wallet,2021-07-15,Low,0.0,1
ACC03050,Krish Munshi,wakeetanatt@example.net,8350022874089,Business,2021-09-18,Low,0.0,0
ACC03051,Kamya Sura,laban35@example.org,2642149288416,Savings,2022-06-11,Low,0.0,0
ACC03052,Arya Mangal,psidhu@example.net,7969392055157,Wallet,2023-05-15,Low,0.0,0
ACC03053,Zayan Pant,vihaanapte@example.com,4948159882687,Current,2023-01-16,Low,0.0,0
ACC03054,Bishakha Kannan,waidajhaveri@example.org,0290300810391,Business,2022-02-27,Low,0.0,0
ACC03055,Jack Mistry,swamyhemangini@example.com,8621634844305,Current,2023-10-03,Low,0.0,0
ACC03056,Charvi Lal,wnayar@example.org,3828881613719,Business,2022-07-16,Low,0.0,1
ACC03057,Yutika Wason,swaminathanupkaar@example.org,1463554284686,Current,2022-10-30,Low,0.0,1
ACC03058,Sachi Goel,kadakiaojas@example.org,2270494327402,Current,2022-05-24,Low,0.0,1
ACC03059,Ira Oza,pranit45@example.net,2331081854805,Current,2022-10-21,Low,0.0,1
ACC03060,Zehaan Keer,urvikar@example.com,9099447181324,Wallet,2022-04-21,Low,0.0,0
ACC03061,Niharika Doctor,manenilima@example.org,3547337025556,Wallet,2022-09-28,Low,0.0,0
ACC03062,Bina Dar,ishwar57@example.com,8074922396652,Current,2023-06-03,Low,0.0,1
ACC03063,Henry Lad,acharyayauvani@example.org,4574565992507,Current,2022-05-16,Low,0.0,0
ACC03064,Ranveer Karan,akashyap@example.com,5371214630700,Current,2021-07-31,Low,0.0,1
ACC03065,Samuel Bail,onveer86@example.org,3102655747449,Current,2023-02-18,Low,0.0,0
ACC03066,Meghana Ramaswamy,ukari@example.org,6083402897409,Current,2022-10-17,Low,0.0,1
ACC03067,Samar Lata,emammen@example.net,5395621542626,Current,2022-02-28,Low,0.0,1
ACC03068,Finn Vora,nimratsridhar@example.org,3619166732217,Current,2023-02-09,Low,0.0,1
ACC03069,Ikshita Malhotra,misraalka@example.com,2045337697916,Savings,2022-06-09,Low,0.0,0
ACC03070,Triveni Rastogi,anjalikonda@example.net,0630079823389,Savings,2023-06-26,Low,0.0,0
ACC03071,Urvi Tella,qjayaraman@example.net,6392118781626,Wallet,2021-08-24,Low,0.0,0
ACC03072,Raksha Kannan,jackson05@example.net,3446850094794,Current,2021-12-17,Low,0.0,0
ACC03073,Nihal Kaur,ychaudhary@example.com,9087929686367,Savings,2021-11-08,Low,0.0,0
ACC03074,Prisha Kashyap,orajan@example.com,7360075504084,Wallet,2022-11-03,Low,0.0,1
ACC03075,Rohan Uppal,xitibehl@example.org,7528207907798,Business,2023-02-24,Low,0.0,0
ACC03076,Jatin Varty,kashvisachdeva@example.net,6640280280222,Business,2021-11-28,Low,0.0,0
ACC03077,Chaitaly Rama,schacko@example.com,1758666265704,Wallet,2023-07-29,Low,0.0,0
ACC03078,Sai Hegde,rudravig@example.com,9912691764985,Current,2023-09-13,Low,0.0,0
ACC03079,Sai Minhas,sachikadakia@example.com,0705472092646,Current,2023-06-25,Low,0.0,0
ACC03080,Lucky Sachar,ekrishnamurthy@example.org,6680731001797,Savings,2021-11-11,Low,0.0,0
ACC03081,Neelima Rajagopal,benpraneel@example.org,0364238223552,Wallet,2022-04-20,Low,0.0,0
ACC03082,Ayushman Mukhopadhyay,gandhiabha@example.com,2120254094113,Current,2022-04-30,Low,0.0,0
ACC03083,Gauri Lal,nathaniel55@example.org,6569836495092,Current,2023-05-09,Low,0.0,1
ACC03084,Manbir Vaidya,rprabhakar@example.com,0314306143288,Savings,2022-12-29,Low,0.0,0
ACC03085,Bimala Sethi,bailoeshi@example.net,8923710449071,Savings,2022-01-26,Low,0.0,1
ACC03086,Udant Sami,panini89@example.org,8878580391277,Business,2023-08-16,Low,0.0,1
ACC03087,Gayathri Halder,enatarajan@example.net,3429703977338,Business,2022-01-01,Low,0.0,0
ACC03088,Azaan Krishnan,kundarishi@example.org,9441042320086,Wallet,2024-02-19,Low,0.0,1
ACC03089,Keya Ghosh,udantlad@example.net,8193421147467,Business,2022-08-15,Low,0.0,1
ACC03090,Vidhi Kanda,edhithachad@example.net,1561731243219,Business,2023-08-13,Low,0.0,0
ACC03091,Mitesh Krishnan,hrastogi@example.com,0353005684172,Current,2023-06-17,Low,0.0,0
ACC03092,Shivansh Madan,ramanvritti@example.com,1326301508922,Current,2023-11-28,Low,0.0,1
ACC03093,Chaitanya Doshi,faqidkapur@example.org,0450386072943,Business,2021-11-09,Low,0.0,1
ACC03094,Nirja Dewan,xguha@example.com,1295197285586,Savings,2023-03-30,Low,0.0,0
ACC03095,Wyatt Dar,pbaral@example.org,8634876561280,Business,2023-05-18,Low,0.0,0
ACC03096,Ijaya Nadkarni,jeetcheema@example.org,3161566785971,Current,2021-11-16,Low,0.0,1
ACC03097,Amrita Bora,demanan@example.net,0423852479655,Current,2023-10-25,Low,0.0,0
ACC03098,Isha Bassi,ekantika48@example.net,9806904398788,Current,2022-10-08,Low,0.0,0
ACC03099,Daksha Mammen,randhawabalvan@example.org,9095940521989,Business,2022-01-26,Low,0.0,0
ACC03100,Rachit Acharya,fshroff@example.org,8815302933367,Wallet,2021-07-27,Low,0.0,0
ACC03101,Darsh Pai,wakeetadeshpande@example.com,8412791325332,Business,2023-04-23,Low,0.0,0
ACC03102,Zinal Upadhyay,anay41@example.com,7422121154448,Business,2022-11-12,Low,0.0,0
ACC03103,Alexander Dhingra,nikita10@example.net,6810713779730,Savings,2022-04-18,Low,0.0,1
ACC03104,Girish Mitter,canne@example.org,2040324044012,Business,2021-12-24,Low,0.0,1
ACC03105,Sai Oommen,pjha@example.com,6145501290431,Wallet,2022-11-23,Low,0.0,0
ACC03106,Radhika Yadav,dsangha@example.com,6469836332094,Savings,2022-07-16,Low,0.0,0
ACC03107,Niharika Tripathi,rayaan19@example.net,8701461870273,Savings,2022-09-25,Low,0.0,1
ACC03108,Amaira Ramakrishnan,xyohannan@example.org,4642508823243,Business,2021-09-06,Low,0.0,0
ACC03109,Rachana Mody,nswaminathan@example.org,7249292133240,Savings,2021-07-16,Low,0.0,1
ACC03110,Ekbal Varughese,zmani@example.org,6927450569582,Current,2022-07-18,Low,0.0,1
ACC03111,Fiyaz Sanghvi,iyengararadhana@example.org,2580256219747,Business,2021-12-09,Low,0.0,0
ACC03112,Champak Mistry,dalbir42@example.com,4265626160464,Savings,2022-06-08,Low,0.0,0
ACC03113,Avi Bala,tdyal@example.com,6053139783747,Business,2022-07-21,Low,0.0,1
ACC03114,Ladli Kapur,usodhi@example.com,4242784128761,Savings,2023-06-20,Low,0.0,1
ACC03115,Yamini Dhillon,kcherian@example.com,7999481940681,Wallet,2022-10-07,Low,0.0,1
ACC03116,Tara Palan,uchana@example.org,0867325868481,Business,2023-02-23,Low,0.0,1
ACC03117,Kritika Dutta,triveni16@example.com,9386512054152,Wallet,2022-09-15,Low,0.0,1
ACC03118,Veda Thaker,dmistry@example.com,1696202336270,Current,2022-10-25,Low,0.0,0
ACC03119,Kamya Kohli,joshiurmi@example.net,6235435129045,Wallet,2022-04-13,Low,0.0,1
ACC03120,Theodore Pandya,lakshit40@example.com,0451066605880,Savings,2022-01-24,Low,0.0,0
ACC03121,Naksh Lal,yahvichada@example.com,2257021168660,Current,2022-09-13,Low,0.0,1
ACC03122,Qabil Vohra,kurianyashawini@example.net,5691781548361,Business,2023-09-30,Low,0.0,0
ACC03123,Diya Khurana,tristanpurohit@example.com,4934743034267,Savings,2023-06-30,Low,0.0,1
ACC03124,Harita Randhawa,gbhattacharyya@example.com,6816096405787,Current,2022-11-24,Low,0.0,1
ACC03125,Omisha Bala,sinhanakul@example.net,1473074802797,Business,2023-02-03,Low,0.0,1
ACC03126,Watika Jain,choudhuryprisha@example.net,6521745658988,Business,2023-12-06,Low,0.0,0
ACC03127,Rohan Sampath,chavvi38@example.org,8414579557381,Current,2022-09-23,Low,0.0,0
ACC03128,Panini Seth,hdeep@example.org,6130232763916,Current,2022-09-22,Low,0.0,0
ACC03129,Xalak Jhaveri,hramaswamy@example.com,5964718175340,Savings,2023-04-19,Low,0.0,0
ACC03130,Hritik Sastry,ishaan17@example.com,3440602109162,Wallet,2022-01-22,Low,0.0,1
ACC03131,Ojasvi Saini,xgaba@example.com,3226373196824,Current,2021-12-26,Low,0.0,0
ACC03132,Osha Tella,datechakradhar@example.org,7897267156914,Savings,2023-09-29,Low,0.0,0
ACC03133,Alexander Bora,siddharthkumer@example.net,4164607150066,Savings,2022-01-07,Low,0.0,0
ACC03134,Noah Narula,chandreshbalay@example.com,5786859222200,Business,2022-03-22,Low,0.0,0
ACC03135,Hiral Sridhar,pmohan@example.org,4201803420687,Wallet,2023-10-05,Low,0.0,1
ACC03136,Ekansh Tata,mandpushti@example.com,0817962116712,Business,2021-12-17,Low,0.0,1
ACC03137,Banjeet Lanka,goza@example.org,5998016658136,Current,2022-12-09,Low,0.0,1
ACC03138,Nihal Ganesh,balvanpuri@example.org,2130509639947,Business,2023-11-17,Low,0.0,0
ACC03139,Chaitaly Wagle,latamekhala@example.org,4740794344417,Current,2023-01-22,Low,0.0,0
ACC03140,Krisha Sanghvi,mchakraborty@example.com,1323929501976,Current,2023-07-18,Low,0.0,0
ACC03141,Balveer Hari,harshramanathan@example.com,8726705119388,Current,2023-07-01,Low,0.0,0
ACC03142,David Badami,harita81@example.com,2919304201859,Savings,2022-10-28,Low,0.0,1
ACC03143,Inaya Dutta,hkaran@example.org,6567224128650,Wallet,2023-02-18,Low,0.0,0
ACC03144,Zaitra Muni,bhagatgopal@example.net,9922249244406,Business,2023-03-11,Low,0.0,1
ACC03145,Frederick Pai,kabirdesai@example.org,6486183825591,Current,2023-09-02,Low,0.0,1
ACC03146,Theodore Goda,contractorvasudha@example.org,5605182080861,Current,2023-06-07,Low,0.0,1
ACC03147,Yochana Agate,mchoudhry@example.com,8473242057036,Savings,2022-04-03,Low,0.0,1
ACC03148,Kavya Grover,vanya07@example.net,7929046998117,Wallet,2023-12-19,Low,0.0,0
ACC03149,Frederick Kari,lbehl@example.net,1671672702241,Business,2022-08-09,Low,0.0,0
ACC03150,Noah Sahni,gunbirbabu@example.net,0832091431938,Business,2022-06-23,Low,0.0,1
ACC03151,Ekalinga Narayan,gautambiswas@example.net,3073139729887,Savings,2022-04-18,Low,0.0,1
ACC03152,Shravya Shenoy,kadebanjeet@example.com,3876809007796,Business,2023-05-02,Low,0.0,0
ACC03153,Nakul Sharma,mbanerjee@example.com,2539913854131,Current,2022-05-08,Low,0.0,0
ACC03154,Advika Krishna,jairaj95@example.com,2334402588551,Business,2022-09-23,Low,0.0,0
ACC03155,Max Chauhan,achar@example.net,4853159964608,Business,2022-10-05,Low,0.0,0
ACC03156,Krish Nigam,xalak77@example.com,8817683532478,Savings,2022-04-25,Low,0.0,1
ACC03157,Isaac Apte,sanematthew@example.org,4469316815164,Savings,2023-04-25,Low,0.0,1
ACC03158,Anirudh Tak,madanarunima@example.com,9649230661901,Wallet,2022-04-06,Low,0.0,0
ACC03159,Anita Vasa,nihal52@example.com,7193064739087,Current,2023-11-11,Low,0.0,0
ACC03160,Reyansh Oak,neelmahajan@example.org,9513331695432,Current,2023-08-02,Low,0.0,0
ACC03161,Qadim Majumdar,wkanda@example.com,6978837772043,Savings,2022-03-03,Low,0.0,0
ACC03162,Jai Thakkar,lucky71@example.net,9656455392840,Wallet,2023-11-24,Low,0.0,0
ACC03163,Amaira Sur,tratti@example.net,4406689942532,Current,2021-08-09,Low,0.0,0
ACC03164,Mekhala Kata,balanethan@example.org,2139830200565,Savings,2022-02-16,Low,0.0,0
ACC03165,Nitesh Jain,adasgupta@example.net,1861913640695,Wallet,2023-01-26,Low,0.0,0
ACC03166,Jalsa Borra,chakradhar47@example.com,5031884974163,Savings,2023-11-11,Low,0.0,0
ACC03167,Nitesh Vyas,isha63@example.org,6023521792118,Savings,2022-10-31,Low,0.0,0
ACC03168,Ekaraj Kota,naiduethan@example.org,7190581479605,Current,2023-07-19,Low,0.0,0
ACC03169,Logan Kohli,balendrakumer@example.com,6885434645829,Wallet,2022-04-15,Low,0.0,1
ACC03170,Aarna Rau,vanshajohal@example.org,0030471662342,Current,2022-09-21,Low,0.0,0
ACC03171,Yug Batra,dassgaurav@example.net,0011295207818,Wallet,2023-11-25,Low,0.0,0
ACC03172,Brinda Chaudhari,libni56@example.com,7070437375143,Savings,2021-11-05,Low,0.0,0
ACC03173,Wriddhish Nagi,adya62@example.org,8476600974909,Wallet,2023-02-04,Low,0.0,0
ACC03174,Mitesh Rai,karakashvi@example.net,5141859400489,Wallet,2022-12-08,Low,0.0,0
ACC03175,Gautami Saran,krishnalibni@example.net,4495697755612,Savings,2021-11-15,Low,0.0,1
ACC03176,Bishakha Badal,bumbfalak@example.org,9040150762942,Business,2021-08-20,Low,0.0,0
ACC03177,Guneet Divan,sharaflaban@example.org,9434220824198,Savings,2023-03-07,Low,0.0,0
ACC03178,Ubika Shah,skakar@example.org,7230735713618,Business,2023-08-16,Low,0.0,0
ACC03179,Unnati Kumar,lvarkey@example.com,5258535599515,Savings,2022-01-19,Low,0.0,0
ACC03180,Henry Manne,oviyabhagat@example.com,8724308848606,Wallet,2023-01-28,Low,0.0,1
ACC03181,Jagat Misra,mitesh50@example.net,9337579015508,Business,2022-07-12,Low,0.0,0
ACC03182,Priya Jaggi,bhavya54@example.com,5296537047680,Current,2022-01-18,Low,0.0,1
ACC03183,Meghana Keer,chatura51@example.net,4402755470142,Current,2022-04-14,Low,0.0,1
ACC03184,Ansh Khosla,priyakonda@example.com,4021104549804,Savings,2023-09-11,Low,0.0,0
ACC03185,Atharv Rana,raghav49@example.org,9666349166055,Savings,2022-08-23,Low,0.0,0
ACC03186,Shivani Gupta,laljagrati@example.com,3623319312108,Wallet,2022-10-20,Low,0.0,1
ACC03187,Jacob Baria,vrindasinha@example.org,0778981968706,Wallet,2023-04-10,Low,0.0,0
ACC03188,Qushi Upadhyay,ryan31@example.com,0983381272490,Wallet,2023-08-21,Low,0.0,0
ACC03189,Amruta Bhagat,dalaja39@example.org,6989847384395,Business,2022-07-17,Low,0.0,1
ACC03190,Vidhi Gokhale,zansi01@example.com,5849620032302,Business,2022-08-14,Low,0.0,0
ACC03191,Isaac Deshmukh,zwason@example.org,7385555505181,Current,2022-04-16,Low,0.0,0
ACC03192,Krisha Chand,nathaniel66@example.org,4367704110800,Current,2022-01-05,Low,0.0,0
ACC03193,Maya Majumdar,jainekanta@example.net,4895642527531,Wallet,2023-06-16,Low,0.0,0
ACC03194,Vrinda Boase,patilvihaan@example.com,5656337343488,Savings,2023-09-01,Low,0.0,0
ACC03195,Darpan Bakshi,bakshiom@example.com,0127760662595,Savings,2022-09-11,Low,0.0,0
ACC03196,Urmi Merchant,indrajit12@example.net,8421727421940,Savings,2021-12-06,Low,0.0,0
ACC03197,Urvashi Chadha,rachanasrinivasan@example.org,1684989912638,Current,2021-10-04,Low,0.0,0
ACC03198,Siya Morar,mohaninaya@example.net,0973330987038,Business,2022-11-03,Low,0.0,0
ACC03199,Anusha Garde,nachiket70@example.com,3444634647496,Savings,2023-01-24,Low,0.0,0
ACC03200,Jairaj Krish,chackoakshay@example.org,2218159588123,Wallet,2022-06-06,Low,0.0,1
ACC03201,Nisha Rajagopalan,trivedioscar@example.org,3511395225494,Current,2023-12-20,Low,0.0,1
ACC03202,Shivani Bahl,fariqsingh@example.com,0132470730814,Current,2022-01-24,Low,0.0,1
ACC03203,Arunima Gole,revaparmar@example.com,5451733016548,Wallet,2023-04-15,Low,0.0,0
ACC03204,Manya Pillay,fwali@example.com,6655172864213,Savings,2023-02-19,Low,0.0,0
ACC03205,Chatresh Comar,tchander@example.com,2294531965164,Wallet,2022-07-31,Low,0.0,0
ACC03206,Guneet Aurora,amrita00@example.net,3809420796199,Wallet,2021-11-06,Low,0.0,1
ACC03207,Ubika Sandhu,fariq31@example.org,0878157491671,Savings,2023-09-06,Low,0.0,0
ACC03208,Ekani Sant,rbawa@example.net,6788516820385,Wallet,2023-01-16,Low,0.0,0
ACC03209,Zaitra Pau,zmistry@example.org,5415068985118,Business,2021-12-20,Low,0.0,0
ACC03210,Faris Rai,fwarrior@example.org,8085149667571,Savings,2021-08-31,Low,0.0,0
ACC03211,Edhitha Mannan,deyrehaan@example.org,4268396995713,Current,2023-06-16,Low,0.0,0
ACC03212,Ucchal Bains,cherianpahal@example.net,5122402387893,Wallet,2021-08-30,Low,0.0,1
ACC03213,Samaksh Yogi,merchantudyati@example.com,4096262922595,Wallet,2022-02-11,Low,0.0,0
ACC03214,Riya Sandhu,jagatahluwalia@example.net,3272720667549,Business,2022-09-02,Low,0.0,0
ACC03215,Januja Tank,amolkhosla@example.com,3745088306829,Savings,2022-03-10,Low,0.0,0
ACC03216,Zaitra Das,rbehl@example.net,7294279191637,Current,2022-08-25,Low,0.0,0
ACC03217,Balendra Luthra,adhingra@example.org,3979708770152,Current,2022-03-29,Low,0.0,0
ACC03218,Oscar Loke,yuvraj10@example.org,2103674009254,Business,2021-07-29,Low,0.0,1
ACC03219,Watika Bajwa,hritikvarkey@example.org,3430714883054,Wallet,2022-09-14,Low,0.0,0
ACC03220,Aryan Deo,rparmar@example.net,8581974884674,Business,2021-12-01,Low,0.0,0
ACC03221,Onkar Gupta,mohinikumar@example.org,0464717426588,Savings,2021-08-28,Low,0.0,1
ACC03222,Chatresh Reddy,jchad@example.com,0116012418116,Wallet,2022-06-01,Low,0.0,0
ACC03223,Tanmayi Ranganathan,harrisonbajaj@example.net,9262168472020,Wallet,2022-06-11,Low,0.0,1
ACC03224,Robert Boase,ekansh09@example.org,4329540568642,Savings,2023-06-01,Low,0.0,0
ACC03225,Jatin Swamy,aradhanashankar@example.org,3188970604462,Wallet,2021-10-04,Low,0.0,1
ACC03226,Shivansh Savant,bhavna57@example.org,6734214211407,Wallet,2023-10-25,Low,0.0,1
ACC03227,Vihaan Sarkar,mmuni@example.org,7038394271342,Current,2023-03-19,Low,0.0,0
ACC03228,Vrishti Bhandari,qmishra@example.net,2257164004895,Savings,2023-01-18,Low,0.0,0
ACC03229,Adya Dalal,tristan45@example.com,6639718012063,Business,2022-03-30,Low,0.0,0
ACC03230,Irya Tak,vansha94@example.net,5675646676674,Current,2022-05-26,Low,0.0,0
ACC03231,Thomas Mittal,ramaswamyarya@example.org,2422164532442,Business,2023-06-23,Low,0.0,1
ACC03232,Damini Rastogi,aryaamol@example.com,5900581983651,Savings,2021-07-29,Low,0.0,0
ACC03233,Mugdha Bhandari,frederick83@example.com,5397900578341,Wallet,2022-01-08,Low,0.0,0
ACC03234,Chandran Tank,balendra95@example.org,5451364029422,Wallet,2022-01-04,Low,0.0,1
ACC03235,Gaurangi Nagy,halderharish@example.org,5595995924197,Savings,2023-03-28,Low,0.0,1
ACC03236,Rachita Raman,ekantika36@example.org,8117032803253,Business,2023-10-04,Low,0.0,1
ACC03237,Mekhala Bobal,amara91@example.com,1651481114687,Business,2021-07-16,Low,0.0,0
ACC03238,Ladli D’Alia,takwahab@example.com,2153845035599,Current,2022-12-16,Low,0.0,0
ACC03239,Triya Kapur,issachredhaan@example.org,3124346662913,Business,2021-09-03,Low,0.0,1
ACC03240,Pranav Brar,utkarsh94@example.com,6014612058498,Wallet,2023-05-24,Low,0.0,1
ACC03241,Aarini Seth,thomas93@example.com,0748133533369,Wallet,2023-07-05,Low,0.0,0
ACC03242,Dev Savant,indrajit80@example.net,7565825548386,Savings,2022-12-13,Low,0.0,0
ACC03243,Gaurang Dhaliwal,hariniverma@example.com,5073090729485,Savings,2021-10-26,Low,0.0,1
ACC03244,Yuvraj Ram,craval@example.org,3962863389754,Current,2023-09-28,Low,0.0,1
ACC03245,Arin Dalal,gollafiyaz@example.com,5939394272828,Business,2022-07-31,Low,0.0,0
ACC03246,Indali Saha,lavanya04@example.org,8744770648133,Savings,2021-10-04,Low,0.0,0
ACC03247,Xalak Virk,mohammedloyal@example.net,2350688439393,Business,2024-10-29,Low,0.0,1
ACC03248,Avi Ramanathan,pahalhegde@example.net,3919294787454,Current,2023-06-20,Low,0.0,1
ACC03249,Oni Aurora,jairajsabharwal@example.net,5927994812964,Wallet,2022-08-23,Low,0.0,0
ACC03250,Bhavani Venkatesh,trivenitandon@example.org,9119941364477,Wallet,2021-10-28,Low,0.0,0
ACC03251,Gopal Dar,dayita01@example.com,0823196172588,Wallet,2023-08-07,Low,0.0,0
ACC03252,Zaitra Kuruvilla,onkar71@example.net,4559128995121,Savings,2021-09-11,Low,0.0,1
ACC03253,Damini Morar,bprasad@example.net,6518370470237,Current,2023-06-04,Low,0.0,0
ACC03254,Nicholas Patil,puriyashodhara@example.org,2035813979519,Savings,2022-09-17,Low,0.0,0
ACC03255,Qabil Lalla,mason40@example.com,8972359199885,Business,2021-12-31,Low,0.0,0
ACC03256,Naksh Gara,revasubramanian@example.org,5984585542205,Savings,2023-12-27,Low,0.0,0
ACC03257,Yadavi Sethi,indrajitgrewal@example.net,7335370632300,Wallet,2023-11-16,Low,0.0,1
ACC03258,Ridhi Chada,ishani76@example.org,9516621567486,Savings,2023-01-24,Low,0.0,0
ACC03259,Watika Mandal,pbehl@example.net,3663860268717,Business,2023-11-14,Low,0.0,0
ACC03260,Yadavi Kuruvilla,nathupkaar@example.org,5852288761727,Savings,2022-07-16,Low,0.0,0
ACC03261,Omisha Bhardwaj,korpalchaitaly@example.org,5882870351719,Wallet,2023-12-08,Low,0.0,0
ACC03262,Sai Kuruvilla,alexander09@example.com,6440712534611,Wallet,2022-03-17,Low,0.0,1
ACC03263,Falguni Natt,abhabalan@example.org,8201581130839,Current,2023-02-06,Low,0.0,0
ACC03264,Rayaan Choudhry,sarafekiya@example.net,5223450896071,Current,2023-06-17,Low,0.0,0
ACC03265,Vinaya Rajagopal,asibal@example.net,6060506405118,Wallet,2023-03-23,Low,0.0,1
ACC03266,Pranav Majumdar,chatterjeechaaya@example.net,0790438935317,Wallet,2021-10-31,Low,0.0,0
ACC03267,Madhav Mannan,wchopra@example.net,2241134148126,Business,2022-02-12,Low,0.0,0
ACC03268,Leena Pingle,falakghosh@example.com,8396885606945,Savings,2023-03-27,Low,0.0,1
ACC03269,Yashvi Mahal,mbehl@example.org,9579965912394,Current,2023-07-23,Low,0.0,0
ACC03270,Aadhya Kalla,shethdayamai@example.com,8449023077146,Wallet,2023-09-05,Low,0.0,0
ACC03271,Azad Doctor,earya@example.org,7691081898137,Savings,2022-04-03,Low,0.0,1
ACC03272,Isaiah Choudhry,manetripti@example.org,4445325672119,Savings,2023-06-03,Low,0.0,0
ACC03273,Faqid Chadha,mahajanjanaki@example.net,6582165514620,Wallet,2022-06-17,Low,0.0,0
ACC03274,Abhimanyu Walia,tsama@example.net,4377222855693,Wallet,2023-03-29,Low,0.0,1
ACC03275,Arya Kata,bhavna88@example.org,7327619903777,Current,2022-01-09,Low,0.0,0
ACC03276,Gaurang Chatterjee,gardeeiravati@example.net,7593358515149,Wallet,2022-05-23,Low,0.0,0
ACC03277,Balveer Bahri,blanka@example.com,3979881188210,Current,2023-07-09,Low,0.0,1
ACC03278,Krishna Balay,januja58@example.net,0425377696732,Savings,2023-02-16,Low,0.0,1
ACC03279,Anika Ramanathan,fbalan@example.org,8737238057121,Wallet,2022-06-26,Low,0.0,1
ACC03280,Rajata Gole,hraju@example.net,7342890426854,Business,2023-11-10,Low,0.0,1
ACC03281,Meera Aggarwal,htoor@example.net,8993219133044,Current,2023-12-02,Low,0.0,0
ACC03282,Girish Sridhar,shivansh48@example.com,4504462404416,Business,2022-02-08,Low,0.0,0
ACC03283,Gavin Samra,gmani@example.com,0033790474212,Savings,2023-09-14,Low,0.0,0
ACC03284,Pavani Rana,prasadxiti@example.org,6902891708880,Business,2023-11-06,Low,0.0,0
ACC03285,Lohit Majumdar,davidsood@example.com,0877226966734,Savings,2022-10-21,Low,0.0,0
ACC03286,Rajata Bhatia,nairbalendra@example.org,8549146516792,Business,2023-07-01,Low,0.0,0
ACC03287,Luke Sastry,nagarajanlucky@example.com,7186709683720,Business,2022-04-09,Low,0.0,0
ACC03288,Rajeshri Kumer,aashi71@example.org,2581963481300,Wallet,2023-02-15,Low,0.0,1
ACC03289,Wyatt Rajagopalan,kamyaraman@example.net,5393058187624,Wallet,2021-09-15,Low,0.0,0
ACC03290,Avni Sangha,bchanda@example.org,6195816189329,Current,2021-12-31,Low,0.0,1
ACC03291,Ekta Hans,xrajan@example.org,5018187850374,Savings,2021-11-18,Low,0.0,0
ACC03292,Lekha Borde,harinakshibhatti@example.com,6189124152121,Business,2022-05-29,Low,0.0,0
ACC03293,Simon Sha,anaybath@example.net,0328979573775,Current,2023-09-27,Low,0.0,1
ACC03294,Chaman Chauhan,morarkala@example.org,7259403764941,Business,2023-09-23,Low,0.0,0
ACC03295,Warjas Bajaj,ekaja52@example.net,5549422851413,Business,2023-02-17,Low,0.0,0
ACC03296,Samaksh Divan,divya86@example.org,3330561311137,Business,2022-09-06,Low,0.0,0
ACC03297,Samuel Salvi,gbhagat@example.org,3522111189098,Current,2023-05-16,Low,0.0,0
ACC03298,Chandran Tripathi,okala@example.org,9138919860208,Current,2021-08-02,Low,0.0,1
ACC03299,Niharika Toor,daramaira@example.org,5862835880588,Wallet,2022-12-24,Low,0.0,0
ACC03300,Vedika Sarin,shankarnikita@example.net,9024464423598,Business,2023-06-27,Low,0.0,0
ACC03301,Anita Varkey,ayaan92@example.net,0290754224898,Wallet,2021-10-15,Low,0.0,0
ACC03302,Gautam Mitra,iram@example.net,6391596586681,Wallet,2022-09-23,Low,0.0,1
ACC03303,Chatura Koshy,zayyan54@example.com,6793263345708,Business,2023-12-01,Low,0.0,0
ACC03304,Ekbal Som,krishna61@example.net,4665849089571,Savings,2022-09-01,Low,0.0,0
ACC03305,Vasudha Bassi,gdada@example.com,2235960658552,Savings,2023-01-06,Low,0.0,0
ACC03306,Janaki Bajaj,bhavya36@example.org,8848618174575,Business,2022-09-15,Low,0.0,0
ACC03307,Neha Virk,rachanakala@example.com,0897303659077,Current,2023-03-17,Low,0.0,0
ACC03308,Pallavi Sarma,tanveer34@example.org,0555013334317,Wallet,2022-04-22,Low,0.0,0
ACC03309,Vidhi Mani,gkapur@example.net,3402610158526,Current,2022-07-29,Low,0.0,0
ACC03310,Omkaar Joshi,batrasai@example.net,7788462054201,Savings,2022-11-11,Low,0.0,0
ACC03311,Zarna Saini,luppal@example.com,6340188149774,Savings,2023-02-01,Low,0.0,0
ACC03312,Falan Thakur,ubikabuch@example.net,1319482882763,Savings,2021-10-11,Low,0.0,1
ACC03313,Shaurya Lall,xkaul@example.com,8868354737457,Wallet,2022-07-04,Low,0.0,0
ACC03314,Deepa Sekhon,saumyalalla@example.net,9319807123367,Business,2022-11-16,Low,0.0,1
ACC03315,Maanav Chokshi,isha42@example.org,3997704145886,Business,2023-05-01,Low,0.0,1
ACC03316,Tarak Rana,robert23@example.com,6328775548400,Current,2022-06-18,Low,0.0,1
ACC03317,Mason Bir,sunderzinal@example.net,7601966679399,Current,2022-08-25,Low,0.0,0
ACC03318,Wakeeta Yogi,lipikabalay@example.net,9890978920798,Business,2023-10-25,Low,0.0,0
ACC03319,Yagnesh Venkatesh,aryahritik@example.org,2408319526467,Wallet,2023-06-01,Low,0.0,1
ACC03320,Zayyan Nagy,uhans@example.net,2505467884880,Business,2021-10-19,Low,0.0,0
ACC03321,Garima Lala,lmangat@example.org,2892343714243,Business,2024-07-22,Low,0.0,1
ACC03322,Jason Korpal,qgokhale@example.com,8840969657385,Wallet,2022-06-22,Low,0.0,1
ACC03323,Udyati Murty,godamatthew@example.org,2159805602224,Current,2023-07-07,Low,0.0,0
ACC03324,Balendra Kashyap,fradokhalsa@example.net,7800684096429,Savings,2021-12-04,Low,0.0,0
ACC03325,Janaki Narain,balveer79@example.org,0082244913061,Business,2023-09-05,Low,0.0,0
ACC03326,Yauvani Prabhakar,vedika04@example.org,6406415118222,Business,2023-02-01,Low,0.0,0
ACC03327,Isaiah Kapur,kashishbhatia@example.org,2323213992858,Savings,2021-09-11,Low,0.0,0
ACC03328,Barkha Grover,ukaur@example.org,2149161019953,Business,2023-07-04,Low,0.0,0
ACC03329,George Acharya,varenya84@example.net,8143519419979,Wallet,2022-11-11,Low,0.0,1
ACC03330,Vedika Ray,anthonycherian@example.net,1543167014104,Savings,2022-04-28,Low,0.0,1
ACC03331,Ayaan Ray,ijaya62@example.net,0983273652939,Savings,2022-01-29,Low,0.0,1
ACC03332,Kalpit Prakash,charanmurty@example.com,6791671279440,Business,2023-01-30,Low,0.0,0
ACC03333,Vedant Bains,shravya25@example.org,2497073068688,Business,2022-03-11,Low,0.0,1
ACC03334,Rajeshri D’Alia,darshdeshpande@example.net,8540402616684,Savings,2023-09-30,Low,0.0,0
ACC03335,Darsh Chaudhry,rachana22@example.com,8190604598278,Current,2021-09-16,Low,0.0,0
ACC03336,Barkha Som,omradha@example.com,1729126981533,Current,2022-05-16,Low,0.0,1
ACC03337,Jagrati Kar,chamelijoshi@example.org,6978833102085,Savings,2021-11-16,Low,0.0,1
ACC03338,Caleb Patil,vkuruvilla@example.net,3440585659519,Current,2022-02-23,Low,0.0,0
ACC03339,Aarini Kohli,bakhshi44@example.net,9209545549128,Current,2022-09-24,Low,0.0,0
ACC03340,Elijah Chaudhari,lmane@example.com,2283299587427,Wallet,2022-11-27,Low,0.0,0
ACC03341,Theodore Aggarwal,ekani50@example.net,7864163882810,Business,2023-06-14,Low,0.0,0
ACC03342,Naveen Pall,galahenry@example.org,6231166556363,Current,2022-02-02,Low,0.0,0
ACC03343,Chanakya Merchant,samakshnagarajan@example.net,1564075569414,Wallet,2023-02-28,Low,0.0,1
ACC03344,Saanvi Kade,madhav83@example.net,2577416165665,Wallet,2022-10-12,Low,0.0,0
ACC03345,Neelima Mukherjee,ranganathansimon@example.org,5586171106967,Wallet,2023-10-01,Low,0.0,0
ACC03346,Umang Gour,niharika23@example.com,3692851562837,Savings,2022-04-14,Low,0.0,0
ACC03347,Sachi Sem,ekapad73@example.org,6010786760534,Business,2021-08-16,Low,0.0,1
ACC03348,Balhaar Jayaraman,harish65@example.com,6184648760857,Current,2021-08-11,Low,0.0,0
ACC03349,Damini Sanghvi,janikeya@example.org,4286622719217,Wallet,2023-10-29,Low,0.0,1
ACC03350,Nimrat Ram,radhika67@example.org,6072772365761,Wallet,2022-06-17,Low,0.0,0
ACC03351,Tripti Sankaran,spandit@example.net,1640226123494,Savings,2023-12-31,Low,0.0,0
ACC03352,Saumya Ghosh,adweta91@example.com,4826148109957,Wallet,2023-09-10,Low,0.0,0
ACC03353,Yash Jani,swaminathanadvik@example.org,1566705330851,Wallet,2021-07-28,Low,0.0,0
ACC03354,Lekha Bhandari,srau@example.org,9895691103089,Savings,2023-05-05,Low,0.0,0
ACC03355,Jagrati Wable,jkala@example.net,4044161661306,Business,2022-01-11,Low,0.0,1
ACC03356,Falak Mander,rishi96@example.org,4808805749875,Business,2022-03-31,Low,0.0,0
ACC03357,Chatresh Gara,yagnesh87@example.org,8992793544458,Wallet,2022-01-02,Low,0.0,1
ACC03358,Hema Sarma,daviddash@example.net,2614578245663,Business,2022-11-11,Low,0.0,1
ACC03359,Tanish Batta,indrajit28@example.org,3799631733385,Business,2022-10-12,Low,0.0,0
ACC03360,Zaid Ramesh,sara00@example.org,0343162923562,Current,2022-02-21,Low,0.0,0
ACC03361,William Lala,wriddhishpingle@example.com,2057492138606,Current,2022-09-01,Low,0.0,0
ACC03362,Shravya Deol,jbandi@example.com,6453107690700,Current,2023-06-22,Low,0.0,1
ACC03363,Banjeet Sarin,qmohan@example.org,9345716156336,Business,2021-08-20,Low,0.0,0
ACC03364,Nikita Bumb,brarxavier@example.net,3123036726847,Wallet,2021-08-23,Low,0.0,0
ACC03365,Balveer Chadha,mbasak@example.com,3420628958042,Business,2023-07-27,Low,0.0,1
ACC03366,Ganga Chaudhry,sankarudant@example.net,1143678587334,Wallet,2021-07-21,Low,0.0,0
ACC03367,Kritika Subramanian,hrastogi@example.org,0073703877464,Current,2023-08-16,Low,0.0,0
ACC03368,Yashica Om,vohrazarna@example.org,7044554283588,Savings,2023-10-19,Low,0.0,0
ACC03369,Aachal Gera,battaamaira@example.org,5479489830186,Savings,2023-08-06,Low,0.0,0
ACC03370,Ayush Sidhu,thomas93@example.net,6760042709839,Business,2022-02-26,Low,0.0,0
ACC03371,Gautami Manne,ronith38@example.net,5363471678047,Business,2023-08-14,Low,0.0,0
ACC03372,Hemangini Mukherjee,ijaya29@example.org,8249148087459,Savings,2023-08-13,Low,0.0,1
ACC03373,Gunbir Toor,guneetbaral@example.com,6869461841657,Business,2021-08-03,Low,0.0,0
ACC03374,Abha Chawla,wsethi@example.com,0566326246302,Business,2021-10-15,Low,0.0,0
ACC03375,Waida Sachdeva,viraj57@example.net,6673603211245,Business,2022-04-02,Low,0.0,0
ACC03376,Fitan Parmar,vasudha99@example.net,4185199683276,Current,2022-09-22,Low,0.0,0
ACC03377,Dalbir Vaidya,theodoresundaram@example.org,5960233980473,Business,2022-06-14,Low,0.0,0
ACC03378,Vritti Goswami,anjaligupta@example.net,5811625969718,Business,2022-12-03,Low,0.0,1
ACC03379,Ekavir Dani,riya77@example.org,3159380962786,Wallet,2023-05-14,Low,0.0,1
ACC03380,Girik Vasa,galavihaan@example.net,4026083588974,Current,2022-10-23,Low,0.0,0
ACC03381,Kavya Mody,upadhyaydivya@example.net,2049549287675,Savings,2022-05-19,Low,0.0,0
ACC03382,Siya Mutti,nimratrege@example.net,4539241337332,Business,2021-08-16,Low,0.0,0
ACC03383,Chavvi Ben,mistrydayita@example.com,2084273599192,Current,2022-01-01,Low,0.0,0
ACC03384,Diya Soni,tkurian@example.com,9612052870019,Wallet,2022-11-06,Low,0.0,0
ACC03385,Krisha Dugar,pooja52@example.org,2562443762920,Wallet,2023-11-27,Low,0.0,1
ACC03386,Omya Palla,jeevika66@example.com,3707010955753,Savings,2022-05-29,Low,0.0,0
ACC03387,Hema Sethi,samesh71@example.org,1856911781887,Business,2022-01-09,Low,0.0,0
ACC03388,Yashasvi Chakrabarti,jagdish86@example.org,9378408719571,Wallet,2023-09-07,Low,0.0,0
ACC03389,Neelima Goel,andrachandran@example.org,7194065685900,Business,2022-01-23,Low,0.0,0
ACC03390,Sachi Agrawal,tbhatnagar@example.com,9102742378376,Savings,2023-08-08,Low,0.0,1
ACC03391,Warjas Choudhry,urmi01@example.org,0562926692362,Wallet,2022-09-11,Low,0.0,0
ACC03392,Girindra Kata,lohit14@example.net,6302986281180,Savings,2022-07-14,Low,0.0,1
ACC03393,Jagdish Raman,rehaan59@example.org,5826374788824,Savings,2023-04-24,Low,0.0,0
ACC03394,Jeet Verma,hwalla@example.net,3917232882392,Business,2024-02-25,Low,0.0,1
ACC03395,Ekaja Mohan,janiurmi@example.org,5440547553241,Savings,2022-01-30,Low,0.0,0
ACC03396,Oviya Baria,ybanerjee@example.org,9914107178789,Wallet,2022-04-13,Low,0.0,1
ACC03397,Warhi Parekh,lavanyaanne@example.org,5457942753737,Savings,2023-01-14,Low,0.0,0
ACC03398,Ojas Ranganathan,sai72@example.com,4971226951436,Savings,2022-09-07,Low,0.0,0
ACC03399,Chakradhar Bhasin,dhawanhiral@example.net,3402970895389,Business,2022-07-25,Low,0.0,1
ACC03400,Anthony Saran,bakhshi13@example.com,8967826376924,Business,2022-05-23,Low,0.0,0
ACC03401,Ekapad Ahuja,yagnesh18@example.org,4794050515949,Wallet,2022-10-26,Low,0.0,1
ACC03402,Nilima Bhat,gangasaini@example.net,7061050091719,Wallet,2021-10-05,Low,0.0,1
ACC03403,Yash Sastry,gopalshenoy@example.com,0898847975311,Wallet,2023-03-10,Low,0.0,0
ACC03404,Bina Naidu,samachandani@example.org,9828836700974,Current,2023-11-25,Low,0.0,0
ACC03405,Ojasvi Devan,fpandit@example.org,2307557861658,Wallet,2021-12-17,Low,0.0,1
ACC03406,Harish Hegde,bansalsamarth@example.org,0646206672983,Wallet,2023-10-30,Low,0.0,0
ACC03407,Frado Mody,balakrishnanpratyush@example.net,9638026492803,Business,2022-05-18,Low,0.0,1
ACC03408,Hiral Chhabra,omkaarsankar@example.com,7729257836368,Current,2022-05-24,Low,0.0,0
ACC03409,Joshua Kapadia,nandathomas@example.org,2600118123073,Savings,2022-02-27,Low,0.0,0
ACC03410,Faraj Dhar,gagandeshpande@example.com,6521010745205,Wallet,2021-09-24,Low,0.0,0
ACC03411,Bakhshi Buch,shenoyjackson@example.com,8511150412250,Savings,2023-03-13,Low,0.0,1
ACC03412,Ishaan Ganesan,dnarula@example.net,6703909738079,Business,2023-10-08,Low,0.0,0
ACC03413,Bhavani Khosla,mchokshi@example.org,4514146881756,Current,2022-08-01,Low,0.0,0
ACC03414,Brijesh Palla,chakrikazacharia@example.net,5912753624799,Savings,2021-08-12,Low,0.0,0
ACC03415,Irya Goswami,reyanshmorar@example.com,0917835636405,Wallet,2023-04-17,Low,0.0,0
ACC03416,Yashawini Bora,prabhuinaya@example.com,1707757662710,Current,2022-04-10,Low,0.0,0
ACC03417,Harshil Bandi,orinder03@example.org,3538682815978,Wallet,2023-03-25,Low,0.0,0
ACC03418,Aditya Sibal,bdada@example.net,0853475507481,Wallet,2023-12-17,Low,0.0,0
ACC03419,Chandani Mohan,adwetamand@example.com,6626395198138,Savings,2022-04-22,Low,0.0,1
ACC03420,Ranbir Mammen,fariq55@example.org,7777135899616,Current,2022-05-05,Low,0.0,0
ACC03421,Dalbir Buch,hemangdada@example.org,8718797892930,Current,2022-02-25,Low,0.0,0
ACC03422,Shravya Sodhi,ekajamisra@example.org,9062509466605,Business,2022-12-18,Low,0.0,0
ACC03423,Omaja Varughese,gopaljanuja@example.net,2889737840704,Current,2023-04-08,Low,0.0,1
ACC03424,Avi Ghose,jai61@example.com,2379730905330,Current,2022-08-22,Low,0.0,0
ACC03425,Naveen Narayan,vyasprisha@example.com,0485502313744,Current,2021-10-04,Low,0.0,0
ACC03426,Jai Padmanabhan,dparmar@example.org,1500748838268,Savings,2023-01-14,Low,0.0,0
ACC03427,Christopher Bumb,bakhshidhawan@example.net,5262076795757,Savings,2023-08-05,Low,0.0,0
ACC03428,Yashasvi Sant,xdhaliwal@example.org,6973658794923,Current,2021-08-26,Low,0.0,0
ACC03429,Hiral Chokshi,anandfarhan@example.com,1357190936617,Business,2021-11-21,Low,0.0,0
ACC03430,Jalsa Tripathi,vorayashvi@example.org,6061712550758,Business,2021-11-03,Low,0.0,0
ACC03431,Rohan Dada,kwason@example.com,0834443402885,Business,2023-05-02,Low,0.0,0
ACC03432,Frado Bhalla,gsethi@example.com,6635790381868,Business,2021-12-18,Low,0.0,0
ACC03433,Neel Bhat,sibalsamar@example.net,5437011269928,Current,2023-05-30,Low,0.0,0
ACC03434,Laban Deol,sai61@example.net,4877601310986,Wallet,2023-11-06,Low,0.0,0
ACC03435,Advika Patla,fariqdasgupta@example.com,1826522710684,Wallet,2021-11-18,Low,0.0,1
ACC03436,Pallavi Sarin,omisha58@example.com,4291037497364,Savings,2023-11-08,Low,0.0,0
ACC03437,Oeshi Tandon,duttafarhan@example.net,4987641557213,Current,2022-09-12,Low,0.0,0
ACC03438,Fiyaz Kota,pvora@example.net,2829767220711,Business,2022-08-31,Low,0.0,0
ACC03439,Jasmit Bala,ranbirray@example.com,9492783677447,Wallet,2022-08-31,Low,0.0,1
ACC03440,Omkaar Mann,siya19@example.com,4968472760412,Current,2022-12-08,Low,0.0,0
ACC03441,Vanya Tata,sundergautam@example.com,4428396324700,Business,2022-09-02,Low,0.0,0
ACC03442,Oliver Prabhu,anika71@example.org,0731680806824,Wallet,2023-08-05,Low,0.0,0
ACC03443,Yatan Som,sramanathan@example.com,3299983918759,Business,2023-12-19,Low,0.0,0
ACC03444,Janani Thakkar,jackson94@example.net,4641188034670,Wallet,2021-10-06,Low,0.0,0
ACC03445,Pahal Chhabra,ikala@example.com,3810637072185,Business,2022-12-05,Low,0.0,0
ACC03446,Joshua Devan,zbhattacharyya@example.org,0546498590175,Wallet,2022-07-07,Low,0.0,1
ACC03447,Dayamai Bhat,borasuhani@example.com,0493578141277,Savings,2023-09-23,Low,0.0,0
ACC03448,Faqid Patel,rishiverma@example.com,8392912381187,Wallet,2021-08-19,Low,0.0,0
ACC03449,Chakradev Bhakta,okrishnan@example.org,2843237603567,Business,2022-04-15,Low,0.0,0
ACC03450,Arya Mahal,bhavikasrivastava@example.org,2647283334326,Wallet,2023-01-22,Low,0.0,1
ACC03451,Teerth Gole,masonsehgal@example.com,1758344173098,Wallet,2023-04-02,Low,0.0,0
ACC03452,Yutika Chacko,bhavyadhar@example.com,2963597522883,Savings,2023-04-14,Low,0.0,0
ACC03453,Azaan Kannan,nlala@example.net,0929367785145,Business,2022-09-15,Low,0.0,1
ACC03454,Anamika Muni,anjali42@example.net,3726832334833,Current,2021-12-10,Low,0.0,0
ACC03455,Ira Prabhu,fkanda@example.net,1393116531264,Current,2022-07-17,Low,0.0,0
ACC03456,Lakshmi Radhakrishnan,cpandey@example.org,7171591833335,Wallet,2022-02-06,Low,0.0,1
ACC03457,Ojas Prabhu,anay13@example.com,1034113732022,Current,2023-02-14,Low,0.0,1
ACC03458,Fiyaz Shah,parthdate@example.net,0686866307099,Savings,2022-02-11,Low,0.0,1
ACC03459,Bhanumati Zacharia,mkari@example.net,5681929959110,Savings,2021-09-01,Low,0.0,0
ACC03460,Dalaja Johal,ekajaatwal@example.net,2753296948632,Savings,2023-12-19,Low,0.0,0
ACC03461,Finn Kibe,randhawaekantika@example.org,2396911866411,Business,2023-09-22,Low,0.0,0
ACC03462,Girik Rajan,zayyan65@example.net,3965978269008,Savings,2022-01-29,Low,0.0,0
ACC03463,Aarush Manda,maggarwal@example.org,6008884391349,Business,2023-01-06,Low,0.0,1
ACC03464,Yatan Dalal,patlasimon@example.net,1290442823616,Current,2021-12-19,Low,0.0,0
ACC03465,Frederick Bail,vdivan@example.net,8212101510609,Wallet,2023-04-18,Low,0.0,0
ACC03466,Yutika Mittal,sbal@example.net,0977663100945,Current,2023-11-27,Low,0.0,1
ACC03467,Faraj Mallick,krishkala@example.com,3271472507623,Savings,2022-04-06,Low,0.0,0
ACC03468,Joshua Shanker,balveer94@example.com,8317493601616,Savings,2023-11-03,Low,0.0,1
ACC03469,Leela Kapoor,sundaramryan@example.com,2575848363917,Current,2022-04-27,Low,0.0,0
ACC03470,Harsh Kakar,ahujamaanas@example.net,7882233586234,Savings,2022-01-05,Low,0.0,0
ACC03471,Karan Kari,karan26@example.com,0144230566577,Savings,2023-10-04,Low,0.0,1
ACC03472,Advik Raval,doraishanvi@example.org,4342108439889,Current,2022-12-12,Low,0.0,0
ACC03473,Avi Kothari,sarannisha@example.com,6802687485117,Current,2023-09-09,Low,0.0,0
ACC03474,Prisha Contractor,avniswamy@example.net,8597664692659,Current,2023-04-16,Low,0.0,1
ACC03475,Qadim Dutta,ssha@example.com,9482545763447,Wallet,2022-09-09,Low,0.0,0
ACC03476,Banjeet Batta,handavritti@example.net,8352813724204,Savings,2022-03-17,Low,0.0,1
ACC03477,Jeevika Karan,nathan17@example.net,5726779830020,Business,2023-03-23,Low,0.0,0
ACC03478,Balvan Loyal,saibava@example.com,9001215323884,Business,2022-01-22,Low,0.0,0
ACC03479,Hamsini Prabhakar,advaith62@example.com,8106319854480,Wallet,2023-04-12,Low,0.0,0
ACC03480,Lopa Sengupta,tmadan@example.com,9065165126547,Current,2021-10-23,Low,0.0,1
ACC03481,Vasudha Barad,nitesh14@example.org,2387787000985,Savings,2023-03-23,Low,0.0,1
ACC03482,Hiral Bhalla,zjha@example.com,6338123543360,Savings,2022-12-05,Low,0.0,1
ACC03483,Mohammed Ahluwalia,wakeetasachar@example.org,0707373668031,Business,2023-01-25,Low,0.0,0
ACC03484,Riya Saran,senakshay@example.com,6005593199493,Savings,2023-04-11,Low,0.0,0
ACC03485,Amrita Bir,xchada@example.net,2879826225557,Wallet,2023-07-02,Low,0.0,0
ACC03486,Hredhaan Lal,caleb89@example.org,6036340916169,Business,2023-10-21,Low,0.0,0
ACC03487,Jatin Korpal,yuvrajpurohit@example.org,5280433264445,Business,2023-06-09,Low,0.0,0
ACC03488,Nidhi Mittal,ojasvi15@example.org,8159156740794,Business,2023-07-02,Low,0.0,0
ACC03489,Reva Balakrishnan,qbabu@example.net,2570602982248,Business,2023-09-11,Low,0.0,1
ACC03490,Ekalinga Muni,abehl@example.com,9650002197976,Current,2022-06-26,Low,0.0,1
ACC03491,Sai Amble,nimrat01@example.com,6124662569512,Business,2023-05-22,Low,0.0,0
ACC03492,Ekalinga Sami,yachanabalan@example.org,1422847469785,Savings,2022-10-05,Low,0.0,1
ACC03493,Shivansh Sami,mahalanthony@example.net,4635800272917,Wallet,2023-09-17,Low,0.0,0
ACC03494,Amara Dash,desaiikbal@example.org,5888419362631,Savings,2023-10-18,Low,0.0,1
ACC03495,Charvi Kumer,dbala@example.net,8295219385222,Savings,2022-05-25,Low,0.0,1
ACC03496,Jairaj Bhatti,qasim31@example.org,4797049988312,Wallet,2021-10-27,Low,0.0,1
ACC03497,Kritika Banik,victor95@example.com,2845129938788,Business,2023-12-12,Low,0.0,1
ACC03498,Saksham Bose,sarmabrinda@example.net,4876427300920,Business,2023-08-01,Low,0.0,0
ACC03499,Vedika Bhat,jhegde@example.net,4011628016807,Savings,2023-11-23,Low,0.0,1
ACC03500,Onveer Venkataraman,shethjeevika@example.net,7721889066505,Business,2023-04-03,Low,0.0,0
ACC03501,Janaki Prabhakar,atibajaj@example.org,6716172775399,Current,2022-01-14,Low,0.0,0
ACC03502,Aashi Kade,sanghagirindra@example.org,9814218592930,Wallet,2022-11-26,Low,0.0,0
ACC03503,Chakrika Maharaj,nakshlata@example.com,6166118570010,Savings,2022-07-22,Low,0.0,0
ACC03504,Darpan Soman,saanvisarkar@example.com,5719557290341,Business,2022-08-29,Low,0.0,0
ACC03505,Omya Murthy,shettyleena@example.com,7272590635931,Business,2022-11-13,Low,0.0,1
ACC03506,Jacob Parsa,batraazaan@example.net,2998248613110,Savings,2022-06-26,Low,0.0,1
ACC03507,Eta Venkatesh,shaudyati@example.net,0912045938795,Current,2023-12-28,Low,0.0,0
ACC03508,Upkaar Vig,ekanta35@example.net,6819662300373,Business,2022-01-25,Low,0.0,0
ACC03509,Ronith Shroff,vanya08@example.org,1807783368261,Business,2023-08-29,Low,0.0,0
ACC03510,Chavvi Ranganathan,isha57@example.com,1002668974275,Wallet,2023-01-24,Low,0.0,0
ACC03511,Ekavir Mahajan,godakashish@example.com,9165397944740,Wallet,2024-08-28,Low,0.0,1
ACC03512,Gauri Sachar,svora@example.net,7254528324023,Savings,2022-03-24,Low,0.0,0
ACC03513,Elijah Deshpande,baghyawatihayer@example.net,1501023941429,Savings,2022-12-22,Low,0.0,0
ACC03514,David Mittal,darariya@example.com,9192832495110,Wallet,2023-10-10,Low,0.0,1
ACC03515,Siya Balasubramanian,chamanbhatt@example.org,9934787762974,Business,2021-11-13,Low,0.0,0
ACC03516,Ridhi Joshi,shenoymanan@example.org,8219279006846,Wallet,2022-03-08,Low,0.0,0
ACC03517,Peter Walia,tkota@example.com,6358731113549,Current,2023-07-04,Low,0.0,0
ACC03518,Dipta Raja,umahal@example.com,4313281561368,Savings,2022-12-03,Low,0.0,0
ACC03519,Theodore Keer,bakhshimanne@example.com,8467407248018,Current,2023-02-28,Low,0.0,1
ACC03520,Vasudha Chaudry,ibains@example.com,5277115275073,Business,2023-09-13,Low,0.0,0
ACC03521,Fitan Khare,balendramodi@example.org,3223628197991,Wallet,2022-08-20,Low,0.0,0
ACC03522,Fitan Kala,somanveer@example.com,1967197969781,Savings,2022-03-24,Low,0.0,0
ACC03523,Oscar Rattan,gsuri@example.com,6826597007321,Business,2021-12-09,Low,0.0,1
ACC03524,Siya Bora,frederickpandya@example.org,0962731673499,Current,2024-09-11,Low,0.0,1
ACC03525,Aashi Dhawan,hsura@example.com,7840548512061,Savings,2023-06-17,Low,0.0,0
ACC03526,Krishna Vala,ekothari@example.org,4498771589278,Savings,2021-12-24,Low,0.0,0
ACC03527,Maanav Parmar,tanveerbose@example.net,9368642151126,Current,2022-08-18,Low,0.0,0
ACC03528,Abhimanyu Bhatti,matthewsrinivas@example.com,6539983767326,Business,2023-10-28,Low,0.0,0
ACC03529,Neel Sarin,csengupta@example.org,1423527943407,Wallet,2022-08-07,Low,0.0,0
ACC03530,Nidra Dhar,brattan@example.com,8486056413106,Business,2023-12-15,Low,0.0,1
ACC03531,Maya Basu,warhidhar@example.net,5135609901480,Savings,2023-01-18,Low,0.0,0
ACC03532,Ekbal Bhardwaj,lnigam@example.net,0363262375054,Savings,2023-01-20,Low,0.0,0
ACC03533,Mitesh Goyal,kanne@example.com,6240683759458,Savings,2022-11-11,Low,0.0,0
ACC03534,Chatura Dhawan,andrewsinha@example.net,0564006741586,Savings,2023-05-29,Low,0.0,1
ACC03535,Eesha Deep,arin87@example.net,1550757644963,Business,2022-02-05,Low,0.0,0
ACC03536,Gopal Modi,rameshdeepa@example.org,0436545191600,Current,2021-12-03,Low,0.0,0
ACC03537,Lakshit Doshi,tnarayanan@example.com,9926624341781,Current,2023-10-19,Low,0.0,0
ACC03538,Brijesh Yogi,upatel@example.net,1469211936875,Savings,2021-12-08,Low,0.0,1
ACC03539,Anvi Chana,oscartrivedi@example.com,7044471869413,Current,2022-08-18,Low,0.0,0
ACC03540,Aachal Bansal,tripathinikita@example.org,5571427093191,Savings,2022-09-05,Low,0.0,0
ACC03541,Devansh Dora,gautami35@example.org,4126662068566,Savings,2024-08-29,Low,0.0,1
ACC03542,Aarush Doshi,daksha11@example.org,2015026155427,Current,2023-12-17,Low,0.0,0
ACC03543,Gavin Mahajan,bendevika@example.com,8876468809049,Current,2022-03-24,Low,0.0,0
ACC03544,Nachiket Rai,nayakikbal@example.net,4641372811223,Savings,2023-02-20,Low,0.0,0
ACC03545,Chavvi Lala,akarnik@example.com,2955485997526,Savings,2022-09-20,Low,0.0,0
ACC03546,Vrinda Barad,palnirja@example.org,4329081160962,Current,2021-08-28,Low,0.0,0
ACC03547,Eta Saraf,hayerlavanya@example.org,1003749212096,Savings,2021-09-15,Low,0.0,1
ACC03548,Balhaar Bawa,rshukla@example.com,1555623947646,Savings,2023-09-06,Low,0.0,0
ACC03549,Baghyawati Nazareth,yuppal@example.com,9519809599056,Business,2022-05-01,Low,0.0,1
ACC03550,Tanveer Dave,wravi@example.org,1031530870330,Current,2023-10-28,Low,0.0,0
ACC03551,Anya Roy,asrinivasan@example.net,8870641080910,Current,2022-10-21,Low,0.0,1
ACC03552,Nachiket Saraf,lgarg@example.com,5157034349171,Wallet,2021-09-22,Low,0.0,1
ACC03553,Chatresh Kaul,waida05@example.net,3494374750636,Business,2023-02-02,Low,0.0,1
ACC03554,Sathvik Gour,yjayaraman@example.net,4115256416506,Savings,2022-01-30,Low,0.0,1
ACC03555,Siddharth Karan,paichakrika@example.org,9651482682725,Current,2023-02-05,Low,0.0,0
ACC03556,Yatin Kota,bhatiamanbir@example.net,4117715536731,Current,2021-11-09,Low,0.0,0
ACC03557,Bina Dugar,chawlahema@example.org,9269360997073,Savings,2022-05-03,Low,0.0,0
ACC03558,Januja Chaudhry,girikbajwa@example.org,8863594123075,Current,2023-01-22,Low,0.0,0
ACC03559,Shivani Mitra,zaid77@example.org,4225638516031,Savings,2023-08-30,Low,0.0,0
ACC03560,Devansh Bumb,alka23@example.net,4540327415464,Wallet,2023-08-09,Low,0.0,0
ACC03561,Mohammed Patla,liam27@example.org,0744114862978,Business,2023-07-12,Low,0.0,0
ACC03562,Karan Thaman,ekantika38@example.org,9166040098936,Wallet,2022-06-13,Low,0.0,0
ACC03563,Benjamin Bhatti,edhillon@example.com,8474400054312,Current,2022-10-08,Low,0.0,0
ACC03564,Nihal Sahni,quincy32@example.com,4450389347649,Current,2022-05-15,Low,0.0,0
ACC03565,Qadim Guha,eiravatiiyengar@example.net,7422671648435,Savings,2023-08-17,Low,0.0,1
ACC03566,Bhavini Parmer,nidhi26@example.org,5385558859918,Savings,2021-10-12,Low,0.0,0
ACC03567,Thomas Loyal,rsharaf@example.com,9958539111308,Business,2021-10-26,Low,0.0,1
ACC03568,Maanav Bumb,henrysane@example.org,6251973102983,Current,2023-12-15,Low,0.0,0
ACC03569,Girindra Dhar,znanda@example.org,0074988871054,Business,2023-10-10,Low,0.0,0
ACC03570,Balhaar Mahal,chatreshbhandari@example.net,6658153936223,Savings,2023-12-24,Low,0.0,0
ACC03571,Shivansh Rajan,pushti95@example.com,6592054888507,Current,2023-10-01,Low,0.0,0
ACC03572,Mason Pillay,achahal@example.org,7726925232099,Wallet,2022-10-31,Low,0.0,1
ACC03573,Omisha Dhingra,vdeol@example.org,0120084075882,Business,2022-01-22,Low,0.0,1
ACC03574,Madhav Srinivas,devikavala@example.com,1785878734053,Current,2023-06-03,Low,0.0,0
ACC03575,Varenya Raval,ashah@example.net,7379672803671,Current,2022-03-16,Low,0.0,1
ACC03576,Netra Pingle,chakrabartiquincy@example.org,7822394970834,Wallet,2022-07-14,Low,0.0,0
ACC03577,Radhika Doshi,ndhaliwal@example.com,6441487774599,Business,2022-11-05,Low,0.0,1
ACC03578,Jairaj Thaker,ladlivarma@example.net,8988093207964,Current,2023-07-06,Low,0.0,0
ACC03579,Dhruv Soni,isha25@example.net,9125525003089,Savings,2022-04-30,Low,0.0,0
ACC03580,Sai Soni,qbedi@example.org,8703321583630,Current,2021-12-27,Low,0.0,1
ACC03581,Jeremiah Vaidya,pushti74@example.org,0489883362817,Business,2022-04-14,Low,0.0,0
ACC03582,Abeer Sant,memonucchal@example.org,6951319142967,Savings,2022-03-29,Low,0.0,0
ACC03583,Alexander Sekhon,mahika86@example.net,8646107812779,Wallet,2023-01-09,Low,0.0,0
ACC03584,Jason Sinha,unanda@example.net,3916270491418,Business,2023-12-27,Low,0.0,1
ACC03585,Omaja Datta,warjasjhaveri@example.net,1672900372470,Current,2023-06-18,Low,0.0,0
ACC03586,Jagat Parmar,hayrecharles@example.com,5529003592057,Savings,2022-07-07,Low,0.0,0
ACC03587,Ronith Deep,ojasvikhurana@example.net,3078371642946,Savings,2022-04-07,Low,0.0,0
ACC03588,Manan Pandit,qwason@example.net,2331603089925,Wallet,2021-07-31,Low,0.0,0
ACC03589,Wridesh Buch,manneanthony@example.org,5308040276177,Current,2022-09-12,Low,0.0,1
ACC03590,Om Varghese,yatandeo@example.org,5422317781621,Current,2023-03-23,Low,0.0,0
ACC03591,Nathaniel Soman,ppatil@example.com,7076214163502,Savings,2023-06-16,Low,0.0,0
ACC03592,Bhanumati Grover,bajajkrishna@example.net,1410645582009,Savings,2021-10-07,Low,0.0,1
ACC03593,Devansh Datta,zehaan51@example.com,9465370923879,Current,2022-01-29,Low,0.0,0
ACC03594,Qadim Kapoor,yagneshrai@example.com,0989534251701,Business,2022-08-09,Low,0.0,0
ACC03595,Edhitha Tella,dugarjai@example.com,5248993087130,Current,2023-07-21,Low,0.0,0
ACC03596,Netra Chand,moreekapad@example.org,1261090610296,Savings,2023-11-06,Low,0.0,1
ACC03597,Amara Sahota,gsarna@example.org,4931639348355,Wallet,2023-03-15,Low,0.0,1
ACC03598,Devika Balan,ria47@example.org,7155648964322,Current,2022-10-12,Low,0.0,0
ACC03599,Manya Raju,hredhaanwalla@example.net,5899609932634,Wallet,2023-01-23,Low,0.0,0
ACC03600,Charles Doctor,bdugar@example.com,4015217381018,Business,2023-11-17,Low,0.0,0
ACC03601,William Jha,bhavanisood@example.org,2589996739031,Savings,2021-12-03,Low,0.0,0
ACC03602,Sanaya Goda,zachariayashvi@example.com,0734319085734,Savings,2022-06-29,Low,0.0,0
ACC03603,Zaitra Saran,rnori@example.net,0154227095577,Current,2023-07-23,Low,0.0,0
ACC03604,Bakhshi Batta,vivaan68@example.net,8964353820187,Savings,2022-08-22,Low,0.0,0
ACC03605,Nitara Seth,gadeamruta@example.net,1153091270736,Savings,2023-10-20,Low,0.0,1
ACC03606,Pranav Behl,fdora@example.org,4709967450716,Current,2021-12-23,Low,0.0,0
ACC03607,Viraj Dubey,kiaan65@example.net,5757681120056,Business,2022-05-04,Low,0.0,0
ACC03608,Edhitha Pal,chanakyakrishnan@example.org,4393872707593,Wallet,2022-10-28,Low,0.0,1
ACC03609,Indira Goda,oliver38@example.com,8232890171063,Current,2021-11-26,Low,0.0,1
ACC03610,Faqid Das,zvig@example.net,8395434571284,Wallet,2023-05-10,Low,0.0,0
ACC03611,Tejas Tripathi,david58@example.net,0491931873233,Savings,2023-02-01,Low,0.0,1
ACC03612,Harsh Narasimhan,sachdevalogan@example.org,4405938983333,Current,2023-09-22,Low,0.0,1
ACC03613,Vidhi Jayaraman,etaviswanathan@example.org,8299895981488,Current,2021-12-06,Low,0.0,1
ACC03614,Ekiya Natt,pallahema@example.com,4642273006364,Business,2021-07-24,Low,0.0,0
ACC03615,Balvan Mall,sbhasin@example.org,4891929447633,Current,2022-12-12,Low,0.0,0
ACC03616,Vrinda Khatri,kumarsaumya@example.org,3037604919179,Current,2023-10-17,Low,0.0,0
ACC03617,Ansh Narula,nsem@example.org,8027136225578,Business,2022-05-11,Low,0.0,0
ACC03618,Ekbal Andra,manthandave@example.org,1388691866070,Business,2023-11-06,Low,0.0,1
ACC03619,Fariq Nagy,xdutta@example.com,6858453698105,Business,2023-08-05,Low,0.0,0
ACC03620,Dayamai Andra,tristan47@example.com,3081079934565,Current,2022-04-16,Low,0.0,0
ACC03621,Udarsh Bala,yganguly@example.com,5339625999178,Business,2023-07-02,Low,0.0,0
ACC03622,Qabil Srivastava,nadigquincy@example.org,3722638617168,Business,2022-12-14,Low,0.0,0
ACC03623,Reyansh Gupta,hemang78@example.org,5245035783542,Current,2022-09-19,Low,0.0,1
ACC03624,Jackson Iyengar,urvashi96@example.org,4400579979843,Current,2022-03-24,Low,0.0,0
ACC03625,Harita Garg,vedhikachad@example.org,7465506530200,Wallet,2023-03-30,Low,0.0,0
ACC03626,Nidhi Palan,ranbirdugar@example.org,2042247042848,Current,2023-01-22,Low,0.0,1
ACC03627,Chanakya Borra,netrasubramanian@example.org,5089320085875,Current,2023-11-29,Low,0.0,0
ACC03628,Dhruv Kara,leelamishra@example.com,4310291209765,Savings,2023-03-19,Low,0.0,0
ACC03629,Jagrati Tailor,singhalpallavi@example.org,8927997934832,Current,2023-09-09,Low,0.0,1
ACC03630,Zinal Babu,jlanka@example.com,1750177547503,Business,2022-09-18,Low,0.0,0
ACC03631,Omya Varma,parmartanvi@example.org,6409680120039,Business,2023-07-09,Low,0.0,0
ACC03632,Jairaj Sharma,mohantysaanvi@example.com,9544088885037,Wallet,2023-05-20,Low,0.0,0
ACC03633,Ekansh Jayaraman,mohantygeorge@example.net,8482960462087,Wallet,2022-04-22,Low,0.0,1
ACC03634,Dalaja Kannan,oliverchaudhry@example.com,3439768252381,Current,2021-10-14,Low,0.0,0
ACC03635,Baghyawati Solanki,shaurya29@example.net,5755383506541,Current,2022-05-19,Low,0.0,0
ACC03636,Ayushman Sinha,zayan32@example.net,9202221237032,Current,2023-10-04,Low,0.0,1
ACC03637,Yachana Walla,rbhargava@example.org,0052061084106,Business,2021-08-06,Low,0.0,0
ACC03638,Urvi Shere,raghav23@example.net,3773642178572,Business,2021-08-01,Low,0.0,0
ACC03639,Yutika Bahl,udant69@example.org,4238086919180,Current,2022-05-05,Low,0.0,1
ACC03640,Urvi Mistry,forum27@example.com,7004102336286,Business,2021-08-26,Low,0.0,1
ACC03641,Farhan Biswas,fdass@example.com,3893136490365,Business,2023-03-21,Low,0.0,1
ACC03642,Faqid Sampath,ldivan@example.net,1901018554057,Savings,2021-12-14,Low,0.0,0
ACC03643,Bhavini Varty,obajaj@example.net,7174749079232,Business,2021-12-08,Low,0.0,0
ACC03644,Samaksh Keer,zkothari@example.org,0576207266931,Current,2023-04-22,Low,0.0,0
ACC03645,Xiti Nori,harrisonverma@example.com,5395639487422,Wallet,2022-10-13,Low,0.0,0
ACC03646,Samar Master,iyeraachal@example.org,9263444830410,Current,2022-05-05,Low,0.0,1
ACC03647,Darika Nazareth,eapte@example.net,7728675668073,Current,2022-05-23,Low,0.0,1
ACC03648,Hamsini Sharaf,bajajucchal@example.org,8065502647223,Savings,2022-10-30,Low,0.0,0
ACC03649,Advika Sachar,mitesh02@example.org,6579667581343,Savings,2023-11-20,Low,0.0,0
ACC03650,Anika Sheth,vrai@example.org,6966378612045,Business,2021-12-10,Low,0.0,0
ACC03651,Watika Rout,dkrishnan@example.com,0692519115565,Savings,2022-10-22,Low,0.0,0
ACC03652,Lohit Shah,guptanidhi@example.org,8046779338395,Business,2022-08-28,Low,0.0,1
ACC03653,Matthew Sheth,rdugar@example.com,1413503978514,Savings,2022-09-24,Low,0.0,0
ACC03654,Patrick Babu,boraharjun@example.com,7368523747611,Business,2023-04-29,Low,0.0,0
ACC03655,Hema Wali,vanya38@example.com,0811052124076,Savings,2022-06-08,Low,0.0,1
ACC03656,Vasatika Virk,nchaudhuri@example.net,6453383733107,Savings,2022-01-21,Low,0.0,0
ACC03657,Raksha Ratta,hansgabriel@example.org,7735339641441,Business,2023-05-22,Low,0.0,0
ACC03658,Vasana Pingle,jwason@example.org,7209935251209,Current,2022-12-29,Low,0.0,0
ACC03659,Ishita Oak,mugdha70@example.org,7587012808703,Wallet,2023-05-01,Low,0.0,1
ACC03660,Harish Dara,ihayre@example.com,0108301535278,Savings,2023-12-15,Low,0.0,1
ACC03661,Chakradev Narain,gbarad@example.net,3841962841944,Business,2022-02-14,Low,0.0,0
ACC03662,Baghyawati Ramachandran,parsawarhi@example.net,3218395768538,Wallet,2023-07-19,Low,0.0,0
ACC03663,Ranveer Narang,sdate@example.com,9517863189278,Business,2021-08-05,Low,0.0,0
ACC03664,Jasmit Sachar,srajagopalan@example.com,7995688085966,Savings,2022-09-22,Low,0.0,0
ACC03665,Luke Dani,skamdar@example.net,8786480105118,Business,2021-11-01,Low,0.0,0
ACC03666,Liam Prashad,jatin02@example.org,5835957880835,Current,2021-07-19,Low,0.0,1
ACC03667,Krisha Ghose,qkonda@example.net,7606706250917,Business,2023-06-25,Low,0.0,0
ACC03668,Netra Chaudhari,yohannandarsh@example.net,6069932323673,Wallet,2022-03-30,Low,0.0,0
ACC03669,Harini Kumer,bumbvansha@example.org,1120272216317,Business,2022-01-10,Low,0.0,0
ACC03670,Girish Kapoor,shravyakibe@example.org,0958635469232,Savings,2021-08-02,Low,0.0,1
ACC03671,Pushti Dewan,max99@example.net,6390742663389,Savings,2022-12-02,Low,0.0,0
ACC03672,Owen Divan,andraqasim@example.org,0609314173361,Wallet,2022-07-06,Low,0.0,0
ACC03673,Vivaan Kalla,gavinkurian@example.com,9751523858972,Savings,2023-03-03,Low,0.0,0
ACC03674,Ansh Raja,oborra@example.org,3709031346443,Business,2021-11-21,Low,0.0,0
ACC03675,Fiyaz Narasimhan,timothynayak@example.net,3265090128184,Wallet,2022-01-16,Low,0.0,1
ACC03676,Lila Mistry,david30@example.org,7991346806065,Current,2021-10-16,Low,0.0,1
ACC03677,Dhruv Dhillon,tailordeepa@example.com,6723406887727,Savings,2022-04-05,Low,0.0,0
ACC03678,Rushil Sahni,tsunder@example.org,3421808931698,Wallet,2021-12-08,Low,0.0,1
ACC03679,Ryan Tara,yash42@example.net,5668073526756,Savings,2022-07-22,Low,0.0,0
ACC03680,Patrick Zacharia,prasadxavier@example.net,3610046051001,Wallet,2023-11-09,Low,0.0,1
ACC03681,Aarush Batra,zgara@example.com,2716752059354,Savings,2022-12-04,Low,0.0,0
ACC03682,Kala Tank,wahabtandon@example.com,4742589199597,Wallet,2022-09-11,Low,0.0,1
ACC03683,Priya Nanda,waliachaman@example.com,6316032888948,Savings,2022-12-22,Low,0.0,0
ACC03684,Chavvi Cheema,bdate@example.org,2882808231430,Wallet,2023-07-05,Low,0.0,1
ACC03685,Ikshita Dixit,aptejonathan@example.net,4269808782534,Savings,2022-06-05,Low,0.0,1
ACC03686,Warhi Acharya,vthaman@example.com,6161312178888,Current,2023-08-12,Low,0.0,0
ACC03687,Radha Gour,zsami@example.net,4223384446117,Wallet,2023-05-01,Low,0.0,0
ACC03688,Chasmum Pillai,rbhavsar@example.org,0494415361451,Savings,2022-03-07,Low,0.0,1
ACC03689,Ethan Karnik,girindravyas@example.org,7049156100726,Business,2021-12-06,Low,0.0,0
ACC03690,Unnati Rai,ekavir64@example.net,6400584451282,Current,2021-11-20,Low,0.0,0
ACC03691,Logan Lal,faqidchoudhary@example.com,4972483259574,Current,2023-02-06,Low,0.0,1
ACC03692,Ikbal Kanda,xalakpandey@example.net,3458238818716,Wallet,2023-04-02,Low,0.0,0
ACC03693,Leela Sarna,rachana89@example.net,9247680725797,Business,2023-03-23,Low,0.0,1
ACC03694,Elijah Gupta,naikarya@example.com,6762136062949,Savings,2023-10-28,Low,0.0,0
ACC03695,Amaira Shroff,wishideshmukh@example.com,5769998751194,Wallet,2023-01-12,Low,0.0,0
ACC03696,Samaksh Kapadia,nkadakia@example.net,0144715997719,Business,2022-08-21,Low,0.0,0
ACC03697,Anjali Narasimhan,maya14@example.org,7418412640535,Savings,2022-09-06,Low,0.0,0
ACC03698,Timothy Ghosh,turviravi@example.net,3057218645326,Wallet,2022-09-25,Low,0.0,0
ACC03699,Neelima Bose,kkurian@example.net,9452279180554,Wallet,2021-10-03,Low,0.0,1
ACC03700,Charan Bhakta,fwadhwa@example.org,2962056336409,Savings,2023-06-22,Low,0.0,0
ACC03701,Nikita Din,saanvichada@example.net,8826310968725,Business,2023-10-03,Low,0.0,1
ACC03702,Chakradhar Sarraf,ikrishnan@example.net,6820432812773,Savings,2022-11-26,Low,0.0,0
ACC03703,Tamanna Sheth,om78@example.net,3788724275814,Current,2023-03-11,Low,0.0,0
ACC03704,Lavanya Narang,narulaabhiram@example.net,3164705948875,Savings,2023-09-11,Low,0.0,0
ACC03705,Anamika Banik,lkalita@example.net,5688932281710,Current,2023-03-24,Low,0.0,0
ACC03706,Luke Dar,daksh33@example.com,7593367835884,Savings,2022-01-17,Low,0.0,0
ACC03707,Anusha Bali,osura@example.net,3823119676475,Current,2022-08-10,Low,0.0,1
ACC03708,Yagnesh Parekh,praghavan@example.net,8227069777730,Current,2021-07-19,Low,0.0,1
ACC03709,Pranit Tiwari,darpan77@example.org,3681046363201,Current,2022-07-16,Low,0.0,0
ACC03710,Chandani Prashad,deelijah@example.com,2286731941949,Savings,2023-03-06,Low,0.0,1
ACC03711,Ojasvi Nagar,dalalgarima@example.net,2023152180961,Business,2022-02-01,Low,0.0,0
ACC03712,Dayita Dubey,choudhurychameli@example.net,5973098065727,Current,2022-09-02,Low,0.0,0
ACC03713,Zinal Batta,sahahamsini@example.net,5632454053606,Wallet,2022-10-27,Low,0.0,0
ACC03714,Pahal Toor,nagiadvika@example.net,9852177296229,Business,2021-12-06,Low,0.0,0
ACC03715,Utkarsh Mandal,gsrivastava@example.net,4617327430766,Savings,2023-03-08,Low,0.0,0
ACC03716,Zayyan Ahluwalia,chaudharyzilmil@example.net,7669953596071,Current,2023-10-28,Low,0.0,1
ACC03717,Anusha Bera,vaishnavi65@example.net,0562247180388,Savings,2021-07-22,Low,0.0,1
ACC03718,Bina Khatri,dchauhan@example.com,8260960075079,Current,2021-08-29,Low,0.0,0
ACC03719,Gayathri Dhillon,ethanshah@example.net,6677481893016,Wallet,2022-11-05,Low,0.0,0
ACC03720,Raagini Thakkar,jeremiah63@example.org,1891355965727,Wallet,2022-02-28,Low,0.0,0
ACC03721,Waida Chowdhury,ishwar47@example.com,3802670946186,Wallet,2022-08-21,Low,0.0,1
ACC03722,Veda Chahal,emallick@example.net,4604991293632,Business,2022-09-19,Low,0.0,1
ACC03723,Zilmil Balan,sarauppal@example.org,3472096738667,Wallet,2022-05-30,Low,0.0,0
ACC03724,Ekansh Sankar,shaurya76@example.com,3927499143839,Current,2021-10-14,Low,0.0,1
ACC03725,Eiravati Acharya,theodore08@example.net,3601467151188,Wallet,2023-07-09,Low,0.0,1
ACC03726,Vinaya Ben,nathanielgara@example.com,3604374557663,Wallet,2023-05-13,Low,0.0,1
ACC03727,Andrew Wason,dewatika@example.com,8277594792270,Business,2022-12-16,Low,0.0,1
ACC03728,Matthew Kumer,wsheth@example.net,7963371193517,Wallet,2021-11-03,Low,0.0,0
ACC03729,Tamanna Choudhry,dmunshi@example.net,7037613524281,Savings,2023-08-02,Low,0.0,0
ACC03730,Anvi Narayan,aashimurty@example.com,2724475398792,Wallet,2023-03-15,Low,0.0,0
ACC03731,Gaurav Mandal,oliverissac@example.com,5996865066011,Business,2023-07-14,Low,0.0,0
ACC03732,Hemani Nayar,gpandya@example.org,0355581800660,Current,2022-01-02,Low,0.0,0
ACC03733,Pallavi Sule,ogrewal@example.org,6008438006399,Wallet,2023-06-28,Low,0.0,0
ACC03734,Wakeeta Wagle,yagneshsami@example.net,0997872191630,Current,2021-08-24,Low,0.0,0
ACC03735,Rachana Narayanan,sainibenjamin@example.org,7215357009358,Current,2023-07-19,Low,0.0,0
ACC03736,Faris Sundaram,grewaladvaith@example.org,5501878900529,Current,2023-09-03,Low,0.0,1
ACC03737,Maanas Kar,ishapal@example.net,3349232124302,Savings,2023-02-10,Low,0.0,0
ACC03738,Yutika Jain,amolkamdar@example.com,3227690474473,Current,2022-10-06,Low,0.0,1
ACC03739,Yochana Chaudry,balasubramaniansai@example.net,8766784533433,Wallet,2022-12-18,Low,0.0,0
ACC03740,Triveni Vala,theodore70@example.org,8033613637506,Current,2023-06-04,Low,0.0,1
ACC03741,Dhriti Bhasin,yagneshprasad@example.org,6378457362530,Savings,2022-02-18,Low,0.0,0
ACC03742,Amara Dass,kaggarwal@example.com,2269927287022,Wallet,2023-01-13,Low,0.0,0
ACC03743,Akshay Babu,fnarayanan@example.org,2939409965678,Current,2022-12-15,Low,0.0,0
ACC03744,Ladli Maharaj,gavin71@example.org,3292844221384,Business,2022-06-27,Low,0.0,1
ACC03745,Teerth Datta,kibevictor@example.org,0429560302930,Current,2022-07-03,Low,0.0,0
ACC03746,Yahvi Swaminathan,avigara@example.org,5200255693186,Wallet,2023-08-29,Low,0.0,1
ACC03747,Radhika Edwin,jacksonlata@example.org,4437305359627,Savings,2022-11-12,Low,0.0,0
ACC03748,Warinder Atwal,surilavanya@example.org,5273976748813,Business,2021-11-05,Low,0.0,0
ACC03749,Anusha Dhingra,kashyapwishi@example.com,9414314013988,Current,2022-09-18,Low,0.0,0
ACC03750,Dayamai Edwin,wridesh37@example.org,2840888563802,Wallet,2023-07-25,Low,0.0,0
ACC03751,Manthan Biswas,charanbawa@example.com,6485155964870,Savings,2021-12-05,Low,0.0,1
ACC03752,Krishna Dara,paurora@example.net,0888842359402,Wallet,2022-03-09,Low,0.0,0
ACC03753,Nisha Zachariah,sandalekaraj@example.org,6362244626556,Wallet,2022-09-02,Low,0.0,0
ACC03754,Janya Swaminathan,zdave@example.org,5172748479270,Wallet,2021-11-19,Low,0.0,1
ACC03755,Alka Mall,cchaudhari@example.org,3606844706740,Current,2021-10-04,Low,0.0,0
ACC03756,Naksh Rajan,dubeyashica@example.com,0711064802325,Business,2023-01-19,Low,0.0,1
ACC03757,Yashvi Babu,wasonhardik@example.com,8946541124229,Savings,2021-12-12,Low,0.0,1
ACC03758,Daniel Samra,krishpratyush@example.net,7295218667823,Business,2023-11-20,Low,0.0,1
ACC03759,Vasudha Naidu,asha@example.net,9486378785597,Current,2022-02-05,Low,0.0,0
ACC03760,Faris Vig,sdeep@example.net,8706337874726,Savings,2023-02-19,Low,0.0,0
ACC03761,Siddharth Gala,hvenkataraman@example.org,1593640762028,Savings,2022-11-15,Low,0.0,0
ACC03762,Ayush Subramaniam,ekanta96@example.org,1324591231414,Current,2022-10-01,Low,0.0,1
ACC03763,Finn Panchal,hemakumer@example.com,4343825008699,Wallet,2023-09-28,Low,0.0,0
ACC03764,Balendra Palla,bhasinreyansh@example.com,5949283494283,Wallet,2023-11-05,Low,0.0,0
ACC03765,Krishna Savant,sainiadvay@example.com,1497642369170,Current,2022-05-13,Low,0.0,0
ACC03766,Karan Muni,qabilkaran@example.com,7792117005245,Current,2021-10-22,Low,0.0,1
ACC03767,Agastya Bajwa,duttaurmi@example.org,2098402709431,Wallet,2023-06-14,Low,0.0,0
ACC03768,Onkar Dada,surijason@example.com,2561563688646,Savings,2023-10-07,Low,0.0,0
ACC03769,Andrew Mane,keya96@example.org,2853674928187,Business,2022-02-06,Low,0.0,0
ACC03770,Ethan Jaggi,wkaur@example.com,1331127064547,Savings,2022-07-25,Low,0.0,0
ACC03771,Anmol Mallick,bchakraborty@example.org,3379916185029,Business,2023-06-15,Low,0.0,1
ACC03772,Mohini Sarna,sanghaaarini@example.com,9305776140692,Business,2023-02-09,Low,0.0,0
ACC03773,Anthony Bassi,bhavani28@example.com,5740885174444,Savings,2022-02-17,Low,0.0,0
ACC03774,Yagnesh Vyas,diyazachariah@example.net,3552637338061,Wallet,2022-11-19,Low,0.0,1
ACC03775,Varenya Vala,mandalsathvik@example.net,0063105950761,Current,2021-12-28,Low,0.0,1
ACC03776,Aayush Lall,dtoor@example.org,9073382109200,Business,2022-12-18,Low,0.0,1
ACC03777,Jackson Mallick,jacksonraja@example.net,0989479398364,Business,2022-12-15,Low,0.0,1
ACC03778,Advay Sama,atwalprisha@example.org,3822382235375,Savings,2023-03-15,Low,0.0,0
ACC03779,Watika Deshpande,vbarad@example.net,5018872069657,Wallet,2023-01-06,Low,0.0,1
ACC03780,Nidra Sur,ethaman@example.org,0848397200663,Wallet,2022-10-01,Low,0.0,0
ACC03781,Gaurika Sane,cpandya@example.com,6706197500381,Savings,2023-05-25,Low,0.0,0
ACC03782,Daksh Kurian,aarnavchakrabarti@example.com,1500583534858,Business,2021-12-02,Low,0.0,0
ACC03783,Qarin Narayanan,mitali14@example.org,8437601832579,Business,2021-09-30,Low,0.0,0
ACC03784,Leena Pant,jasmitdoctor@example.com,9360425990401,Business,2023-03-11,Low,0.0,0
ACC03785,Dhriti Upadhyay,upadhyaybina@example.org,4457434259512,Current,2021-09-27,Low,0.0,1
ACC03786,Neha Nath,tristanthaker@example.org,0628685210073,Business,2021-12-15,Low,0.0,0
ACC03787,Bachittar Bose,qadimpandey@example.com,4414822430259,Business,2023-08-11,Low,0.0,0
ACC03788,Yamini Vig,eshana73@example.net,9742608550262,Savings,2023-08-06,Low,0.0,1
ACC03789,Imaran Lata,edhithakalla@example.net,9569172070367,Current,2023-02-24,Low,0.0,0
ACC03790,Urvi Hari,dkannan@example.org,2773748118448,Business,2021-07-26,Low,0.0,0
ACC03791,Anay Parikh,harrisonmander@example.com,9002558782573,Wallet,2023-10-25,Low,0.0,1
ACC03792,Siddharth Bains,nakshbalasubramanian@example.org,3540533401647,Business,2023-10-02,Low,0.0,0
ACC03793,Darsh Saha,karnikrudra@example.com,9865851021465,Savings,2022-11-07,Low,0.0,0
ACC03794,Henry Jha,ojasbains@example.com,5250191779879,Wallet,2022-11-02,Low,0.0,1
ACC03795,Ansh Mistry,abalay@example.com,2501775917489,Current,2022-06-10,Low,0.0,0
ACC03796,Pranav Issac,nilimabadal@example.net,4707066057965,Business,2022-01-03,Low,0.0,1
ACC03797,Urmi Jha,ekavirchandran@example.org,9822189870162,Current,2023-06-10,Low,0.0,1
ACC03798,Aachal Luthra,ekavir69@example.com,3703408497853,Current,2021-08-31,Low,0.0,0
ACC03799,Eesha Basu,tamannamanne@example.org,9191654594806,Business,2023-03-10,Low,0.0,1
ACC03800,Christopher Mutti,wardanatt@example.net,0725093330206,Business,2023-11-18,Low,0.0,1
ACC03801,Lucky Arya,tanish84@example.com,8134978575232,Wallet,2021-08-29,Low,0.0,0
ACC03802,Krisha Chada,kadakianachiket@example.org,8620502551309,Wallet,2022-08-13,Low,0.0,0
ACC03803,Orinder Mishra,nikitamannan@example.net,7070345621555,Business,2023-05-16,Low,0.0,0
ACC03804,Vedhika Kunda,imaranrastogi@example.net,9575941904549,Savings,2021-10-12,Low,0.0,0
ACC03805,Radhika Nagy,watika82@example.net,4098866611870,Savings,2023-07-27,Low,0.0,0
ACC03806,Raksha Luthra,aryaojasvi@example.org,2031556775216,Wallet,2023-02-27,Low,0.0,0
ACC03807,Jhalak Dugar,ati45@example.org,6547889155939,Business,2023-08-26,Low,0.0,0
ACC03808,Vritti Patil,mohantykiaan@example.com,7422120373600,Wallet,2022-10-30,Low,0.0,0
ACC03809,Chasmum Nagy,wyattgoel@example.org,9142041793953,Current,2022-08-15,Low,0.0,1
ACC03810,Rehaan Aurora,sbobal@example.net,6609035149033,Current,2023-12-02,Low,0.0,0
ACC03811,Gunbir Kota,lakshmibanik@example.com,2073115676238,Savings,2021-11-08,Low,0.0,1
ACC03812,Jagrati Wali,nidhikaur@example.org,6180303879426,Wallet,2022-08-14,Low,0.0,1
ACC03813,Barkha Amble,chaitaly75@example.com,5698322991812,Savings,2022-04-27,Low,0.0,1
ACC03814,Ekansh Chad,ssinghal@example.org,9827717956785,Wallet,2022-05-15,Low,0.0,0
ACC03815,Mekhala Sarkar,dubeyfaris@example.net,7444156574375,Business,2022-05-31,Low,0.0,0
ACC03816,Chaaya Walia,kalemaanav@example.net,8012955844573,Business,2021-07-25,Low,0.0,0
ACC03817,Ojas Ramakrishnan,bakhshi71@example.net,9131046527404,Wallet,2022-03-28,Low,0.0,0
ACC03818,Rachana Krishnamurthy,ati31@example.net,9038265129472,Business,2022-01-20,Low,0.0,0
ACC03819,Nidra Kapur,shivanibali@example.net,9511391222761,Savings,2022-12-14,Low,0.0,0
ACC03820,Aachal Dora,frado18@example.com,2231858313297,Savings,2021-08-18,Low,0.0,0
ACC03821,Vritti Bal,bishakhabalakrishnan@example.net,1814854362748,Wallet,2023-07-18,Low,0.0,1
ACC03822,Ucchal Gupta,srinivasdipta@example.org,6428468519261,Savings,2023-08-04,Low,0.0,0
ACC03823,Indira Zacharia,cdixit@example.net,2900391610281,Wallet,2022-09-15,Low,0.0,1
ACC03824,Hitesh Chaudhuri,tbandi@example.org,7873748052170,Current,2022-12-31,Low,0.0,0
ACC03825,Chakradhar Tata,vasudhabhalla@example.net,6316295810771,Current,2023-11-07,Low,0.0,1
ACC03826,Warhi Saraf,ekunda@example.net,6064858884442,Wallet,2022-12-27,Low,0.0,0
ACC03827,Harita Bhardwaj,yashica86@example.com,3868451265276,Business,2022-03-20,Low,0.0,1
ACC03828,Sai Khanna,ozajyoti@example.org,4178321126818,Wallet,2023-11-12,Low,0.0,0
ACC03829,Zansi Prabhakar,ramantanish@example.com,8569771045688,Wallet,2023-03-08,Low,0.0,0
ACC03830,Radha Keer,patrick42@example.org,9288700525136,Savings,2022-07-23,Low,0.0,0
ACC03831,Vamakshi Goda,neha18@example.org,1408487426154,Current,2021-11-07,Low,0.0,0
ACC03832,Jackson Garde,prashadjeremiah@example.com,7332006119368,Current,2021-11-08,Low,0.0,1
ACC03833,Nachiket Singh,advaith23@example.org,2358459638384,Savings,2022-04-27,Low,0.0,0
ACC03834,David Seshadri,ekavir69@example.net,5556139604751,Current,2022-06-23,Low,0.0,0
ACC03835,Bina Goyal,laksh58@example.com,5899333571768,Wallet,2021-07-21,Low,0.0,0
ACC03836,Rehaan Tripathi,anamika08@example.net,7727972809277,Wallet,2021-09-06,Low,0.0,0
ACC03837,Chameli Acharya,manekrisha@example.com,8798173618857,Wallet,2023-03-29,Low,0.0,1
ACC03838,Manthan Madan,neel16@example.com,0118082954852,Wallet,2023-09-24,Low,0.0,1
ACC03839,Finn Devan,patladeepa@example.com,3381798427690,Wallet,2021-09-09,Low,0.0,0
ACC03840,Unni Sibal,prashadcharles@example.net,3370193639986,Current,2023-12-18,Low,0.0,1
ACC03841,Dev Lad,nikitakrishna@example.com,9690545219092,Current,2022-07-19,Low,0.0,0
ACC03842,Urvi Dash,eiravatiyadav@example.com,4760830735460,Wallet,2022-12-15,Low,0.0,1
ACC03843,Vinaya Sharma,daniel76@example.net,6449255933488,Business,2022-11-05,Low,0.0,0
ACC03844,Eiravati Morar,abhasin@example.org,0976465317595,Wallet,2023-07-18,Low,0.0,0
ACC03845,Kiaan Solanki,joshua33@example.com,2834370375269,Savings,2023-05-22,Low,0.0,1
ACC03846,Yauvani Prasad,oparekh@example.net,6913946893327,Current,2022-08-03,Low,0.0,0
ACC03847,Mekhala Chakrabarti,nkalla@example.net,8117225125748,Current,2021-09-01,Low,0.0,1
ACC03848,Ikshita Joshi,darikasant@example.net,6398180855420,Current,2021-10-08,Low,0.0,1
ACC03849,Aarnav Krish,dbera@example.net,8949350617723,Savings,2022-10-30,Low,0.0,0
ACC03850,Azad Shah,elijah13@example.com,5796810320224,Business,2023-10-14,Low,0.0,0
ACC03851,Hardik Sur,naveenbutala@example.com,4312467400940,Savings,2021-09-14,Low,0.0,0
ACC03852,Yagnesh Sen,maneekaraj@example.org,8736063405130,Current,2023-12-14,Low,0.0,1
ACC03853,Ikshita Shere,virajprakash@example.org,7918233167162,Business,2023-01-09,Low,0.0,1
ACC03854,Dominic Sidhu,darika81@example.com,2335215602324,Wallet,2022-01-23,Low,0.0,0
ACC03855,Damini Randhawa,fdeo@example.org,5137035979780,Wallet,2023-08-11,Low,0.0,0
ACC03856,Yashawini Mann,shankaryauvani@example.com,9393693949957,Business,2022-04-29,Low,0.0,1
ACC03857,Ayushman Deep,jhaedhitha@example.org,0481146813893,Wallet,2023-07-08,Low,0.0,0
ACC03858,Ethan Kakar,rissac@example.net,9235249371041,Wallet,2023-12-02,Low,0.0,0
ACC03859,Mitali Grewal,henry03@example.net,1640403976211,Savings,2023-05-18,Low,0.0,0
ACC03860,Rajeshri Bansal,yash89@example.org,4821991206244,Current,2021-08-06,Low,0.0,0
ACC03861,Diya Bail,sahaoni@example.net,1509957568113,Current,2022-01-26,Low,0.0,0
ACC03862,Tristan Bose,udant29@example.org,4939282235963,Current,2023-02-20,Low,0.0,0
ACC03863,Vanya Ganesh,uganesan@example.com,1939165277308,Current,2023-05-31,Low,0.0,0
ACC03864,Krishna Krishnan,kaurmeghana@example.com,0254064676517,Current,2023-10-12,Low,0.0,0
ACC03865,Veda Tata,theodore29@example.org,3655644149300,Business,2022-01-23,Low,0.0,0
ACC03866,Jhalak Agarwal,qabilkumar@example.org,0922834364456,Savings,2023-10-13,Low,0.0,1
ACC03867,Sai Bajaj,radhakrishnanpooja@example.net,8049406644651,Savings,2021-10-29,Low,0.0,0
ACC03868,Ubika Chandra,sdoshi@example.org,0288349284455,Business,2021-11-16,Low,0.0,1
ACC03869,Vaishnavi Mukherjee,yutikadhar@example.net,3794400010568,Business,2023-11-18,Low,0.0,1
ACC03870,Urvi Bedi,rachanakurian@example.net,4422169689286,Current,2023-09-12,Low,0.0,1
ACC03871,Sudiksha Kaur,xiti59@example.com,5722315260579,Savings,2021-10-10,Low,0.0,1
ACC03872,Ekapad Munshi,hnagar@example.org,0154475124573,Savings,2022-09-07,Low,0.0,0
ACC03873,Amrita Vaidya,bhandarimanan@example.org,2870789617832,Savings,2023-04-16,Low,0.0,0
ACC03874,Kashvi Bhardwaj,pillayjalsa@example.com,2222326017542,Savings,2023-10-25,Low,0.0,0
ACC03875,Samuel Ganesh,buchlaban@example.com,3483906184567,Wallet,2022-02-16,Low,0.0,0
ACC03876,Raksha Vaidya,varsha30@example.org,9484771467339,Savings,2021-11-19,Low,0.0,0
ACC03877,Mitesh Das,saanvibaral@example.org,2740316947434,Savings,2024-11-06,Low,0.0,1
ACC03878,Imaran Patel,rsanghvi@example.com,5021864598219,Savings,2022-04-24,Low,0.0,0
ACC03879,Jackson Patla,somannilima@example.org,1890854030325,Current,2022-05-09,Low,0.0,1
ACC03880,Kala Naidu,jalsa39@example.com,0560064209225,Current,2023-06-25,Low,0.0,1
ACC03881,Yatin Sachdeva,cbatta@example.org,6011303223235,Wallet,2023-12-02,Low,0.0,1
ACC03882,Udarsh Issac,ulad@example.org,5602674121638,Savings,2023-08-04,Low,0.0,1
ACC03883,Zashil Murthy,kgrover@example.org,2484396099607,Wallet,2022-05-17,Low,0.0,0
ACC03884,Fariq Agrawal,girish50@example.net,1081653598515,Wallet,2023-01-05,Low,0.0,0
ACC03885,Mohammed Bhatia,vedantpradhan@example.org,2495015280064,Current,2021-08-08,Low,0.0,0
ACC03886,Jason Murthy,yshan@example.net,2469649289638,Current,2022-08-01,Low,0.0,0
ACC03887,Yashodhara Apte,goyaloviya@example.com,0054764249442,Savings,2023-09-21,Low,0.0,1
ACC03888,Gautam Varkey,mohammednazareth@example.com,2669178272972,Savings,2022-07-08,Low,0.0,0
ACC03889,William Saraf,rameshpriya@example.org,2963165012404,Current,2021-12-29,Low,0.0,1
ACC03890,Sathvik Muni,srinivasanomisha@example.org,1377793864047,Current,2023-03-18,Low,0.0,0
ACC03891,Anita Doshi,sampathnetra@example.net,7863594301226,Current,2021-11-19,Low,0.0,0
ACC03892,Jacob Nair,ekiyakrishnamurthy@example.org,8705098221625,Savings,2021-12-19,Low,0.0,1
ACC03893,Oscar Golla,abhiram84@example.net,7493834162325,Savings,2023-05-26,Low,0.0,0
ACC03894,Yashvi Tata,darika02@example.net,3322760392191,Business,2022-12-21,Low,0.0,0
ACC03895,Eta Tella,ramaaarna@example.org,5129986631805,Current,2022-10-07,Low,0.0,0
ACC03896,Abhiram Seth,ybalakrishnan@example.net,6350773188593,Savings,2023-06-29,Low,0.0,0
ACC03897,Tripti Pathak,tejaspanchal@example.net,0953324335069,Wallet,2022-12-08,Low,0.0,0
ACC03898,Daksha Kohli,zansibahri@example.org,4712780664485,Business,2023-05-26,Low,0.0,0
ACC03899,Vasudha Puri,mitalitella@example.com,1270118360637,Current,2022-11-09,Low,0.0,0
ACC03900,Ekani Nayar,ishanvi65@example.org,4142386145094,Savings,2021-11-12,Low,0.0,0
ACC03901,Umang Garde,ishavarma@example.org,0101190504428,Wallet,2023-08-27,Low,0.0,1
ACC03902,Oni Mody,yamini08@example.org,6355197263445,Business,2023-09-10,Low,0.0,1
ACC03903,Omaja Prabhu,binatak@example.com,5845972205011,Current,2022-08-11,Low,0.0,0
ACC03904,Anthony Bains,priyavasa@example.com,7776192029763,Wallet,2022-01-09,Low,0.0,1
ACC03905,Sanya Om,jalsa79@example.com,1936671162535,Wallet,2022-06-09,Low,0.0,0
ACC03906,Krishna Karan,kganesan@example.net,8793759372751,Savings,2023-10-08,Low,0.0,1
ACC03907,Faras Narain,bdhar@example.com,3894778540794,Wallet,2022-08-13,Low,0.0,0
ACC03908,Yatin Kala,frado12@example.org,4628506967206,Savings,2022-12-02,Low,0.0,1
ACC03909,Triveni Mohanty,oakkamala@example.net,3750160557047,Wallet,2022-09-20,Low,0.0,1
ACC03910,Dev Deo,varshagoda@example.net,3576856429653,Wallet,2022-01-27,Low,0.0,0
ACC03911,Dhriti Mander,fbumb@example.net,4168674489961,Business,2023-05-14,Low,0.0,1
ACC03912,Harshil Sankaran,badaladvik@example.com,3583510067076,Business,2023-03-09,Low,0.0,0
ACC03913,Yatin Lanka,tristan00@example.net,3415274212813,Business,2023-06-21,Low,0.0,0
ACC03914,Daniel Minhas,christopherdar@example.net,8753741260026,Savings,2021-08-22,Low,0.0,1
ACC03915,Amaira Oommen,hborah@example.net,2062488782028,Business,2022-02-04,Low,0.0,0
ACC03916,Ikshita Hayer,ypall@example.com,2053848030251,Wallet,2023-07-01,Low,0.0,0
ACC03917,Unnati D’Alia,mbhatnagar@example.com,6723904418507,Savings,2022-02-09,Low,0.0,0
ACC03918,Faras Johal,hemanibhavsar@example.com,3547658488547,Business,2022-02-11,Low,0.0,0
ACC03919,Pranav Agarwal,tkashyap@example.net,8673702197617,Savings,2022-11-21,Low,0.0,1
ACC03920,Sai Devi,umitter@example.org,2255145885018,Business,2022-07-14,Low,0.0,1
ACC03921,Alexander Chander,chopradaksh@example.org,3900199073948,Savings,2023-08-31,Low,0.0,1
ACC03922,Dalaja Acharya,balhaarsampath@example.net,7718729703450,Current,2022-11-22,Low,0.0,0
ACC03923,Yahvi Gara,gargzashil@example.com,9439742257798,Business,2022-01-19,Low,0.0,0
ACC03924,Aditya More,hemangmaharaj@example.com,8233213019386,Savings,2021-12-02,Low,0.0,0
ACC03925,Laban Ranganathan,pghose@example.com,1194361475629,Current,2023-10-26,Low,0.0,0
ACC03926,Mason Kota,harinakshi31@example.net,4469048835634,Wallet,2023-06-11,Low,0.0,1
ACC03927,Hardik Sani,cherianurmi@example.com,0869654065002,Wallet,2023-06-09,Low,0.0,1
ACC03928,Kala Rau,fiyaz40@example.com,1421054351371,Business,2023-08-28,Low,0.0,0
ACC03929,Advika Swaminathan,miteshchaudry@example.org,7785859919289,Current,2021-08-25,Low,0.0,1
ACC03930,Jacob Shere,zsanghvi@example.org,8347862646161,Business,2021-12-19,Low,0.0,0
ACC03931,Charles Bhavsar,vbains@example.org,5090786114076,Business,2023-03-21,Low,0.0,0
ACC03932,Anmol Kashyap,ucchal00@example.net,6374646225074,Wallet,2021-11-17,Low,0.0,1
ACC03933,Radhika Ganesh,kibetarak@example.net,9301684970719,Business,2023-01-01,Low,0.0,0
ACC03934,Janaki Subramanian,jagdish17@example.org,4034287567311,Business,2022-02-17,Low,0.0,0
ACC03935,Jeet Shroff,arajan@example.org,9126154098569,Business,2022-08-22,Low,0.0,0
ACC03936,Abdul Karnik,chanchaldara@example.org,3345393174221,Wallet,2023-08-03,Low,0.0,1
ACC03937,Janaki Thaker,chadjalsa@example.net,9136789537928,Business,2023-09-12,Low,0.0,0
ACC03938,Madhavi Khosla,qdeol@example.net,7297131158250,Savings,2023-04-19,Low,0.0,0
ACC03939,Simon Mallick,girikdalal@example.org,8288291454705,Business,2022-08-09,Low,0.0,0
ACC03940,Yuvraj Kadakia,girikdube@example.com,4324439220781,Current,2022-03-28,Low,0.0,0
ACC03941,Ganga Balan,charles81@example.com,2336935107385,Current,2023-12-01,Low,0.0,0
ACC03942,Edhitha Kamdar,simon56@example.com,1540946174556,Savings,2021-12-06,Low,0.0,0
ACC03943,Vrinda Barad,venkateshvedhika@example.org,1300634096129,Savings,2021-09-02,Low,0.0,0
ACC03944,Krishna Dixit,lilachoudhary@example.net,5797764237885,Savings,2022-08-08,Low,0.0,0
ACC03945,Sneha Balan,triveni55@example.org,0335012329001,Savings,2023-07-01,Low,0.0,0
ACC03946,Nicholas Lata,aticherian@example.net,8221215110880,Business,2022-04-21,Low,0.0,1
ACC03947,Chandran Rama,mpradhan@example.net,5614008145286,Wallet,2023-07-28,Low,0.0,0
ACC03948,Neha Wason,gagansule@example.net,4707495224994,Wallet,2022-04-04,Low,0.0,0
ACC03949,Mohini Karnik,radhakrishnanayushman@example.org,6941658701529,Savings,2021-11-13,Low,0.0,0
ACC03950,Charles Sahni,gayathrimishra@example.org,7853044567598,Savings,2022-02-23,Low,0.0,0
ACC03951,Netra Kohli,charitakadakia@example.org,0851127481626,Business,2021-10-11,Low,0.0,0
ACC03952,Oscar Bakshi,prisha60@example.com,2197465638256,Business,2023-06-08,Low,0.0,0
ACC03953,Nakul Vora,framaswamy@example.net,6813891020874,Wallet,2022-02-22,Low,0.0,0
ACC03954,Parth Walia,oninatarajan@example.net,0319085788258,Business,2022-08-16,Low,0.0,1
ACC03955,Lohit Gour,valakrishna@example.com,0774860256378,Wallet,2022-06-24,Low,0.0,1
ACC03956,Gaurav Rama,sarmamanthan@example.com,2855779748408,Wallet,2021-09-24,Low,0.0,0
ACC03957,Nitesh Gole,mchadha@example.net,7260657682996,Savings,2021-11-09,Low,0.0,0
ACC03958,Manan Virk,damyanticheema@example.net,8680428878925,Savings,2022-10-17,Low,0.0,0
ACC03959,Ria Dubey,jairaj95@example.com,5717626967289,Savings,2022-12-04,Low,0.0,1
ACC03960,Jagvi Sunder,vpall@example.com,4659983143099,Business,2023-02-12,Low,0.0,0
ACC03961,Veer Dutt,khalsahitesh@example.net,3058654833880,Business,2022-10-04,Low,0.0,0
ACC03962,Xalak Chopra,tailorbhavani@example.org,1869756671752,Business,2023-11-25,Low,0.0,0
ACC03963,Chakradev Shan,zansi61@example.org,4749500441850,Savings,2023-07-03,Low,0.0,0
ACC03964,Pushti Bansal,abhiramtara@example.net,3634861565887,Wallet,2022-01-07,Low,0.0,1
ACC03965,Brinda Balasubramanian,maya93@example.net,1370787033014,Current,2022-08-15,Low,0.0,1
ACC03966,Isaac Toor,lilabhalla@example.com,6821797646705,Business,2023-08-16,Low,0.0,1
ACC03967,Chanchal Ganguly,padmanabhanbachittar@example.net,8000182606201,Wallet,2021-12-29,Low,0.0,1
ACC03968,Abhiram Rajagopal,vagrawal@example.net,9042326634564,Business,2022-08-19,Low,0.0,0
ACC03969,Balendra Lanka,srinivaschaaya@example.org,9220213952076,Savings,2022-05-28,Low,0.0,0
ACC03970,Yuvraj Oza,maxpau@example.com,8370157744166,Business,2022-02-24,Low,0.0,1
ACC03971,Jackson Mangat,yoshita48@example.net,7169361756826,Business,2022-08-31,Low,0.0,0
ACC03972,Aarna Dada,falguni01@example.net,5700401733759,Current,2022-07-31,Low,0.0,0
ACC03973,Harshil Garde,obrahmbhatt@example.org,9557016016199,Savings,2022-11-26,Low,0.0,0
ACC03974,Chameli Gara,zaid52@example.com,7094206599954,Wallet,2022-08-12,Low,0.0,1
ACC03975,Aarush Arora,nachiket82@example.org,4963083977251,Business,2022-04-09,Low,0.0,0
ACC03976,Rishi Nayak,chasmumbrar@example.org,6398649354499,Wallet,2021-11-07,Low,0.0,0
ACC03977,Advik Sem,eiravati45@example.org,2340917089574,Wallet,2023-02-06,Low,0.0,1
ACC03978,Maanas Sangha,jwadhwa@example.net,7598768079810,Savings,2023-12-03,Low,0.0,1
ACC03979,Jairaj Kashyap,mohantyrajeshri@example.net,9933863458723,Savings,2023-08-22,Low,0.0,0
ACC03980,Yuvraj Prashad,garimathakkar@example.com,1457587386880,Wallet,2023-01-08,Low,0.0,0
ACC03981,Chanakya Shanker,dhriti11@example.com,4718710003003,Savings,2021-11-08,Low,0.0,1
ACC03982,Kiaan Soman,guneet72@example.net,3249487836002,Wallet,2022-12-07,Low,0.0,0
ACC03983,Jyoti Parmer,yaminibobal@example.com,1727018913887,Savings,2022-10-19,Low,0.0,0
ACC03984,Ishaan Sundaram,yatanrau@example.org,9668844879493,Wallet,2022-12-31,Low,0.0,1
ACC03985,Siya Hari,krishde@example.org,2480727435856,Business,2023-01-06,Low,0.0,0
ACC03986,Joshua Thakkar,slanka@example.org,2050240905083,Savings,2024-05-22,Low,0.0,1
ACC03987,Ijaya Bhandari,siyakaul@example.com,9269252617515,Current,2023-04-22,Low,0.0,1
ACC03988,Gabriel Virk,pranavtripathi@example.com,0213613999232,Current,2022-03-08,Low,0.0,1
ACC03989,Yamini Sawhney,bimala51@example.org,7607866076442,Wallet,2022-05-04,Low,0.0,1
ACC03990,Sudiksha Barad,gsuresh@example.org,9923312899851,Savings,2022-01-26,Low,0.0,0
ACC03991,Yashoda Sani,palanamruta@example.org,1126257489466,Savings,2021-07-25,Low,0.0,0
ACC03992,Dalaja Raju,hema05@example.com,1943425482508,Wallet,2023-09-05,Low,0.0,1
ACC03993,Dev Buch,damini94@example.com,0465342542288,Wallet,2023-07-11,Low,0.0,1
ACC03994,Vedant Dua,kagate@example.net,4805796873352,Savings,2022-06-28,Low,0.0,1
ACC03995,Harish Venkatesh,frana@example.org,9763028665358,Wallet,2023-11-23,Low,0.0,0
ACC03996,Irya Shetty,savantnathan@example.org,8688238551510,Business,2022-02-26,Low,0.0,0
ACC03997,Zayyan Raval,psarma@example.org,4808127274600,Business,2022-05-29,Low,0.0,0
ACC03998,Jairaj Chakraborty,radhika63@example.net,1084855793938,Business,2023-04-02,Low,0.0,0
ACC03999,Manbir Krishna,chawlabhavika@example.com,6964846159101,Savings,2022-01-18,Low,0.0,0
ACC04000,Ekaja Ganguly,dchaudry@example.net,0431138750931,Business,2022-05-08,Low,0.0,1
ACC04001,Nirja Cheema,vkara@example.net,9971777216640,Savings,2023-02-10,Low,0.0,1
ACC04002,Lopa Gokhale,hema34@example.com,7972808937259,Business,2022-05-26,Low,0.0,0
ACC04003,Pushti Chhabra,mwarrior@example.net,7501481027036,Business,2023-02-04,Low,0.0,1
ACC04004,Nidra Pandey,erao@example.net,5272375435477,Savings,2021-09-25,Low,0.0,0
ACC04005,Jagat Nagar,raaginiapte@example.com,8699358839784,Business,2023-09-20,Low,0.0,0
ACC04006,Isaac Raval,knaidu@example.net,4445032312489,Current,2023-01-21,Low,0.0,0
ACC04007,Aadhya Dutt,ilalla@example.net,8915965458273,Business,2022-08-04,Low,0.0,1
ACC04008,Qarin Bajaj,ishwar68@example.net,9424185048900,Wallet,2023-07-14,Low,0.0,1
ACC04009,Anmol Rana,harya@example.net,6240828330092,Wallet,2022-12-24,Low,0.0,0
ACC04010,Tejas Kashyap,michael89@example.org,7026721825715,Business,2023-06-08,Low,0.0,0
ACC04011,Vritti Kata,srinivasanfalguni@example.org,3978690361843,Business,2022-03-21,Low,0.0,1
ACC04012,Noah Dutta,sarthaksabharwal@example.net,9571783003056,Savings,2021-08-23,Low,0.0,1
ACC04013,Zayan Bumb,netra89@example.net,4828758331839,Current,2023-03-12,Low,0.0,0
ACC04014,Kai Chadha,vyanjana32@example.org,6162287947311,Wallet,2023-11-13,Low,0.0,1
ACC04015,Yashasvi Dave,menonisaac@example.com,1336288570158,Wallet,2022-05-23,Low,0.0,1
ACC04016,Urmi Chokshi,kpall@example.net,3026698032739,Business,2021-09-29,Low,0.0,1
ACC04017,Radha Rajagopalan,anshbir@example.org,4128391756735,Current,2022-04-01,Low,0.0,1
ACC04018,Parth De,mahalwakeeta@example.net,0192490748824,Savings,2021-12-27,Low,0.0,0
ACC04019,Tanay Kalita,oni72@example.org,1901473427220,Savings,2022-05-04,Low,0.0,1
ACC04020,Advaith Bal,patelfalan@example.com,8986220686736,Wallet,2023-03-27,Low,0.0,1
ACC04021,William Warrior,devansh52@example.org,9820290166515,Savings,2022-05-30,Low,0.0,1
ACC04022,Ubika Lall,wsastry@example.org,4366647984650,Business,2022-10-20,Low,0.0,0
ACC04023,Wridesh Parmar,lataleela@example.net,1527650960307,Current,2023-01-10,Low,0.0,0
ACC04024,Yachana Oza,wjaggi@example.net,3229919457634,Savings,2022-03-04,Low,0.0,0
ACC04025,Yug Tank,ghoshyash@example.com,0619377061987,Wallet,2022-08-02,Low,0.0,0
ACC04026,Faris Shroff,sabharwalleena@example.net,4105567242742,Wallet,2022-10-14,Low,0.0,0
ACC04027,Saanvi Vala,pranav71@example.com,3756486714364,Wallet,2023-06-10,Low,0.0,1
ACC04028,Keya Chacko,mmurty@example.org,0025188281602,Business,2022-11-15,Low,0.0,0
ACC04029,Zaid Keer,bishakha11@example.org,2013921609228,Wallet,2022-04-01,Low,0.0,0
ACC04030,Tara Agarwal,aghosh@example.org,2933002328521,Business,2024-04-13,Low,0.0,1
ACC04031,Amrita Anand,ramachandranlakshit@example.org,1748600649882,Current,2023-12-12,Low,0.0,1
ACC04032,Sudiksha Saraf,garaalexander@example.net,7699904508202,Current,2022-05-20,Low,0.0,0
ACC04033,Kevin Shankar,vrittiedwin@example.net,3983745374012,Business,2023-05-27,Low,0.0,1
ACC04034,Amara Banik,omaja43@example.org,6593124838279,Business,2023-04-01,Low,0.0,0
ACC04035,Madhavi Mutti,geetika73@example.com,4132366162523,Business,2022-05-31,Low,0.0,0
ACC04036,Ekansh Shenoy,rehaanlala@example.net,5204524205267,Savings,2024-08-08,Low,0.0,1
ACC04037,Zarna Uppal,sethkritika@example.net,3187639540022,Current,2022-12-23,Low,0.0,0
ACC04038,Nathan Saraf,lsahota@example.com,2705702730382,Business,2023-08-02,Low,0.0,0
ACC04039,Chatura Anand,kamdaradvik@example.org,0800928210388,Current,2023-07-30,Low,0.0,0
ACC04040,Yasti Cheema,ishwar41@example.com,6540162429555,Wallet,2021-08-19,Low,0.0,0
ACC04041,Yashvi Subramaniam,sridhargaurav@example.com,2205832837158,Business,2022-11-06,Low,0.0,0
ACC04042,Forum Muni,nidhi32@example.com,4660472948422,Wallet,2021-08-03,Low,0.0,1
ACC04043,Arin Atwal,manneudarsh@example.org,1609706704302,Savings,2022-03-22,Low,0.0,1
ACC04044,Ikbal Kale,azad80@example.com,2335741518134,Current,2021-08-17,Low,0.0,1
ACC04045,Yoshita Chowdhury,fiyaz47@example.net,9905379991557,Business,2023-04-02,Low,0.0,0
ACC04046,Vasudha Ram,hardik81@example.com,8261362434191,Wallet,2022-03-10,Low,0.0,1
ACC04047,Rushil Nagarajan,maxpatel@example.com,0554632182700,Current,2023-04-13,Low,0.0,0
ACC04048,Liam Sanghvi,cchandran@example.net,4760779898962,Current,2022-11-11,Low,0.0,0
ACC04049,Wishi Manne,vincenthora@example.net,2588049625255,Current,2023-09-06,Low,0.0,1
ACC04050,Yug Chowdhury,timothy95@example.org,3135214857517,Current,2023-06-18,Low,0.0,0
ACC04051,Wahab Bhatt,nirjadave@example.org,3145726542586,Savings,2023-04-24,Low,0.0,0
ACC04052,Aarush Dalal,nandini11@example.com,8107452548615,Wallet,2022-09-12,Low,0.0,1
ACC04053,Jalsa Narain,chandachandran@example.net,3061547105787,Business,2022-06-06,Low,0.0,1
ACC04054,Yug Shenoy,jhaindrajit@example.org,2710036660632,Business,2022-10-25,Low,0.0,0
ACC04055,Dhruv Panchal,gayathri60@example.com,5991524275090,Savings,2023-06-08,Low,0.0,1
ACC04056,Krisha Chawla,ronith64@example.com,1623003004520,Current,2023-03-27,Low,0.0,1
ACC04057,Samaksh Munshi,radhakrishnanyochana@example.net,1149638676844,Current,2023-12-02,Low,0.0,0
ACC04058,Dominic Doctor,bhavsarvasudha@example.org,2217894260320,Wallet,2021-10-14,Low,0.0,0
ACC04059,Siddharth Bains,ishaannatt@example.com,5942839811210,Wallet,2022-02-25,Low,0.0,0
ACC04060,Waida Arya,grewaladvika@example.net,2360256732291,Current,2022-03-12,Low,0.0,1
ACC04061,Harshil Gala,rachitben@example.net,5409343688691,Savings,2021-12-22,Low,0.0,0
ACC04062,Christopher Kale,ramanathannimrat@example.com,9300903875567,Business,2021-10-21,Low,0.0,1
ACC04063,Faris Kaur,qabil82@example.org,4430471427205,Savings,2023-11-05,Low,0.0,0
ACC04064,Reyansh Parikh,guneet49@example.org,1112842561962,Savings,2023-02-13,Low,0.0,0
ACC04065,Krish Rau,xdhar@example.org,7727690555908,Wallet,2021-07-27,Low,0.0,1
ACC04066,Zansi Jhaveri,auroratarak@example.com,6943074982097,Savings,2022-11-10,Low,0.0,0
ACC04067,Yadavi Borde,upadhritivala@example.net,1226995190629,Wallet,2022-02-12,Low,0.0,1
ACC04068,Chasmum Dhar,prabhakaroscar@example.org,0657128753348,Savings,2022-11-20,Low,0.0,0
ACC04069,Anirudh Borah,rajeshribhalla@example.com,7421425482718,Current,2023-05-04,Low,0.0,1
ACC04070,Chaitaly Nagarajan,lramesh@example.org,9625847072176,Savings,2022-05-26,Low,0.0,0
ACC04071,Daksh Pandey,chakradevlala@example.com,1974063959070,Savings,2022-07-15,Low,0.0,0
ACC04072,Sai Mangat,sibalyash@example.org,3510909331868,Wallet,2022-08-10,Low,0.0,0
ACC04073,Ekantika Bhatti,leela93@example.com,6391890091807,Savings,2023-05-02,Low,0.0,1
ACC04074,Naveen Chandra,jatin41@example.net,3486071775450,Savings,2021-10-31,Low,0.0,0
ACC04075,Janani Randhawa,sbala@example.com,9001388597871,Wallet,2023-01-28,Low,0.0,1
ACC04076,Zaid Grover,dalalvinaya@example.org,9466961479793,Business,2021-09-27,Low,0.0,0
ACC04077,Mahika Loke,karayug@example.net,2954005453042,Current,2022-10-24,Low,0.0,0
ACC04078,Bhavika Khosla,sahotanimrat@example.com,8999403640298,Current,2023-08-06,Low,0.0,0
ACC04079,Rachita Toor,nkamdar@example.org,2100385894729,Savings,2023-07-05,Low,0.0,1
ACC04080,Garima Prabhakar,nagioscar@example.org,6230817260761,Current,2023-03-25,Low,0.0,1
ACC04081,Anya Dave,moreaarna@example.org,6820727999949,Business,2022-11-08,Low,0.0,0
ACC04082,Christopher Dara,lekhasamra@example.org,6740865600229,Wallet,2021-07-31,Low,0.0,1
ACC04083,Vritti Bakshi,chanchalhanda@example.com,3417607987679,Savings,2022-08-16,Low,0.0,0
ACC04084,Omya Dasgupta,rachit09@example.net,6347774154633,Wallet,2022-01-14,Low,0.0,0
ACC04085,Chameli Das,chahalpeter@example.net,2914394207480,Savings,2023-02-10,Low,0.0,0
ACC04086,Gautami Parsa,dgandhi@example.com,5227192680750,Business,2022-09-01,Low,0.0,0
ACC04087,Lila Shankar,varghesewarinder@example.org,6973382878991,Current,2023-03-22,Low,0.0,1
ACC04088,Matthew Hegde,qabil88@example.org,1369928710023,Current,2022-12-25,Low,0.0,1
ACC04089,Sneha Babu,timothy13@example.com,5163888328997,Business,2021-12-29,Low,0.0,1
ACC04090,Banjeet Prabhakar,qnagy@example.net,1180981660898,Wallet,2021-09-11,Low,0.0,0
ACC04091,Jacob Dugal,mistryveda@example.org,3840115403359,Wallet,2023-12-10,Low,0.0,0
ACC04092,Christopher Bhat,vbaral@example.com,0962771869868,Savings,2021-08-22,Low,0.0,1
ACC04093,Daniel Choudhry,btalwar@example.org,0949274537956,Savings,2022-01-23,Low,0.0,0
ACC04094,Noah Randhawa,raumaanas@example.net,4179588303350,Current,2023-04-16,Low,0.0,1
ACC04095,Tanveer Sawhney,cramaswamy@example.org,8550384710689,Business,2023-02-18,Low,0.0,1
ACC04096,Rishi Borde,bkota@example.com,3101094597513,Wallet,2021-09-21,Low,0.0,0
ACC04097,Ikbal Gandhi,tataudant@example.org,6348110502725,Savings,2022-07-02,Low,0.0,0
ACC04098,Tanmayi Gera,mchacko@example.com,3612735858243,Current,2021-08-05,Low,0.0,1
ACC04099,Michael Dhar,upadhyaygarima@example.com,2362391613502,Business,2022-11-29,Low,0.0,0
ACC04100,Hemal Nadkarni,gayathriraman@example.net,0880635729898,Savings,2022-11-24,Low,0.0,0
ACC04101,Caleb Pai,girik37@example.net,8291271643169,Wallet,2023-02-26,Low,0.0,1
ACC04102,Daniel Bhasin,qvig@example.org,6020122125847,Savings,2021-09-10,Low,0.0,1
ACC04103,Warjas Viswanathan,gmukhopadhyay@example.com,6980225091357,Current,2023-03-02,Low,0.0,0
ACC04104,Tanveer Singhal,pratyush14@example.org,7099521046059,Current,2021-08-03,Low,0.0,1
ACC04105,Nidhi Dar,bajwachanchal@example.com,6149434050136,Current,2022-10-08,Low,0.0,1
ACC04106,Damini Prabhakar,zmurty@example.com,2355897295505,Wallet,2021-09-21,Low,0.0,0
ACC04107,Manan Mand,chaudharyaarush@example.net,1540992293466,Business,2021-10-14,Low,0.0,0
ACC04108,Shravya Dutta,chaitaly83@example.com,5995726348550,Savings,2023-03-26,Low,0.0,0
ACC04109,Mohammed Krish,shenoynathan@example.net,7828661982859,Savings,2021-09-10,Low,0.0,0
ACC04110,Amruta Barman,ddatta@example.net,3410230130113,Business,2022-09-05,Low,0.0,1
ACC04111,Lopa Khurana,nimratvarma@example.com,6686734815391,Business,2021-08-22,Low,0.0,1
ACC04112,Om Bumb,kumarreyansh@example.net,0569043644469,Wallet,2021-12-27,Low,0.0,0
ACC04113,Chasmum Devan,borraakshay@example.com,0990530326151,Business,2021-07-17,Low,0.0,1
ACC04114,Harshil Bali,anmol44@example.com,6389892284014,Savings,2021-09-08,Low,0.0,1
ACC04115,Vedhika Bath,wakeeta35@example.net,5416318927500,Current,2022-01-15,Low,0.0,1
ACC04116,Nathan Chauhan,ranveer90@example.net,5067481798903,Wallet,2022-07-31,Low,0.0,1
ACC04117,Bachittar Khosla,vasudhaparmar@example.net,3012170994495,Savings,2023-01-05,Low,0.0,0
ACC04118,Ekaraj Yohannan,jhaveriaachal@example.org,2906169185361,Business,2022-04-24,Low,0.0,0
ACC04119,Oeshi Tata,sidhumeghana@example.net,7025891271773,Wallet,2022-09-23,Low,0.0,0
ACC04120,Mitali Yohannan,warda81@example.org,2894168631855,Savings,2021-11-11,Low,0.0,0
ACC04121,Edhitha Sagar,tradhakrishnan@example.com,9054116691153,Savings,2022-03-15,Low,0.0,0
ACC04122,Ansh Nadig,dakshadewan@example.com,9697686990078,Current,2022-03-26,Low,0.0,0
ACC04123,Yahvi Dani,qarora@example.org,7964049703834,Business,2021-10-12,Low,0.0,1
ACC04124,Aarnav Khare,chaudhurielijah@example.com,7701830784908,Current,2023-12-28,Low,0.0,1
ACC04125,Zashil Pal,ratwal@example.net,3201302239354,Business,2023-06-10,Low,0.0,0
ACC04126,Yatin Prakash,obumb@example.org,4727812196573,Wallet,2023-02-13,Low,0.0,0
ACC04127,Frederick Nagy,lajita06@example.com,7664712434683,Savings,2023-09-09,Low,0.0,0
ACC04128,Eta Minhas,gom@example.net,7980058326973,Current,2023-04-20,Low,0.0,0
ACC04129,Charles Saraf,danielbobal@example.com,1095927833285,Current,2021-08-16,Low,0.0,0
ACC04130,Victor Lala,jackson16@example.net,0651513822262,Business,2021-10-11,Low,0.0,0
ACC04131,Ladli Nori,anviraju@example.org,2048825267913,Wallet,2022-09-25,Low,0.0,1
ACC04132,Gavin Pant,cmane@example.net,8718829917807,Business,2021-07-20,Low,0.0,0
ACC04133,Oni Chaudhary,aachal58@example.net,6187001365122,Current,2023-04-09,Low,0.0,1
ACC04134,Dev Sama,jalsasehgal@example.com,3647259856842,Current,2022-01-27,Low,0.0,0
ACC04135,Onveer Dayal,sathvik54@example.org,3019426736325,Wallet,2021-10-04,Low,0.0,0
ACC04136,Irya Khanna,bassiadya@example.net,0804531002590,Wallet,2023-06-11,Low,0.0,0
ACC04137,Saumya Prabhu,vasana69@example.org,1359518469172,Savings,2022-11-02,Low,0.0,0
ACC04138,Urvashi Chada,siyachoudhury@example.net,7241987833330,Wallet,2023-06-28,Low,0.0,0
ACC04139,Januja Pai,eranganathan@example.org,5220227961770,Business,2021-07-17,Low,0.0,0
ACC04140,Gagan Gera,padmanabhanhema@example.net,7294889833119,Business,2021-08-29,Low,0.0,0
ACC04141,Yatan Patil,bahadurjit52@example.net,6406056432900,Current,2023-12-10,Low,0.0,0
ACC04142,Advaith Biswas,xalak27@example.com,6362298225053,Savings,2022-06-08,Low,0.0,0
ACC04143,Ekaja Halder,dayalrohan@example.com,8420941844462,Current,2023-10-01,Low,0.0,0
ACC04144,Amrita Grover,geetika79@example.com,7313921180829,Business,2023-06-11,Low,0.0,0
ACC04145,Balendra Shankar,tanish85@example.net,2903216515567,Wallet,2022-01-12,Low,0.0,1
ACC04146,Ranveer Sarna,dbora@example.com,7787659732460,Current,2023-11-11,Low,0.0,0
ACC04147,Vamakshi Banik,anay21@example.org,5058368251702,Business,2022-04-08,Low,0.0,1
ACC04148,Ira Prabhakar,keyasetty@example.com,9344322283721,Business,2022-04-26,Low,0.0,1
ACC04149,Abhiram Goyal,lkade@example.org,4484000453444,Wallet,2023-08-01,Low,0.0,1
ACC04150,Qasim Gara,gdeol@example.org,2724334772048,Savings,2022-12-20,Low,0.0,0
ACC04151,Bhavini Khatri,zrajagopal@example.org,5599484827596,Current,2022-05-30,Low,0.0,1
ACC04152,Jyoti Tailor,gkrishna@example.org,0871062359169,Savings,2023-12-17,Low,0.0,1
ACC04153,Hritik Tiwari,aishanimalhotra@example.com,9566566020762,Business,2021-10-31,Low,0.0,0
ACC04154,Dhriti Buch,darpanreddy@example.org,7348579494184,Business,2021-09-05,Low,0.0,0
ACC04155,Noah Sarin,aradhana95@example.org,0575494158744,Business,2023-09-01,Low,0.0,1
ACC04156,Harita Arora,lohitdugar@example.net,1858976811655,Current,2021-12-31,Low,0.0,0
ACC04157,Isaiah Mukherjee,viswanathanridhi@example.com,5748004869080,Current,2023-06-19,Low,0.0,1
ACC04158,Krisha Tank,naveenkumer@example.net,9342749784752,Wallet,2023-03-12,Low,0.0,0
ACC04159,Yamini Bhatt,geetika15@example.com,4993729952043,Business,2022-12-05,Low,0.0,1
ACC04160,Girish Ravel,maniliam@example.com,7599729846858,Current,2022-10-16,Low,0.0,0
ACC04161,Tanvi Roy,prabhakaranay@example.net,7599753929188,Current,2022-04-26,Low,0.0,0
ACC04162,Aachal Baria,avni84@example.com,2918935805830,Current,2021-09-09,Low,0.0,0
ACC04163,Lekha Devan,nadkarnizayan@example.org,0244211738496,Wallet,2021-12-17,Low,0.0,0
ACC04164,Shravya Lala,nishamorar@example.net,0701342235504,Current,2022-10-29,Low,0.0,0
ACC04165,Aryan Prabhu,dchoudhry@example.net,2080201104125,Current,2022-11-08,Low,0.0,1
ACC04166,Chaitanya Manne,iacharya@example.net,5092011988552,Current,2023-12-02,Low,0.0,0
ACC04167,Frederick Suri,zaitradeshpande@example.com,2612592797604,Wallet,2023-04-07,Low,0.0,0
ACC04168,Qabil Seshadri,waliasiddharth@example.org,0084952540035,Current,2022-04-08,Low,0.0,0
ACC04169,Yashodhara Kala,diya76@example.com,7897926911616,Business,2023-04-21,Low,0.0,0
ACC04170,Lopa Raja,lkalita@example.com,3188297876824,Wallet,2022-05-14,Low,0.0,0
ACC04171,Zinal Mitter,gabriel66@example.org,3575484524054,Business,2023-10-05,Low,0.0,0
ACC04172,Nitara Wason,ryandara@example.com,1472380327055,Savings,2022-09-07,Low,0.0,0
ACC04173,Arya Anand,vedhikamerchant@example.org,4320589207904,Current,2021-07-22,Low,0.0,0
ACC04174,Lekha Sarin,kondaladli@example.net,6348528529580,Wallet,2022-01-21,Low,0.0,0
ACC04175,Girish Doctor,choudharyutkarsh@example.net,7968559652117,Business,2022-01-27,Low,0.0,1
ACC04176,Anay Apte,xitichowdhury@example.org,9390306416702,Current,2021-12-31,Low,0.0,0
ACC04177,Charvi Grewal,sibalyochana@example.org,0107725021098,Business,2022-01-05,Low,0.0,1
ACC04178,Teerth Bhalla,gagarwal@example.com,8291353941187,Business,2021-12-08,Low,0.0,0
ACC04179,Unni Magar,rishikashyap@example.org,5613631159695,Wallet,2023-10-18,Low,0.0,0
ACC04180,Daksha Borra,ibhasin@example.net,5763416253164,Savings,2022-06-09,Low,0.0,1
ACC04181,Orinder Kadakia,kkata@example.org,4574129860377,Savings,2023-11-08,Low,0.0,0
ACC04182,Gautami Lad,eiravatikanda@example.org,0277721788728,Wallet,2023-05-05,Low,0.0,0
ACC04183,Yashoda Dubey,aoak@example.org,1235483662539,Business,2023-01-03,Low,0.0,0
ACC04184,Vritti Chowdhury,manankale@example.net,3021559522393,Savings,2023-12-26,Low,0.0,0
ACC04185,Hamsini Buch,parikhgirik@example.net,0797228108918,Wallet,2022-08-02,Low,0.0,0
ACC04186,Abhiram Varughese,chanakya00@example.org,1320360960337,Business,2023-02-25,Low,0.0,1
ACC04187,Nandini Bora,neelimaagarwal@example.com,8079344696909,Business,2022-02-12,Low,0.0,0
ACC04188,Chanakya Dugar,fariqkhosla@example.com,4460079194923,Wallet,2023-08-18,Low,0.0,0
ACC04189,Nathaniel Bhasin,vedikakade@example.net,4997805501443,Savings,2022-05-16,Low,0.0,1
ACC04190,Guneet Chawla,sanghvividhi@example.org,1210753535423,Current,2023-04-09,Low,0.0,1
ACC04191,Kamala Kade,xpall@example.net,9128264249148,Current,2022-08-03,Low,0.0,0
ACC04192,Mohini Contractor,nidra58@example.com,7398930161279,Business,2023-01-18,Low,0.0,1
ACC04193,Chanchal Gole,gdayal@example.org,5071689232171,Business,2023-08-18,Low,0.0,0
ACC04194,Arya Radhakrishnan,nnadig@example.org,5705570143027,Savings,2023-02-10,Low,0.0,0
ACC04195,Sneha Dash,anushamaharaj@example.org,2832420095410,Business,2023-08-08,Low,0.0,0
ACC04196,Jonathan Sidhu,zsom@example.com,6333132562127,Wallet,2023-09-03,Low,0.0,1
ACC04197,Fitan Mukhopadhyay,natarajanjyoti@example.org,2977291616934,Wallet,2023-11-16,Low,0.0,0
ACC04198,Gagan Sharma,meghana48@example.com,0795207570464,Current,2022-08-07,Low,0.0,1
ACC04199,Turvi Buch,shivansh03@example.com,3174816743121,Wallet,2021-11-26,Low,0.0,1
ACC04200,Tripti Doshi,omya73@example.com,5317841647560,Wallet,2022-10-17,Low,0.0,1
ACC04201,Ganga Sidhu,aradhana15@example.com,1428234282097,Wallet,2021-07-17,Low,0.0,0
ACC04202,Jeremiah Dube,eshanakarpe@example.com,2132868797325,Wallet,2022-04-13,Low,0.0,0
ACC04203,Charan Kibe,warda58@example.com,4432801940945,Wallet,2022-07-20,Low,0.0,1
ACC04204,Reva Setty,chopravrishti@example.org,4894950536236,Wallet,2022-10-11,Low,0.0,0
ACC04205,Riya Saha,rachitakari@example.com,0685964652157,Current,2023-02-11,Low,0.0,1
ACC04206,Bhavya Yogi,lakshmi65@example.com,4398997930700,Business,2021-11-09,Low,0.0,1
ACC04207,Mekhala Rout,ubhargava@example.net,2261247130520,Current,2022-06-10,Low,0.0,1
ACC04208,Amrita Bal,buchshravya@example.net,6693548910211,Business,2023-11-07,Low,0.0,0
ACC04209,Ayush Chadha,dhriti81@example.com,3833997049835,Current,2023-08-01,Low,0.0,0
ACC04210,Warjas Gour,dsinghal@example.org,1932887525768,Savings,2023-05-10,Low,0.0,0
ACC04211,Ijaya Golla,plata@example.com,9752542171916,Current,2023-11-25,Low,0.0,1
ACC04212,Gaurangi Garg,xkamdar@example.com,5905375499049,Business,2023-04-09,Low,0.0,0
ACC04213,Jagdish Bhatti,isaiah01@example.org,2690594713739,Current,2022-01-08,Low,0.0,0
ACC04214,Krisha Raja,xprakash@example.net,8370394731254,Business,2022-10-11,Low,0.0,0
ACC04215,Chakradev Tandon,girish49@example.net,6740028674160,Savings,2022-08-12,Low,0.0,0
ACC04216,William Chana,chakradev47@example.net,5566128240828,Savings,2022-10-05,Low,0.0,0
ACC04217,Kevin Sathe,baljiwan64@example.com,8870449160730,Wallet,2022-01-04,Low,0.0,0
ACC04218,Varenya Patil,mkunda@example.org,5000943659607,Business,2022-09-19,Low,0.0,1
ACC04219,Arya Pai,rachit23@example.org,0694347296932,Business,2023-09-07,Low,0.0,0
ACC04220,Forum Dayal,meghana17@example.net,8854818826490,Current,2023-08-27,Low,0.0,0
ACC04221,Frado Goswami,damyanti72@example.com,3303458409430,Wallet,2023-09-27,Low,0.0,0
ACC04222,Yatin Sarin,tsalvi@example.com,0547199613069,Current,2021-07-25,Low,0.0,0
ACC04223,Vasana Behl,odasgupta@example.org,2878527244069,Wallet,2023-06-30,Low,0.0,1
ACC04224,Rehaan Prabhakar,tarafaris@example.com,1882213172361,Current,2021-11-24,Low,0.0,1
ACC04225,Jeremiah Barad,bathhenry@example.net,9408749503346,Wallet,2022-06-03,Low,0.0,0
ACC04226,Ayush Pillai,msen@example.com,1402269562094,Current,2022-05-13,Low,0.0,0
ACC04227,Manya Buch,dixityashvi@example.org,9884377211831,Savings,2022-07-11,Low,0.0,0
ACC04228,Frederick Subramaniam,wridesh09@example.net,2048681820412,Current,2022-10-31,Low,0.0,0
ACC04229,Ganga Baria,lkhanna@example.org,4568631468704,Savings,2023-04-23,Low,0.0,0
ACC04230,Gunbir Patla,sainiomya@example.net,5392181124648,Business,2022-02-06,Low,0.0,1
ACC04231,Shivani Yohannan,tatachatresh@example.com,3098392228210,Savings,2023-01-29,Low,0.0,0
ACC04232,Jacob Palla,rohanluthra@example.net,1719322571779,Savings,2023-03-15,Low,0.0,0
ACC04233,Yutika Pant,rattadamini@example.org,7320360714987,Savings,2022-11-23,Low,0.0,0
ACC04234,Samar Sethi,arunima57@example.net,7631413192993,Wallet,2022-05-06,Low,0.0,0
ACC04235,Peter Karan,waida80@example.org,5067156636856,Savings,2021-08-26,Low,0.0,0
ACC04236,Dev Banik,qjha@example.net,9045057326630,Wallet,2023-07-27,Low,0.0,1
ACC04237,Ojasvi Doshi,saanvi22@example.org,0914428845831,Savings,2023-10-09,Low,0.0,1
ACC04238,Abhimanyu Mani,nbaral@example.org,3077262928750,Business,2021-09-02,Low,0.0,0
ACC04239,Ishita Kaul,loganmittal@example.net,8025769985893,Business,2022-09-23,Low,0.0,0
ACC04240,Mohammed Pal,balakrishnanoviya@example.com,1728855189553,Wallet,2022-05-02,Low,0.0,0
ACC04241,Hiral Jain,hiral23@example.net,2146111055979,Savings,2023-01-28,Low,0.0,0
ACC04242,Qasim Garg,anyachawla@example.org,4262898936519,Savings,2022-02-28,Low,0.0,0
ACC04243,Nitara Naidu,ishanvi60@example.org,6619739964176,Business,2023-02-02,Low,0.0,0
ACC04244,Unni Agrawal,msen@example.com,2003258663702,Current,2023-05-29,Low,0.0,0
ACC04245,Nisha Vasa,kbala@example.org,6671738233797,Savings,2021-10-02,Low,0.0,0
ACC04246,Tanay Bajwa,vasatikabobal@example.net,1332690187363,Wallet,2023-02-04,Low,0.0,0
ACC04247,Keya Gola,kmisra@example.org,0021912416447,Savings,2021-11-30,Low,0.0,0
ACC04248,Naksh Kunda,kevinhegde@example.net,7484874152031,Savings,2022-06-19,Low,0.0,0
ACC04249,Ucchal Prakash,zansi80@example.com,7473836694718,Business,2023-09-28,Low,0.0,1
ACC04250,Bhavani Mand,lavanya47@example.org,5365556059233,Business,2023-04-14,Low,0.0,1
ACC04251,Ekaja Chokshi,odas@example.net,6831292850341,Current,2023-04-30,Low,0.0,0
ACC04252,Falguni Bansal,zbath@example.com,5152586217008,Business,2023-10-01,Low,0.0,1
ACC04253,Yashica Bir,owenbuch@example.org,1827984058273,Savings,2021-08-11,Low,0.0,0
ACC04254,Jeevika Virk,tpant@example.net,0858245503163,Current,2023-07-18,Low,0.0,0
ACC04255,Veda Khalsa,hiralzacharia@example.com,5122537698482,Business,2021-10-24,Low,0.0,0
ACC04256,Abha Chana,mahajankaran@example.org,1015633918075,Business,2023-03-15,Low,0.0,0
ACC04257,Lakshmi Mall,samarth22@example.net,3074232893104,Current,2023-08-30,Low,0.0,0
ACC04258,Oni Misra,balhaar63@example.com,1366159282249,Wallet,2022-08-16,Low,0.0,1
ACC04259,Yatan Vig,jeevikapurohit@example.net,1699175541330,Business,2021-12-08,Low,0.0,1
ACC04260,Jyoti Bir,kariazaan@example.org,0589911443424,Wallet,2022-01-29,Low,0.0,0
ACC04261,Ekansh Nazareth,mdasgupta@example.com,6639073875656,Current,2022-12-29,Low,0.0,1
ACC04262,Elijah Chander,chaitalyahluwalia@example.com,1272419750288,Savings,2021-08-31,Low,0.0,0
ACC04263,Rudra Kohli,saxenaadweta@example.com,9856275777783,Wallet,2022-07-25,Low,0.0,0
ACC04264,Ekbal Vyas,nsethi@example.org,2656837200451,Current,2022-08-17,Low,0.0,1
ACC04265,Kala Parikh,narangekapad@example.com,7335021421721,Business,2022-11-29,Low,0.0,1
ACC04266,Thomas Savant,maxkunda@example.org,3442907122302,Business,2023-04-01,Low,0.0,1
ACC04267,Tanish Arora,singhmichael@example.org,4844440513748,Business,2023-09-30,Low,0.0,1
ACC04268,Daksh Parmar,aadhya80@example.org,7252944930998,Business,2021-09-22,Low,0.0,1
ACC04269,Rushil Hegde,gaganpalla@example.org,8233201861626,Wallet,2022-04-12,Low,0.0,0
ACC04270,Indali Raju,varkeybrijesh@example.com,2113847040227,Current,2022-10-13,Low,0.0,0
ACC04271,Ronith Andra,karnikyochana@example.net,9553631573703,Business,2023-09-27,Low,0.0,1
ACC04272,Shravya Sathe,omajaaggarwal@example.org,3606359999067,Savings,2022-07-24,Low,0.0,0
ACC04273,Laban Kannan,shankarganga@example.org,0535216229652,Wallet,2022-09-13,Low,0.0,0
ACC04274,Hemang Choudhary,vmuni@example.com,1334181291686,Current,2022-03-08,Low,0.0,0
ACC04275,Kritika Golla,tanish61@example.org,8487867771109,Current,2022-08-11,Low,0.0,0
ACC04276,Xavier Issac,advaithsethi@example.net,2573169562859,Savings,2023-03-09,Low,0.0,0
ACC04277,Nidra Biswas,matthew09@example.org,0366758082733,Business,2022-10-10,Low,0.0,0
ACC04278,Tamanna Seshadri,ekavirpal@example.net,6574858685873,Savings,2021-10-02,Low,0.0,0
ACC04279,Jasmit Soni,dayita33@example.net,2341429399119,Business,2023-02-27,Low,0.0,0
ACC04280,Yachana Sahota,isaiahchar@example.org,5964887206797,Current,2023-08-23,Low,0.0,0
ACC04281,Ryan Manda,yauvanibumb@example.net,6954900103801,Wallet,2021-08-22,Low,0.0,0
ACC04282,Girish Deshmukh,bimala63@example.org,2973995992740,Current,2022-07-14,Low,0.0,0
ACC04283,Utkarsh Dutt,kaulmax@example.net,9068400515639,Business,2023-03-04,Low,0.0,1
ACC04284,Jasmit Dash,aaravkaul@example.net,9201330342289,Savings,2022-06-15,Low,0.0,0
ACC04285,Girindra Gade,udarsh25@example.com,0948464556990,Savings,2023-11-15,Low,0.0,1
ACC04286,Robert Rastogi,ati53@example.org,7434797564327,Savings,2022-07-27,Low,0.0,1
ACC04287,Ronith Dube,rbhakta@example.org,0611217043796,Business,2022-11-04,Low,0.0,1
ACC04288,Atharv Manda,ranbirshere@example.org,1749097827698,Savings,2022-09-12,Low,0.0,0
ACC04289,Vasana Choudhury,jmani@example.org,4375177784251,Wallet,2023-01-02,Low,0.0,0
ACC04290,Gaurang Sant,yahvi87@example.net,1196747753162,Wallet,2022-05-11,Low,0.0,0
ACC04291,Varsha Basak,kraghavan@example.net,5154032892624,Savings,2021-11-04,Low,0.0,0
ACC04292,Gaurangi Khosla,zroy@example.com,2894614554511,Savings,2023-09-06,Low,0.0,0
ACC04293,Hemal Nadkarni,yutika39@example.net,1570956462956,Business,2023-07-01,Low,0.0,0
ACC04294,Qarin Kala,toorfalak@example.com,4364493747908,Current,2021-08-20,Low,0.0,0
ACC04295,Pushti Zachariah,yochanamadan@example.net,6971576289480,Business,2023-11-15,Low,0.0,0
ACC04296,Zaid Kalita,gaurang86@example.org,4778809367661,Savings,2022-10-31,Low,0.0,0
ACC04297,Tanmayi Ghosh,bajwaojas@example.org,9390200145016,Wallet,2023-02-13,Low,0.0,0
ACC04298,Barkha Mishra,aadi09@example.org,7224724243056,Business,2021-11-16,Low,0.0,1
ACC04299,Anmol Nagar,dharsaksham@example.org,6799284639555,Business,2022-04-02,Low,0.0,1
ACC04300,Zehaan Gera,mahikaagarwal@example.net,7597011908047,Wallet,2023-01-16,Low,0.0,0
ACC04301,Caleb Pant,pradhanzinal@example.com,5812027258114,Current,2023-05-29,Low,0.0,1
ACC04302,Qushi Varkey,baljiwan65@example.com,1328515529742,Current,2023-10-12,Low,0.0,0
ACC04303,Nisha Soman,pdada@example.net,2336828780897,Wallet,2021-07-22,Low,0.0,1
ACC04304,Widisha More,ddugar@example.com,9177508639277,Savings,2022-10-13,Low,0.0,0
ACC04305,Zayan Guha,chopranoah@example.com,9860436689957,Savings,2023-12-26,Low,0.0,0
ACC04306,Bhanumati Dada,vartyjhalak@example.org,6423164219634,Business,2023-09-03,Low,0.0,0
ACC04307,Farhan Andra,rnagarajan@example.net,0786381240579,Savings,2023-07-09,Low,0.0,0
ACC04308,Lekha Dewan,yashoda37@example.com,6061403519573,Business,2022-09-16,Low,0.0,0
ACC04309,Aadi Som,nisha52@example.com,4831145064533,Business,2021-07-25,Low,0.0,0
ACC04310,Falak Reddy,anyaarya@example.org,8598646848085,Business,2023-02-24,Low,0.0,0
ACC04311,Mitesh Gandhi,yoshita74@example.net,2362982599551,Wallet,2022-01-23,Low,0.0,0
ACC04312,Anya Balay,uvig@example.com,0067947199120,Business,2021-09-29,Low,0.0,0
ACC04313,Ekalinga Chokshi,hdhingra@example.org,5564199039709,Wallet,2023-10-03,Low,0.0,0
ACC04314,Baljiwan Mistry,oscarchandra@example.org,6121999752547,Current,2023-08-15,Low,0.0,0
ACC04315,Ridhi Walla,janujamann@example.com,2512120865509,Savings,2023-06-19,Low,0.0,0
ACC04316,Varenya Barad,mittalsiddharth@example.org,8471634415136,Savings,2021-09-17,Low,0.0,1
ACC04317,Mohammed Mohanty,jainpavani@example.org,2782709176024,Savings,2022-01-18,Low,0.0,1
ACC04318,Karan Rau,ekantikasami@example.net,9552991006291,Current,2021-08-04,Low,0.0,0
ACC04319,Qushi Srivastava,walirishi@example.org,8782508340017,Savings,2023-05-31,Low,0.0,0
ACC04320,Dayita Sen,cmangat@example.org,8160603261244,Business,2022-03-07,Low,0.0,0
ACC04321,Udarsh Sengupta,hiral68@example.net,8273470724625,Current,2022-03-06,Low,0.0,0
ACC04322,Zansi Sane,ddeep@example.com,0672823608352,Current,2022-10-11,Low,0.0,0
ACC04323,Siddharth Bumb,pdevi@example.net,7028748928231,Current,2023-10-04,Low,0.0,0
ACC04324,Fariq Shanker,devanwridesh@example.org,5533517496468,Wallet,2021-11-03,Low,0.0,0
ACC04325,Qushi Swaminathan,manetamanna@example.org,3951617240539,Business,2023-08-02,Low,0.0,1
ACC04326,Tanvi Seshadri,rishibhatnagar@example.org,3614345648671,Business,2022-10-25,Low,0.0,0
ACC04327,Harini Guha,varsha30@example.org,4160462907095,Savings,2023-09-03,Low,0.0,1
ACC04328,Faraj Mall,vanshamutti@example.com,6354057013632,Current,2023-07-28,Low,0.0,0
ACC04329,Upkaar Zacharia,forum71@example.com,6991498250461,Business,2022-08-22,Low,0.0,0
ACC04330,Hitesh Sridhar,kaleqadim@example.com,4711856306906,Business,2023-12-11,Low,0.0,0
ACC04331,Frado Hayer,gollaishwar@example.org,4668351612346,Business,2022-05-11,Low,0.0,0
ACC04332,Faras Deshpande,njayaraman@example.net,0906582283009,Current,2023-06-08,Low,0.0,0
ACC04333,Libni Kapadia,finn86@example.net,5961689149088,Wallet,2022-05-27,Low,0.0,1
ACC04334,Dev Garg,jaggiadvik@example.net,7363656756965,Business,2023-11-09,Low,0.0,1
ACC04335,Pranit Balay,mitesh27@example.net,0446567016299,Wallet,2023-12-23,Low,0.0,0
ACC04336,Daksha Bora,hparmar@example.com,4416860525734,Savings,2022-03-26,Low,0.0,0
ACC04337,Advik Kale,venkataramansamuel@example.net,4490091542218,Business,2022-11-01,Low,0.0,0
ACC04338,Rudra Dutta,aayushsinha@example.com,4534010749025,Business,2021-12-07,Low,0.0,0
ACC04339,Ranveer Prasad,igaba@example.org,6674649325164,Wallet,2023-11-24,Low,0.0,1
ACC04340,Aarini Gour,ebala@example.net,2398587980666,Business,2022-11-17,Low,0.0,1
ACC04341,Eiravati Din,zaitra85@example.org,3468673040009,Business,2022-07-24,Low,0.0,0
ACC04342,Siddharth Prashad,rajata73@example.com,9268761288441,Business,2023-05-08,Low,0.0,1
ACC04343,Joshua Pillai,vihaansalvi@example.org,8690887757873,Savings,2022-07-09,Low,0.0,0
ACC04344,Anamika Manne,rkhurana@example.org,3574620665273,Savings,2022-10-25,Low,0.0,0
ACC04345,Lajita Naik,mohammed89@example.net,0176966671563,Wallet,2022-06-13,Low,0.0,0
ACC04346,Reva Patla,haritasengupta@example.net,7668000273137,Savings,2023-04-01,Low,0.0,1
ACC04347,Oni Narula,desaiekiya@example.com,7992523402119,Business,2022-09-03,Low,0.0,1
ACC04348,Nandini Mangat,prishasarna@example.com,4774920503182,Savings,2022-08-12,Low,0.0,1
ACC04349,Warinder Purohit,hiteshchaudhuri@example.net,7710866947938,Wallet,2022-09-28,Low,0.0,1
ACC04350,Joshua Hegde,ubikachauhan@example.net,8952786903004,Business,2023-12-10,Low,0.0,1
ACC04351,Gopal Garg,vchaudry@example.com,1613701811073,Current,2023-03-12,Low,0.0,0
ACC04352,Ijaya Gara,qvarkey@example.com,2710538834987,Current,2022-09-07,Low,0.0,0
ACC04353,Anita Chopra,lila79@example.com,8684762599672,Wallet,2022-10-09,Low,0.0,0
ACC04354,Ronith Mohan,sbora@example.com,7710203786411,Current,2022-07-30,Low,0.0,1
ACC04355,Sneha Madan,dbrahmbhatt@example.net,8868487863824,Current,2022-05-09,Low,0.0,0
ACC04356,Sai Chana,wwalla@example.com,3127731528159,Wallet,2022-04-24,Low,0.0,0
ACC04357,Arya Handa,vchandra@example.org,5163945128589,Business,2023-08-19,Low,0.0,0
ACC04358,Rishi Agrawal,tankharrison@example.org,9872483430674,Wallet,2021-12-21,Low,0.0,0
ACC04359,Megha Suresh,datewarinder@example.net,3997968878997,Business,2022-10-31,Low,0.0,0
ACC04360,Anvi Hegde,tdass@example.net,6752356371089,Wallet,2021-10-07,Low,0.0,0
ACC04361,Rayaan Jain,omisha13@example.net,8524719535307,Business,2021-10-04,Low,0.0,0
ACC04362,Kalpit Dar,ycherian@example.net,4578483997413,Current,2022-04-04,Low,0.0,1
ACC04363,Viraj Das,ranbirlad@example.com,9783701247101,Current,2023-03-17,Low,0.0,1
ACC04364,Udarsh Upadhyay,tanveerkannan@example.org,2979744527696,Savings,2022-02-16,Low,0.0,0
ACC04365,Qadim Modi,yashodagoda@example.org,6637883130667,Business,2023-08-21,Low,0.0,1
ACC04366,Lucky Jani,awali@example.net,3383645482739,Current,2023-06-10,Low,0.0,0
ACC04367,Aarna Chaudhary,grao@example.com,1082968292459,Current,2022-04-20,Low,0.0,0
ACC04368,Amrita Singh,hritikoommen@example.net,6325258885821,Business,2023-09-19,Low,0.0,1
ACC04369,Bhavya Bhargava,simonthaker@example.org,0490987313312,Business,2022-08-13,Low,0.0,0
ACC04370,Oeshi Aggarwal,pkhosla@example.com,6594557017278,Wallet,2023-05-05,Low,0.0,0
ACC04371,Siddharth Wadhwa,ulala@example.com,3641492864018,Current,2022-06-09,Low,0.0,1
ACC04372,Anay Bumb,avibava@example.org,0796366902051,Savings,2023-12-13,Low,0.0,0
ACC04373,Rohan Goyal,hemanggoel@example.net,2855202981352,Wallet,2023-04-08,Low,0.0,1
ACC04374,Yatan Venkataraman,geetikanagar@example.net,8679630235988,Wallet,2022-02-06,Low,0.0,0
ACC04375,Aarav Bhandari,ahluwaliaanirudh@example.com,8352415076523,Current,2023-07-06,Low,0.0,0
ACC04376,Edhitha Subramanian,choudhuryharsh@example.com,0929806515270,Savings,2021-09-26,Low,0.0,1
ACC04377,Max Sule,aarav12@example.net,7642495476719,Savings,2023-01-20,Low,0.0,1
ACC04378,Laksh Mistry,xzachariah@example.org,1325880761292,Business,2023-09-06,Low,0.0,1
ACC04379,Aadi Sanghvi,umang66@example.org,1123792814802,Current,2023-08-30,Low,0.0,1
ACC04380,Yochana Hegde,yochana74@example.com,4124043842883,Current,2022-08-20,Low,0.0,1
ACC04381,Ikshita Brahmbhatt,pandeyonveer@example.com,2452859234463,Wallet,2023-01-17,Low,0.0,1
ACC04382,Onveer Chand,bordezehaan@example.com,1172396319010,Wallet,2021-11-04,Low,0.0,0
ACC04383,Radha Dua,vyanjanatiwari@example.com,6712301674302,Savings,2021-11-03,Low,0.0,1
ACC04384,Joshua Balakrishnan,praval@example.org,7395894832864,Wallet,2023-07-30,Low,0.0,0
ACC04385,Anika Dash,lopasama@example.org,5968328233177,Savings,2022-01-07,Low,0.0,1
ACC04386,Vihaan Sankaran,wazir35@example.net,6817557958780,Savings,2022-10-09,Low,0.0,0
ACC04387,Krishna Toor,wradhakrishnan@example.org,8507566386233,Business,2021-08-22,Low,0.0,0
ACC04388,Faqid Bath,sibalijaya@example.net,4956603562380,Savings,2023-09-14,Low,0.0,1
ACC04389,Harinakshi Naidu,vasana81@example.com,6329514674702,Savings,2021-09-09,Low,0.0,0
ACC04390,Unnati Patla,nchokshi@example.org,2446241674974,Savings,2022-07-30,Low,0.0,0
ACC04391,Victor Rajan,lankayashica@example.org,8211814850618,Savings,2023-07-13,Low,0.0,0
ACC04392,Pooja Kothari,avni06@example.net,8824792229783,Savings,2021-07-23,Low,0.0,0
ACC04393,Fiyaz Sehgal,pratyushjaggi@example.net,8553277770550,Current,2022-12-26,Low,0.0,1
ACC04394,Udyati Chand,rajaluke@example.com,6659053497574,Current,2021-12-16,Low,0.0,1
ACC04395,Falak Bose,chokshiishanvi@example.net,5554562321791,Wallet,2022-01-05,Low,0.0,0
ACC04396,Agastya Chawla,mkurian@example.net,7161702972720,Business,2021-11-11,Low,0.0,0
ACC04397,Aarini Parmer,bhavya69@example.net,2614244839417,Business,2021-12-11,Low,0.0,0
ACC04398,Warda Dyal,chandreshramesh@example.org,6944655173723,Savings,2023-07-27,Low,0.0,0
ACC04399,Krish Kaul,samakshdubey@example.com,5846637682874,Wallet,2023-01-23,Low,0.0,1
ACC04400,Divya Mammen,varshakorpal@example.net,9181580849947,Current,2023-08-28,Low,0.0,0
ACC04401,Leela Edwin,ikar@example.com,4886359221693,Current,2022-10-08,Low,0.0,1
ACC04402,Wakeeta Parsa,nidrabutala@example.com,2699537688240,Business,2021-11-04,Low,0.0,0
ACC04403,Amaira Dada,nicholasnaidu@example.net,7034899319264,Savings,2023-04-24,Low,0.0,1
ACC04404,Yamini Dyal,shazayan@example.com,5986739211219,Business,2023-01-16,Low,0.0,0
ACC04405,Ekalinga Verma,vgrover@example.org,1029271822909,Wallet,2022-08-01,Low,0.0,0
ACC04406,Aishani Raj,bpadmanabhan@example.com,0461224714116,Current,2023-10-05,Low,0.0,1
ACC04407,Samarth Sane,harini06@example.com,1461177696939,Wallet,2022-12-15,Low,0.0,0
ACC04408,Isaiah Balan,sudikshahalder@example.net,2736741304504,Business,2022-12-27,Low,0.0,0
ACC04409,Zehaan Maharaj,alkagupta@example.net,7390071365910,Current,2023-07-29,Low,0.0,0
ACC04410,Henry Vora,gaurangipal@example.com,9447107923595,Business,2021-10-16,Low,0.0,1
ACC04411,Jagat Behl,vgandhi@example.net,5702789292147,Current,2023-08-12,Low,0.0,0
ACC04412,Kai Dutt,avnighosh@example.net,3108461759265,Business,2022-11-03,Low,0.0,0
ACC04413,Yoshita Sem,laksh81@example.net,6727185081463,Business,2022-09-18,Low,0.0,0
ACC04414,Christopher Aurora,vanya91@example.com,3928298118624,Wallet,2023-12-01,Low,0.0,1
ACC04415,Anthony Chandran,tiwarichandresh@example.net,8650306665575,Business,2023-08-04,Low,0.0,0
ACC04416,Aashi Deo,frederickmohanty@example.net,0666322581602,Savings,2021-12-27,Low,0.0,1
ACC04417,Sarthak Sood,wlalla@example.org,4952224986794,Savings,2023-10-06,Low,0.0,0
ACC04418,Lohit Apte,yashasvi59@example.org,7513093732972,Wallet,2023-02-12,Low,0.0,1
ACC04419,Chandani Bhatia,masonsarkar@example.net,8146355066654,Business,2021-11-01,Low,0.0,0
ACC04420,Vasudha D’Alia,triyabala@example.com,1132723566257,Current,2022-10-13,Low,0.0,0
ACC04421,Qasim Bir,swable@example.com,6552013320573,Savings,2022-11-24,Low,0.0,0
ACC04422,Hitesh Mammen,ghoseazad@example.com,2777191016460,Savings,2022-02-23,Low,0.0,0
ACC04423,Liam Choudhury,saidewan@example.com,7552932767330,Current,2022-05-22,Low,0.0,0
ACC04424,Parth Gupta,mannharinakshi@example.org,1608862164942,Savings,2022-03-25,Low,0.0,0
ACC04425,Lucky Saxena,uppaltimothy@example.org,2448531726821,Wallet,2022-10-28,Low,0.0,0
ACC04426,Gaurangi Rege,lchahal@example.org,1248441715443,Business,2022-02-02,Low,0.0,1
ACC04427,Dominic Warrior,sureshranveer@example.org,2349937269951,Wallet,2024-07-03,Low,0.0,1
ACC04428,Rishi Grover,nathekiya@example.org,4858048276423,Wallet,2023-01-13,Low,0.0,0
ACC04429,Nikita Jha,chowdhurychandani@example.net,2008091257378,Savings,2021-09-06,Low,0.0,0
ACC04430,Jagdish Bath,nidra73@example.org,6652567055343,Wallet,2022-07-09,Low,0.0,1
ACC04431,Yagnesh Patil,dnori@example.org,7153455740449,Current,2022-01-13,Low,0.0,0
ACC04432,Vasana Chacko,basuyauvani@example.org,9087980418656,Business,2022-10-01,Low,0.0,0
ACC04433,Sai Patla,qmital@example.net,0125390532159,Current,2022-06-22,Low,0.0,0
ACC04434,Rohan Sagar,masteraadi@example.net,4517194945283,Business,2022-01-16,Low,0.0,0
ACC04435,Forum Karnik,yadavisabharwal@example.org,0528227534958,Wallet,2021-09-21,Low,0.0,1
ACC04436,Ishani Sagar,tmore@example.net,3632250324677,Business,2021-10-28,Low,0.0,1
ACC04437,Xalak Kar,jeremiahrao@example.com,1141873477784,Current,2023-02-26,Low,0.0,0
ACC04438,Lajita Murty,yvenkataraman@example.com,6201711142308,Savings,2023-11-24,Low,0.0,0
ACC04439,Veer Seshadri,lajitabhasin@example.net,4631789023673,Wallet,2022-11-27,Low,0.0,0
ACC04440,Tristan Saran,udas@example.com,0017453883221,Current,2022-07-17,Low,0.0,0
ACC04441,Dayamai Acharya,yashodharadhingra@example.org,6430359018181,Wallet,2023-05-27,Low,0.0,0
ACC04442,Nathan Dash,palladarpan@example.org,3812044697955,Savings,2022-07-26,Low,0.0,0
ACC04443,Mekhala Randhawa,abha55@example.org,8085954486348,Wallet,2022-07-16,Low,0.0,0
ACC04444,Dev Vala,pratyushnatarajan@example.org,0810998452761,Wallet,2021-11-16,Low,0.0,1
ACC04445,Oscar Lala,vasudhaloke@example.org,1842435048148,Current,2023-12-08,Low,0.0,0
ACC04446,Vincent Ranganathan,fitanpau@example.net,4934737257730,Savings,2021-10-07,Low,0.0,0
ACC04447,Viraj Prakash,lakshmi19@example.org,6342587977262,Wallet,2023-04-28,Low,0.0,1
ACC04448,Vrishti Sagar,kevintata@example.net,4891824553724,Wallet,2021-12-18,Low,0.0,0
ACC04449,Balvan Bhakta,odikapai@example.org,7077188158582,Business,2022-08-01,Low,0.0,0
ACC04450,Tripti Jha,mitali25@example.com,6543496709738,Savings,2021-12-12,Low,0.0,0
ACC04451,Girish Chand,yastichanda@example.org,1801380520635,Savings,2021-08-22,Low,0.0,0
ACC04452,Lakshit Magar,chaayaluthra@example.org,8902177207447,Wallet,2023-04-10,Low,0.0,0
ACC04453,Logan Som,pkuruvilla@example.net,1722837519828,Wallet,2023-08-27,Low,0.0,1
ACC04454,Abhiram Kumar,idika93@example.net,8726196971687,Savings,2021-11-17,Low,0.0,1
ACC04455,Hemangini Lanka,chadazaitra@example.com,6297494979161,Savings,2022-09-28,Low,0.0,0
ACC04456,Fariq Acharya,rakshasani@example.net,0901573045231,Wallet,2022-05-24,Low,0.0,0
ACC04457,Sai Kunda,vidhimurthy@example.com,6766542098666,Savings,2022-09-23,Low,0.0,0
ACC04458,Hemangini Bhasin,fbansal@example.org,8144210209016,Wallet,2023-05-04,Low,0.0,0
ACC04459,Bhavna Mohan,lajitachakraborty@example.net,5385824068588,Current,2023-01-07,Low,0.0,0
ACC04460,Zinal Chakraborty,gaurikadey@example.com,2470217702538,Wallet,2023-03-15,Low,0.0,1
ACC04461,Prisha Tank,bchaudhry@example.net,2089695825174,Current,2021-12-30,Low,0.0,0
ACC04462,Amaira Pingle,omkaar53@example.net,6058119523613,Business,2022-07-17,Low,0.0,1
ACC04463,Reva Mutti,chanchalgoswami@example.com,9125368586433,Current,2023-09-15,Low,0.0,1
ACC04464,Jagat Loyal,tejas92@example.net,7708395406351,Wallet,2022-07-21,Low,0.0,0
ACC04465,Ayush Trivedi,gavin45@example.net,8303860655128,Current,2021-09-10,Low,0.0,0
ACC04466,Karan Biswas,dalbir76@example.com,3904907824336,Wallet,2022-09-22,Low,0.0,0
ACC04467,Neha Agarwal,diyengar@example.org,8366824063834,Savings,2023-08-03,Low,0.0,0
ACC04468,Panini Bhatti,suribhavini@example.net,3876798976443,Business,2021-09-04,Low,0.0,0
ACC04469,Gaurang Ganesan,anya75@example.com,8007937622414,Business,2023-10-09,Low,0.0,0
ACC04470,Henry Bhagat,diptabadal@example.com,3733502067238,Savings,2023-10-29,Low,0.0,1
ACC04471,Sudiksha Wadhwa,kumarojasvi@example.net,7671498386488,Business,2023-08-20,Low,0.0,0
ACC04472,Yashica Subramaniam,yashawinibhattacharyya@example.org,6576024912469,Business,2023-05-26,Low,0.0,0
ACC04473,Nihal Peri,fwarrior@example.com,4017489090130,Business,2023-10-13,Low,0.0,1
ACC04474,Veda Upadhyay,ronithdyal@example.net,6714670312869,Wallet,2022-02-06,Low,0.0,0
ACC04475,Yuvraj Dhar,mammenwarda@example.net,2528438632221,Business,2022-05-08,Low,0.0,0
ACC04476,Dalbir Palla,sathegauri@example.com,4799412642887,Business,2021-07-22,Low,0.0,1
ACC04477,Charan Pillai,lukesalvi@example.net,6790168618147,Wallet,2022-05-12,Low,0.0,0
ACC04478,Lakshit Deshmukh,gabriellad@example.com,1952665330677,Business,2022-03-20,Low,0.0,0
ACC04479,Ekantika Mane,vamakshi55@example.com,5427718551687,Business,2022-10-07,Low,0.0,0
ACC04480,Banjeet Babu,mahajanavni@example.com,4803567611564,Business,2021-12-12,Low,0.0,0
ACC04481,Edhitha Yogi,tkakar@example.org,2538618173143,Business,2021-09-09,Low,0.0,0
ACC04482,Bakhshi Ghose,rattanyashvi@example.org,6912489713738,Current,2023-08-06,Low,0.0,0
ACC04483,Mitesh Krishna,balaylakshit@example.com,2405049113808,Current,2022-08-22,Low,0.0,0
ACC04484,Fariq Kata,rshukla@example.net,4174226548851,Business,2023-08-21,Low,0.0,0
ACC04485,Hredhaan Agarwal,devcomar@example.org,4078142663275,Savings,2022-01-19,Low,0.0,0
ACC04486,Aishani Varghese,xnagi@example.net,5597879963238,Current,2022-09-21,Low,0.0,0
ACC04487,Pooja Mital,tanmayilal@example.net,2441753967753,Business,2023-11-28,Low,0.0,0
ACC04488,Lakshit Dar,dharvedhika@example.org,8107902475670,Current,2022-06-07,Low,0.0,0
ACC04489,Veda Bansal,ekanshlall@example.com,5501482347993,Wallet,2023-09-01,Low,0.0,0
ACC04490,Amruta Nath,snair@example.org,7067836760696,Business,2023-09-10,Low,0.0,1
ACC04491,Jeremiah Varughese,tkhurana@example.org,5390054316704,Savings,2022-12-18,Low,0.0,1
ACC04492,Aishani Dhar,niteshkrishnan@example.org,6606406462788,Wallet,2023-11-20,Low,0.0,0
ACC04493,Niharika Jaggi,agrawalsamar@example.org,3758780776775,Current,2023-09-02,Low,0.0,1
ACC04494,Imaran Jayaraman,dhawanvrinda@example.net,5296489398861,Wallet,2023-02-22,Low,0.0,0
ACC04495,Samarth Parmar,anita34@example.org,4162558081786,Wallet,2023-02-24,Low,0.0,0
ACC04496,Vansha Dixit,bkar@example.org,1103535839952,Wallet,2022-08-21,Low,0.0,0
ACC04497,Yachana Bhat,balrachita@example.org,8009863316659,Savings,2021-10-12,Low,0.0,1
ACC04498,Sneha Kamdar,chandresh10@example.org,0619587301924,Current,2023-08-08,Low,0.0,0
ACC04499,Jason Dugar,aryawalia@example.org,2471551515285,Business,2023-11-12,Low,0.0,0
ACC04500,Isha Virk,fchander@example.net,9021386861183,Wallet,2023-03-16,Low,0.0,0
ACC04501,Xalak Nagi,vrittichaudhry@example.org,4240827461981,Current,2023-06-27,Low,0.0,1
ACC04502,Deepa Mishra,samuelsom@example.org,9009062991390,Business,2023-12-29,Low,0.0,0
ACC04503,Harish Arya,chatresh63@example.org,4767300916461,Savings,2022-06-19,Low,0.0,0
ACC04504,Dhriti Parekh,balvanvenkataraman@example.net,7463194523621,Wallet,2023-10-23,Low,0.0,0
ACC04505,Rayaan Rout,ramagaurika@example.com,8441263262376,Savings,2022-10-30,Low,0.0,0
ACC04506,Amruta Narain,bgade@example.org,3522774807666,Business,2022-05-24,Low,0.0,0
ACC04507,Nikita Nagar,isha92@example.net,4495176424932,Wallet,2022-05-31,Low,0.0,1
ACC04508,Wriddhish Kurian,esaini@example.org,5948270690871,Business,2023-01-20,Low,0.0,0
ACC04509,Gaurav Shenoy,yashvipai@example.net,2082064602883,Business,2022-09-01,Low,0.0,0
ACC04510,Zansi Patel,awalla@example.org,5804393988186,Current,2021-11-11,Low,0.0,0
ACC04511,Upma Nath,misrachandani@example.com,3077207802827,Current,2022-08-02,Low,0.0,0
ACC04512,Chakradev Warrior,umang77@example.com,6930451058378,Business,2021-11-12,Low,0.0,1
ACC04513,Yochana Sanghvi,bhatkavya@example.com,5188689055077,Business,2022-02-16,Low,0.0,1
ACC04514,Utkarsh Pingle,chaudhurifariq@example.com,5026528790597,Business,2023-08-01,Low,0.0,1
ACC04515,Aayush Sem,jsura@example.org,8813057541003,Wallet,2023-10-01,Low,0.0,0
ACC04516,Nitara Ramakrishnan,farajjayaraman@example.net,3816514243294,Business,2022-11-30,Low,0.0,0
ACC04517,Michael Virk,aditya64@example.com,3845247994197,Current,2022-11-22,Low,0.0,1
ACC04518,Gauri Sehgal,yadavpranit@example.net,3323195121548,Wallet,2022-06-26,Low,0.0,1
ACC04519,Vedika Basak,xmukhopadhyay@example.com,4090614356310,Savings,2022-02-13,Low,0.0,1
ACC04520,Warinder Gopal,choudharyjairaj@example.com,8248611416355,Business,2021-12-08,Low,0.0,0
ACC04521,Veda Thakur,gagan45@example.net,4735587857671,Wallet,2022-03-10,Low,0.0,0
ACC04522,Umang Mitter,xalak79@example.net,3311975753045,Savings,2021-07-28,Low,0.0,0
ACC04523,Unnati Ben,qmadan@example.com,3143969261928,Current,2022-01-06,Low,0.0,1
ACC04524,Udyati Kata,sathekamala@example.org,7570974141745,Savings,2022-05-25,Low,0.0,1
ACC04525,Gunbir Chaudhari,ishanvi93@example.org,7197516447858,Wallet,2022-06-05,Low,0.0,1
ACC04526,Aachal Hegde,kradhakrishnan@example.org,8974854208481,Savings,2022-03-12,Low,0.0,0
ACC04527,Gauri Chopra,mandvritti@example.com,8673085626239,Savings,2023-06-17,Low,0.0,1
ACC04528,Amara Chadha,gaurang34@example.net,1749713641254,Savings,2022-05-27,Low,0.0,0
ACC04529,Zinal Om,virkisaiah@example.net,4877397865179,Current,2021-11-23,Low,0.0,1
ACC04530,Irya Dewan,maanas74@example.net,0465717377157,Business,2022-08-04,Low,0.0,1
ACC04531,Pranav Kata,ramanaayush@example.net,9209382963553,Savings,2023-08-30,Low,0.0,0
ACC04532,Gauri Thakkar,fvig@example.org,2124464161669,Current,2023-12-12,Low,0.0,0
ACC04533,Hamsini Muni,ayushmansood@example.com,3991454228974,Wallet,2021-10-17,Low,0.0,0
ACC04534,Aarini Sule,ldube@example.com,1713960838921,Current,2023-04-24,Low,0.0,0
ACC04535,Priya Dubey,arunimabora@example.com,6738680561062,Business,2023-10-06,Low,0.0,0
ACC04536,Triveni Narayan,bgrewal@example.net,3383312467677,Wallet,2022-11-15,Low,0.0,0
ACC04537,Raksha Yogi,agateyahvi@example.com,8485159698132,Savings,2022-08-15,Low,0.0,0
ACC04538,Devansh Ganguly,jalsa43@example.net,9903253614438,Savings,2023-01-17,Low,0.0,0
ACC04539,Hemangini Bobal,yamini95@example.net,7783404665046,Business,2023-06-30,Low,0.0,0
ACC04540,Yoshita Ghosh,victorganguly@example.com,8086631527177,Business,2023-12-07,Low,0.0,1
ACC04541,Sudiksha Mani,kramakrishnan@example.net,3566094469789,Wallet,2022-12-05,Low,0.0,0
ACC04542,Ijaya Bawa,kumervamakshi@example.net,2625789761682,Wallet,2023-09-29,Low,0.0,0
ACC04543,Faraj Dhaliwal,aggarwalyashawini@example.com,7682156588680,Savings,2023-09-21,Low,0.0,1
ACC04544,Onveer Samra,atisolanki@example.org,1136317762601,Current,2023-03-14,Low,0.0,1
ACC04545,Jagvi Soni,jeet70@example.net,0145065804695,Current,2023-06-27,Low,0.0,1
ACC04546,Falguni Pillai,praneel66@example.com,4155709919079,Wallet,2021-11-05,Low,0.0,0
ACC04547,Idika Brahmbhatt,qlata@example.org,8040095639445,Savings,2023-07-27,Low,0.0,1
ACC04548,Mason Dugar,takaarna@example.org,1661759631364,Wallet,2022-11-09,Low,0.0,0
ACC04549,Meghana Goyal,tailorladli@example.com,3932727514214,Current,2023-11-01,Low,0.0,1
ACC04550,Bhavini Sarraf,sandalneelima@example.net,5208620766942,Wallet,2023-06-29,Low,0.0,0
ACC04551,Sanaya Balan,bengirindra@example.net,7578621808163,Savings,2021-12-31,Low,0.0,0
ACC04552,Baljiwan Garg,routjeremiah@example.net,8604409997570,Savings,2023-03-01,Low,0.0,0
ACC04553,Jackson Prasad,radhakrishnanyashvi@example.net,2043788158141,Business,2023-09-21,Low,0.0,1
ACC04554,Quincy Rama,lucky57@example.com,9078239448048,Wallet,2023-08-08,Low,0.0,0
ACC04555,Siddharth Mahajan,murtytamanna@example.org,9857539463431,Business,2023-02-03,Low,0.0,0
ACC04556,Praneel Anne,janujaupadhyay@example.org,9825162816727,Wallet,2022-12-12,Low,0.0,0
ACC04557,Mohini Maharaj,ahluwaliachandran@example.org,8344920731083,Savings,2023-11-08,Low,0.0,1
ACC04558,Anmol Walia,nigamsarthak@example.com,9985196528445,Current,2023-04-30,Low,0.0,0
ACC04559,Darsh Raja,vrinda76@example.net,9903238481950,Current,2022-08-14,Low,0.0,1
ACC04560,Aditya Chaudhary,lipika93@example.net,4198932098993,Business,2023-09-05,Low,0.0,0
ACC04561,Ekiya Narang,om36@example.com,6437715789937,Wallet,2023-10-30,Low,0.0,0
ACC04562,Robert Wadhwa,zdey@example.org,7882931448794,Wallet,2022-09-12,Low,0.0,0
ACC04563,Madhavi Khatri,forumsinghal@example.org,0449092522803,Business,2023-10-25,Low,0.0,0
ACC04564,Aarav Dugal,wahab52@example.org,8471244977872,Business,2023-12-02,Low,0.0,0
ACC04565,Yochana Parmar,xmutti@example.net,5284304434246,Business,2022-03-23,Low,0.0,0
ACC04566,Jagvi Dutt,balveerkari@example.net,8053318543782,Current,2023-12-12,Low,0.0,0
ACC04567,Onveer Nagi,hema83@example.net,2149579576760,Wallet,2022-06-12,Low,0.0,0
ACC04568,Bhanumati Manda,bosehredhaan@example.com,2054880372178,Savings,2023-04-23,Low,0.0,0
ACC04569,Deepa Mishra,panchalchampak@example.com,8286074852986,Current,2023-02-23,Low,0.0,1
ACC04570,Jeevika Nath,lohit28@example.org,4720817275525,Business,2022-10-01,Low,0.0,0
ACC04571,Dayita Gera,libni23@example.com,1112139511673,Savings,2021-08-17,Low,0.0,0
ACC04572,Advika Tandon,ogoda@example.net,0215442389934,Current,2021-10-21,Low,0.0,1
ACC04573,Garima Zacharia,samesh74@example.org,7806209227515,Current,2022-12-14,Low,0.0,0
ACC04574,Jagrati Doctor,chatreshkuruvilla@example.com,4246963710999,Current,2021-10-22,Low,0.0,0
ACC04575,Anita Chana,aahanapatla@example.com,9111291974269,Current,2022-06-29,Low,0.0,0
ACC04576,Ishwar Bobal,sethlaban@example.org,6603809013171,Business,2022-06-11,Low,0.0,1
ACC04577,Gautam Wali,kashyapojasvi@example.org,3479219032871,Business,2023-11-19,Low,0.0,0
ACC04578,Faris Vala,lopa06@example.net,1489815320107,Savings,2021-09-20,Low,0.0,0
ACC04579,Janani Parikh,farajbajwa@example.com,1288916940496,Business,2021-09-03,Low,0.0,0
ACC04580,Odika Natarajan,zachariahxiti@example.org,3118609091666,Wallet,2022-03-03,Low,0.0,0
ACC04581,Harita Bhakta,nidhi24@example.com,5381090429856,Current,2023-12-31,Low,0.0,0
ACC04582,Jagvi Chandra,urvashisundaram@example.org,5458143023459,Savings,2022-08-25,Low,0.0,1
ACC04583,Vedhika Mahajan,ksami@example.net,6785557605878,Wallet,2022-04-28,Low,0.0,0
ACC04584,Sneha Rama,abhiramdua@example.net,4082184958064,Wallet,2021-08-24,Low,0.0,0
ACC04585,Priya Kata,wallavrishti@example.net,8798823519609,Business,2023-01-06,Low,0.0,0
ACC04586,Yashawini Rama,natarajananay@example.com,8147912251575,Current,2022-05-11,Low,0.0,0
ACC04587,Yauvani Barman,parsayoshita@example.com,2891041109792,Wallet,2023-11-15,Low,0.0,1
ACC04588,Maya Dutt,chandani04@example.org,3732608082872,Current,2021-12-05,Low,0.0,0
ACC04589,Jyoti Rau,netra65@example.com,2026369580004,Savings,2023-02-27,Low,0.0,0
ACC04590,Niharika Parekh,dev65@example.net,1639931973308,Savings,2022-11-22,Low,0.0,1
ACC04591,Yashodhara Khurana,ctailor@example.net,4251995290306,Savings,2021-09-02,Low,0.0,0
ACC04592,Oviya Minhas,wakeeta41@example.com,1873651585434,Current,2021-12-19,Low,0.0,0
ACC04593,Peter Arya,hiteshkorpal@example.com,0246338328028,Wallet,2021-07-15,Low,0.0,1
ACC04594,Simon Naik,aahanadas@example.org,3717845875862,Business,2023-05-30,Low,0.0,0
ACC04595,Urvi Madan,shivanshchandran@example.org,4789610536074,Wallet,2022-02-01,Low,0.0,0
ACC04596,Wazir Walla,ahluwaliaunni@example.com,4331599988704,Wallet,2022-03-21,Low,0.0,1
ACC04597,Joshua Walla,narayanzaid@example.org,8830116064166,Wallet,2021-11-21,Low,0.0,0
ACC04598,Yatin Oza,psangha@example.org,9792183160887,Business,2023-03-27,Low,0.0,0
ACC04599,Jagvi Khurana,fiyaz87@example.net,3858477267950,Current,2022-02-21,Low,0.0,0
ACC04600,Ekani Pai,nazarethtejas@example.org,5575974887697,Wallet,2023-01-16,Low,0.0,1
ACC04601,Damini Goswami,balveerdyal@example.com,5890237024024,Current,2022-09-17,Low,0.0,1
ACC04602,Yashoda Subramanian,utiwari@example.net,8686714916968,Wallet,2023-12-15,Low,0.0,0
ACC04603,Gaurang Patla,harish01@example.net,8425264051795,Current,2022-03-10,Low,0.0,1
ACC04604,Ekaraj Chaudhuri,lperi@example.com,1462097591776,Savings,2022-04-17,Low,0.0,0
ACC04605,Deepa Barad,sawhneykalpit@example.org,2258572828597,Business,2023-12-27,Low,0.0,0
ACC04606,Lohit Contractor,upasna85@example.com,4868049875094,Savings,2022-02-11,Low,0.0,1
ACC04607,Hritik Rajan,ekbalshah@example.com,7977175930061,Current,2022-11-03,Low,0.0,0
ACC04608,Widisha Yadav,damini45@example.org,0303687339115,Business,2021-11-11,Low,0.0,1
ACC04609,Samar Bassi,kashyapdev@example.org,8742274993524,Business,2022-06-28,Low,0.0,0
ACC04610,Bina Kari,anirudh10@example.com,7448801927637,Savings,2021-10-16,Low,0.0,1
ACC04611,Orinder Dugar,ayush99@example.com,4145299991430,Savings,2022-06-28,Low,0.0,1
ACC04612,Amruta Balasubramanian,hguha@example.net,9847595186561,Savings,2021-08-31,Low,0.0,0
ACC04613,Anthony Gulati,anita40@example.com,0532589748697,Business,2022-02-11,Low,0.0,0
ACC04614,Neel Bora,sahnishivansh@example.com,7397834127083,Savings,2023-01-04,Low,0.0,0
ACC04615,Irya Sood,abhimanyusem@example.org,0252965738733,Business,2021-09-05,Low,0.0,0
ACC04616,Elijah Sen,adityapandit@example.org,6578466627131,Wallet,2022-11-30,Low,0.0,1
ACC04617,Baghyawati Batta,karnikqadim@example.com,3733978503752,Current,2021-08-24,Low,0.0,0
ACC04618,Yagnesh Palla,adweta99@example.net,0867501933443,Savings,2023-08-26,Low,0.0,1
ACC04619,Kamala Choudhury,thomas27@example.com,9568514237048,Business,2022-12-17,Low,0.0,1
ACC04620,Kala Chaudhuri,harshilkapadia@example.net,3661135888457,Current,2022-10-02,Low,0.0,0
ACC04621,Ekaja Bakshi,sudikshapanchal@example.net,0111819505285,Savings,2023-05-19,Low,0.0,0
ACC04622,Caleb Warrior,harrisonapte@example.com,0877980874563,Savings,2021-11-15,Low,0.0,0
ACC04623,Upasna Khare,vganesh@example.net,0093063386160,Wallet,2022-02-03,Low,0.0,0
ACC04624,Mitesh Din,qmagar@example.org,7827710501832,Wallet,2023-06-18,Low,0.0,0
ACC04625,Diya Chana,finnjayaraman@example.net,0833933462264,Savings,2021-09-17,Low,0.0,0
ACC04626,Zehaan Anne,cheemaveda@example.com,5914473833367,Wallet,2021-09-25,Low,0.0,0
ACC04627,Sanaya Sandhu,zansibadami@example.net,6052440847710,Current,2023-05-06,Low,0.0,1
ACC04628,Luke Saxena,warhi89@example.net,8778116490248,Business,2022-12-25,Low,0.0,0
ACC04629,Yashodhara Sarin,mnatarajan@example.net,7630728727573,Savings,2023-03-19,Low,0.0,0
ACC04630,Pranav Chhabra,falankapur@example.org,0792746222254,Business,2022-01-10,Low,0.0,0
ACC04631,Keya Koshy,whayre@example.net,6691976963302,Current,2023-12-24,Low,0.0,0
ACC04632,George Murthy,anamika96@example.com,8471675694856,Current,2021-09-12,Low,0.0,0
ACC04633,Zaid Bahl,bumbeta@example.com,6403356264085,Business,2023-09-09,Low,0.0,0
ACC04634,Eiravati Chana,jeevika72@example.net,8160596052671,Wallet,2022-05-28,Low,0.0,0
ACC04635,Triveni Shanker,tanejamadhavi@example.com,1481247956050,Business,2023-07-10,Low,0.0,1
ACC04636,Chakradhar Randhawa,dev57@example.org,2419053626396,Current,2022-02-24,Low,0.0,0
ACC04637,Eshana Sani,patilsiddharth@example.com,5665481901170,Current,2023-10-26,Low,0.0,0
ACC04638,Jeremiah Cheema,soodosha@example.com,9960675247507,Current,2021-11-28,Low,0.0,1
ACC04639,Owen Sehgal,iryasoni@example.org,2287542890056,Savings,2023-08-23,Low,0.0,1
ACC04640,Chavvi Biswas,chandanijhaveri@example.org,0448391730086,Wallet,2022-05-27,Low,0.0,0
ACC04641,Vasudha Shetty,rbera@example.org,7429943215966,Current,2022-07-14,Low,0.0,0
ACC04642,Qadim Sule,charansubramanian@example.org,7073485675849,Wallet,2023-06-18,Low,0.0,1
ACC04643,Daksh Sridhar,theodore75@example.com,7085531665043,Savings,2022-01-21,Low,0.0,0
ACC04644,Anamika Zacharia,nandini61@example.net,7716230248298,Wallet,2022-02-02,Low,0.0,1
ACC04645,Siddharth Goswami,davewakeeta@example.org,7522625548315,Business,2023-12-29,Low,0.0,1
ACC04646,Logan Kale,choudharygopal@example.com,8514508549124,Business,2022-03-15,Low,0.0,0
ACC04647,Rachita Bera,chopraharinakshi@example.com,1437701438920,Savings,2021-08-09,Low,0.0,1
ACC04648,Chakrika Raval,eiravatiwason@example.com,1101799207705,Wallet,2022-10-15,Low,0.0,1
ACC04649,Vanya Divan,mprasad@example.org,5657329460128,Business,2023-03-26,Low,0.0,1
ACC04650,Hema Goyal,okashyap@example.net,7269707279087,Savings,2022-02-03,Low,0.0,0
ACC04651,Samesh Guha,purivansha@example.net,0783886558991,Business,2022-08-11,Low,0.0,0
ACC04652,Falak Mistry,praval@example.com,2897533968860,Wallet,2022-07-20,Low,0.0,0
ACC04653,Champak Gade,mitali98@example.org,6997146898963,Savings,2021-12-23,Low,0.0,0
ACC04654,Unnati Shere,anika05@example.com,0834840362899,Current,2023-11-13,Low,0.0,1
ACC04655,Ekiya Mandal,abha79@example.org,0926898121185,Wallet,2022-10-27,Low,0.0,0
ACC04656,Theodore Jha,kalasarma@example.net,5095256308000,Business,2023-02-11,Low,0.0,0
ACC04657,Wazir Choudhary,sethianjali@example.org,6009103128072,Savings,2022-11-25,Low,0.0,0
ACC04658,Baghyawati Seth,lavanya22@example.com,4076386318634,Current,2023-01-23,Low,0.0,0
ACC04659,Januja Murthy,urishilla06@example.org,8054071298997,Savings,2022-05-25,Low,0.0,0
ACC04660,Ikbal Buch,jsandhu@example.org,8873145033152,Savings,2021-12-06,Low,0.0,1
ACC04661,Janya Gara,ronith22@example.org,2749939190011,Current,2022-01-24,Low,0.0,0
ACC04662,Yauvani Luthra,chaudhariwarhi@example.org,4467795268908,Business,2023-10-16,Low,0.0,1
ACC04663,Netra Vaidya,nadkarniadya@example.org,8291969880491,Current,2023-06-13,Low,0.0,0
ACC04664,Veda Aggarwal,dadakavya@example.net,9770744347821,Current,2023-01-28,Low,0.0,0
ACC04665,Tarak D’Alia,janani50@example.com,4202446428595,Wallet,2023-10-28,Low,0.0,0
ACC04666,Harini Gandhi,bhavinideshpande@example.net,9042584329913,Savings,2023-12-03,Low,0.0,0
ACC04667,Baljiwan Srinivasan,jdesai@example.com,1463327884593,Business,2022-10-15,Low,0.0,0
ACC04668,Eta Anand,xsura@example.net,2572492598764,Savings,2022-05-04,Low,0.0,0
ACC04669,Caleb Rana,bkunda@example.net,1644237014155,Wallet,2021-08-23,Low,0.0,1
ACC04670,Chaitanya Pall,sastryvinaya@example.com,8612358766269,Wallet,2023-04-22,Low,0.0,0
ACC04671,Frederick Chacko,xkhosla@example.org,6253786307013,Savings,2022-09-03,Low,0.0,0
ACC04672,Manya Sehgal,kondayuvraj@example.net,3164958649170,Current,2023-01-17,Low,0.0,1
ACC04673,Alexander Kale,subramaniangirindra@example.net,6010995872441,Savings,2021-09-11,Low,0.0,0
ACC04674,Fariq Kibe,akata@example.org,0519681469107,Wallet,2022-07-17,Low,0.0,0
ACC04675,Adya Khalsa,neelimajhaveri@example.org,2438224429515,Current,2023-10-18,Low,0.0,0
ACC04676,Chameli Chandran,godadevika@example.org,5260665431130,Business,2021-11-09,Low,0.0,1
ACC04677,William Sastry,dmenon@example.net,9422852204330,Savings,2022-03-31,Low,0.0,0
ACC04678,Lipika Ghose,darpannadkarni@example.org,7827734573465,Business,2022-05-18,Low,0.0,0
ACC04679,Rachita Srivastava,zansi35@example.net,9917737660625,Savings,2023-10-05,Low,0.0,1
ACC04680,Tara Swamy,bhavininagar@example.com,4153966086048,Savings,2023-11-27,Low,0.0,1
ACC04681,Abdul Bose,gaurang49@example.com,3689456189134,Business,2023-02-14,Low,0.0,0
ACC04682,George Raja,upillay@example.net,3109388829563,Savings,2021-10-21,Low,0.0,1
ACC04683,Urvashi Kari,hsundaram@example.net,1962231421125,Current,2023-10-29,Low,0.0,0
ACC04684,Anika Anne,advika44@example.org,2111259667956,Business,2023-11-05,Low,0.0,0
ACC04685,Jatin Kakar,indalikhatri@example.org,9363395975778,Wallet,2022-04-15,Low,0.0,0
ACC04686,Waida Raju,gangulyraksha@example.com,1492410096900,Business,2023-10-25,Low,0.0,0
ACC04687,Frado Vala,khoslanitara@example.com,0666102011745,Savings,2022-02-06,Low,0.0,1
ACC04688,Yashasvi Wali,aishanisekhon@example.com,1011060030859,Savings,2022-06-07,Low,0.0,1
ACC04689,Udarsh Subramanian,ramachandranishwar@example.org,5551951322266,Savings,2023-03-05,Low,0.0,0
ACC04690,Brijesh Zachariah,daravanya@example.net,5694904578847,Business,2022-11-15,Low,0.0,0
ACC04691,Aarna Kade,elijah20@example.org,5158284365685,Savings,2022-04-08,Low,0.0,1
ACC04692,Vasudha Kunda,veer02@example.com,1745618512054,Business,2023-05-07,Low,0.0,0
ACC04693,Amrita Trivedi,devikapalla@example.net,6825413214607,Savings,2022-09-23,Low,0.0,0
ACC04694,Faqid Mane,upkaarpillay@example.net,8476505476744,Business,2022-09-12,Low,0.0,0
ACC04695,Tanay Bumb,xitisahni@example.com,3627842374051,Business,2022-04-05,Low,0.0,0
ACC04696,Ekbal Sarna,vasana32@example.org,6138142002873,Savings,2023-01-18,Low,0.0,0
ACC04697,Abdul Jain,egole@example.net,6295224293267,Savings,2022-09-23,Low,0.0,1
ACC04698,Ganga Dua,venkataramankiaan@example.com,7598173116012,Wallet,2022-05-09,Low,0.0,0
ACC04699,Akshay Gupta,mbhagat@example.com,8278157584987,Current,2023-09-12,Low,0.0,0
ACC04700,Isha Dutta,basushivansh@example.org,8963552313358,Savings,2023-12-19,Low,0.0,1
ACC04701,Patrick Ratti,anirudh38@example.com,4486010163290,Savings,2022-05-03,Low,0.0,0
ACC04702,Chanakya Mukhopadhyay,hemangyadav@example.net,9607331256614,Current,2022-05-24,Low,0.0,1
ACC04703,Caleb Rajagopalan,isaiahlalla@example.org,4998893421711,Current,2022-03-19,Low,0.0,1
ACC04704,Jonathan Dora,jatingoswami@example.net,1527765592532,Wallet,2023-01-02,Low,0.0,0
ACC04705,Nitesh Nadig,sai59@example.com,6249298961875,Business,2022-08-26,Low,0.0,1
ACC04706,Zilmil Gole,saxenabalveer@example.org,2458522431672,Business,2023-06-24,Low,0.0,0
ACC04707,Victor Varty,pushti10@example.net,2265919406694,Current,2023-08-13,Low,0.0,0
ACC04708,Eta Balay,gaurika62@example.net,5593384196219,Savings,2023-10-31,Low,0.0,0
ACC04709,Jagdish Nori,ranbir88@example.com,9753847365927,Current,2023-02-15,Low,0.0,0
ACC04710,Raagini Bhatt,jaggiharsh@example.net,6158650487087,Business,2022-07-24,Low,0.0,0
ACC04711,Bhavika Basak,arorarajeshri@example.com,4540560201873,Wallet,2023-02-16,Low,0.0,0
ACC04712,Gauri Rao,david90@example.com,8053465032403,Current,2023-08-03,Low,0.0,0
ACC04713,Vaishnavi Anne,calebtella@example.net,4234898376389,Business,2023-02-18,Low,0.0,1
ACC04714,Omisha Bedi,tguha@example.net,5477460110843,Wallet,2023-03-08,Low,0.0,0
ACC04715,Frado Sami,ishavasa@example.com,1460025300958,Wallet,2023-12-23,Low,0.0,1
ACC04716,Balveer Khosla,damini99@example.net,9540177495035,Current,2023-11-03,Low,0.0,0
ACC04717,Aachal Dass,udant05@example.net,3551264008938,Current,2022-07-30,Low,0.0,0
ACC04718,Indali Nagy,zbhat@example.net,6430673875027,Savings,2022-10-25,Low,0.0,0
ACC04719,Reyansh Ramachandran,girishmerchant@example.net,7745584891166,Wallet,2023-06-14,Low,0.0,0
ACC04720,Veda Khosla,waida42@example.org,9914315097071,Current,2022-03-16,Low,0.0,0
ACC04721,Mitesh Baral,teerthmane@example.net,5096183038628,Current,2021-10-18,Low,0.0,0
ACC04722,Vihaan Dutta,brijesh07@example.net,6931324191002,Savings,2023-01-16,Low,0.0,1
ACC04723,Hemani Chatterjee,nkapur@example.net,5342105589119,Current,2022-02-16,Low,0.0,1
ACC04724,Jason Bassi,chaturaparikh@example.org,0344184404380,Business,2022-01-19,Low,0.0,0
ACC04725,Isha Parmer,balendra55@example.net,8644526465072,Business,2022-04-26,Low,0.0,0
ACC04726,Gavin Krish,hritik91@example.net,2884483575314,Wallet,2021-08-11,Low,0.0,0
ACC04727,Guneet Bedi,nandinidayal@example.org,3296193002079,Wallet,2022-04-10,Low,0.0,1
ACC04728,Lipika Memon,mjohal@example.net,8008174411707,Wallet,2022-10-29,Low,0.0,1
ACC04729,Wridesh Bajwa,neha66@example.org,9978835843417,Wallet,2023-07-18,Low,0.0,1
ACC04730,Hemal Bhatia,qushibabu@example.org,9305127198109,Savings,2022-09-22,Low,0.0,0
ACC04731,Aishani Ray,krishna48@example.net,6523430406325,Savings,2022-08-11,Low,0.0,1
ACC04732,Kamala Rajagopalan,atwalrohan@example.com,4154479958185,Current,2023-12-28,Low,0.0,0
ACC04733,Ishwar Gade,vohrasamesh@example.net,1163470165418,Current,2022-01-21,Low,0.0,0
ACC04734,Yutika Mahajan,siddharthsahota@example.org,7619730141110,Current,2022-09-10,Low,0.0,1
ACC04735,Yadavi Amble,nisha79@example.net,8649079618404,Current,2023-05-01,Low,0.0,0
ACC04736,Hardik Chanda,nkadakia@example.com,1663313933736,Business,2021-12-09,Low,0.0,0
ACC04737,Warhi Master,yahvi35@example.net,4485312417591,Wallet,2021-09-26,Low,0.0,0
ACC04738,Bishakha Sheth,manderrachana@example.net,0014913370947,Business,2023-06-04,Low,0.0,0
ACC04739,Meghana Dewan,ramwarinder@example.org,7761574355136,Business,2023-06-26,Low,0.0,0
ACC04740,Wriddhish Babu,rajagopalanbarkha@example.net,2967243470149,Savings,2022-12-25,Low,0.0,0
ACC04741,Shivani Chaudhary,gabakrisha@example.net,4289066904636,Savings,2023-10-17,Low,0.0,0
ACC04742,Sarthak Bhat,anjali97@example.net,9771576067001,Wallet,2023-12-01,Low,0.0,0
ACC04743,Ansh Bains,chandanihayre@example.org,0098253343659,Savings,2023-08-08,Low,0.0,1
ACC04744,Sara Arora,jatinray@example.org,6595679971468,Wallet,2022-10-07,Low,0.0,0
ACC04745,Shivani Loyal,geetika28@example.net,5083367809227,Current,2022-03-25,Low,0.0,0
ACC04746,Janani Padmanabhan,csinha@example.org,2569374686398,Wallet,2023-11-17,Low,0.0,0
ACC04747,Balhaar Patil,shivansh72@example.net,8393134036073,Savings,2023-06-11,Low,0.0,1
ACC04748,Triya Buch,champak61@example.org,6490028807338,Current,2023-03-16,Low,0.0,0
ACC04749,Charles Manda,mannanwaida@example.net,1612365289393,Current,2023-05-21,Low,0.0,0
ACC04750,Eshana Tailor,saumya44@example.com,5742377204393,Wallet,2021-12-25,Low,0.0,0
ACC04751,Forum Joshi,karkala@example.org,6878713950385,Current,2023-01-18,Low,0.0,0
ACC04752,Siddharth Hayre,wramaswamy@example.net,9320966721625,Current,2023-07-02,Low,0.0,0
ACC04753,Harini Sekhon,shivansh47@example.com,0808610572652,Current,2023-12-09,Low,0.0,1
ACC04754,Megha Buch,meghana54@example.org,0510656886738,Current,2021-08-20,Low,0.0,1
ACC04755,Oliver Raju,ishani99@example.net,3129931523005,Wallet,2023-09-19,Low,0.0,1
ACC04756,Panini Roy,maanas34@example.org,9465749981648,Savings,2021-09-01,Low,0.0,0
ACC04757,Megha Grewal,theodore14@example.org,6034114625954,Current,2022-12-08,Low,0.0,0
ACC04758,Manthan Thaker,majumdarronith@example.org,5340094674804,Savings,2023-01-19,Low,0.0,0
ACC04759,Gaurang Mitter,tanmayi53@example.org,1574606780831,Current,2023-02-22,Low,0.0,1
ACC04760,Aahana Saraf,rudra07@example.net,2995521572314,Business,2023-04-30,Low,0.0,1
ACC04761,Geetika Patla,ojasvi84@example.org,8928887569990,Wallet,2021-09-24,Low,0.0,0
ACC04762,Manya Datta,duberishi@example.com,8767566731584,Wallet,2022-02-23,Low,0.0,1
ACC04763,Unnati Chaudhry,ucchal96@example.net,1990765152035,Current,2022-07-10,Low,0.0,0
ACC04764,Yashica Kannan,avora@example.org,7844964113589,Business,2021-07-15,Low,0.0,0
ACC04765,Vasudha Ahuja,raimason@example.org,9024507624864,Savings,2023-09-01,Low,0.0,1
ACC04766,Hitesh Palan,guneet77@example.com,4021970206348,Current,2023-08-20,Low,0.0,1
ACC04767,Omkaar Kapoor,yauvani63@example.com,5213867417144,Current,2023-06-18,Low,0.0,0
ACC04768,Abhiram Shroff,kondazashil@example.com,8458616248438,Business,2022-01-19,Low,0.0,0
ACC04769,Vincent Barman,bhavika98@example.org,8123867397960,Wallet,2023-02-09,Low,0.0,0
ACC04770,Omisha Acharya,cviswanathan@example.com,3326312517769,Business,2022-03-20,Low,0.0,0
ACC04771,Niharika Som,khatrianirudh@example.net,0854240128273,Current,2023-11-14,Low,0.0,0
ACC04772,Jhalak Master,gagandeep@example.com,0657024452098,Current,2021-08-09,Low,0.0,0
ACC04773,Chakrika Varty,pradhanchakrika@example.net,5009851685052,Wallet,2021-10-14,Low,0.0,0
ACC04774,Gaurangi Kumer,bainssudiksha@example.org,2088225746544,Current,2023-01-30,Low,0.0,1
ACC04775,Raagini Hora,chakrika68@example.org,3407026726018,Current,2023-11-07,Low,0.0,0
ACC04776,Wahab Viswanathan,mannandiya@example.net,9707824814944,Wallet,2021-07-21,Low,0.0,0
ACC04777,Elijah Dalal,klala@example.com,9489709649654,Current,2021-08-12,Low,0.0,0
ACC04778,Chatura Bhakta,toorarjun@example.com,5015348429814,Business,2023-05-31,Low,0.0,0
ACC04779,Upkaar Bal,balaturvi@example.org,0290280133278,Savings,2021-10-19,Low,0.0,0
ACC04780,Ishwar Chahal,misrayasti@example.net,7735671949556,Business,2021-10-13,Low,0.0,1
ACC04781,Fariq Acharya,iben@example.net,0387535966235,Savings,2023-07-13,Low,0.0,0
ACC04782,Lila Sehgal,theodore83@example.com,9295740579376,Business,2021-11-22,Low,0.0,0
ACC04783,Manbir Prakash,lohit98@example.org,2461412258048,Wallet,2022-08-08,Low,0.0,0
ACC04784,Jagvi Comar,aggarwaljanaki@example.com,7287841856788,Business,2023-07-01,Low,0.0,0
ACC04785,Tanveer Ghosh,ramoliver@example.org,6572444380774,Wallet,2022-01-01,Low,0.0,0
ACC04786,Pratyush Chacko,gaurangi04@example.net,9476441507958,Wallet,2022-07-11,Low,0.0,0
ACC04787,Rohan Dhawan,iraju@example.com,8716944424987,Business,2021-12-29,Low,0.0,1
ACC04788,Warjas Narula,svarughese@example.com,1384513029990,Business,2022-09-02,Low,0.0,1
ACC04789,Arjun Jayaraman,bdesai@example.net,6250575214974,Wallet,2022-05-15,Low,0.0,0
ACC04790,Dev Batta,rsandhu@example.com,6376076069420,Business,2022-03-18,Low,0.0,0
ACC04791,Max Goswami,jyoti23@example.net,1649798474018,Savings,2023-06-02,Low,0.0,1
ACC04792,Veda Rege,karnikanirudh@example.net,0356149492361,Current,2023-06-07,Low,0.0,1
ACC04793,Pavani Sharaf,clad@example.com,1334117027293,Business,2021-07-31,Low,0.0,1
ACC04794,Inaya Solanki,mohammedtoor@example.com,1775024839912,Current,2022-11-21,Low,0.0,0
ACC04795,Mugdha Bose,harinakshi98@example.net,8377522356551,Current,2023-02-21,Low,0.0,0
ACC04796,Jason Dhar,xnarayan@example.net,1067585883462,Business,2022-12-10,Low,0.0,0
ACC04797,Charan Master,boraekapad@example.org,8802812595425,Current,2021-08-21,Low,0.0,1
ACC04798,Anita Konda,chaitaly26@example.net,0471489080494,Wallet,2023-04-15,Low,0.0,1
ACC04799,Janya Iyer,vivaan30@example.com,6604523692382,Savings,2023-08-16,Low,0.0,0
ACC04800,Balhaar Prabhu,goswamiira@example.net,2894683053789,Savings,2023-03-04,Low,0.0,0
ACC04801,Andrew Vora,gsami@example.org,4864665935238,Business,2022-07-18,Low,0.0,0
ACC04802,Vasatika Chaudhry,jasondugal@example.org,0119235737393,Wallet,2023-05-10,Low,0.0,1
ACC04803,Kamala Barad,ghosenakul@example.com,9670310537180,Savings,2022-09-11,Low,0.0,1
ACC04804,Ansh Murthy,rishishankar@example.net,5312847943315,Wallet,2022-10-21,Low,0.0,0
ACC04805,Faris Ravel,rkurian@example.com,5074217878300,Business,2022-09-09,Low,0.0,1
ACC04806,Urishilla Parekh,gautamitaneja@example.com,6492896681063,Business,2022-11-08,Low,0.0,1
ACC04807,Anay Srivastava,gunbirgarde@example.com,3538218108864,Wallet,2021-09-29,Low,0.0,0
ACC04808,Anjali Kaul,farhanlalla@example.com,9354941097587,Business,2023-02-10,Low,0.0,1
ACC04809,Radhika Vora,zrandhawa@example.org,0999354276293,Wallet,2022-12-05,Low,0.0,0
ACC04810,Ucchal Singh,surisanya@example.org,0966941620315,Savings,2023-07-01,Low,0.0,1
ACC04811,Forum Shukla,henrymuni@example.org,5961605050351,Business,2023-05-06,Low,0.0,1
ACC04812,Yashvi Rattan,mannandrew@example.org,9822283280065,Wallet,2022-03-11,Low,0.0,0
ACC04813,Lekha Mital,anushanagar@example.net,9723961242226,Savings,2022-12-29,Low,0.0,0
ACC04814,Mugdha Sarma,yagneshranganathan@example.com,5389445249054,Savings,2023-03-05,Low,0.0,0
ACC04815,Theodore Dyal,shivanichand@example.com,5795394559281,Savings,2021-10-18,Low,0.0,1
ACC04816,Harshil Nagar,urmi36@example.com,1933665203546,Wallet,2023-05-12,Low,0.0,0
ACC04817,Lucky Varma,parmerdalaja@example.org,3225560010145,Savings,2023-09-01,Low,0.0,0
ACC04818,Veda Khanna,omaharaj@example.com,8262329861889,Savings,2022-12-28,Low,0.0,0
ACC04819,Yamini Ramesh,indiraborah@example.org,7043124021409,Savings,2022-06-20,Low,0.0,0
ACC04820,Baghyawati Dua,lallageorge@example.com,0191540224806,Current,2023-01-24,Low,0.0,0
ACC04821,Oscar Apte,pooja33@example.net,0026839700734,Current,2024-10-28,Low,0.0,1
ACC04822,Rehaan Yadav,andrajackson@example.org,1150647566139,Wallet,2023-04-19,Low,0.0,0
ACC04823,Ekbal Buch,srinivasanmeghana@example.net,7340361840614,Wallet,2021-11-28,Low,0.0,0
ACC04824,Anita Saran,bediyochana@example.org,8465032077261,Wallet,2023-06-19,Low,0.0,1
ACC04825,Raagini Loyal,yagneshchoudhry@example.net,7684638834863,Current,2021-08-08,Low,0.0,0
ACC04826,Ekbal Viswanathan,devika50@example.net,5284312954313,Wallet,2023-12-23,Low,0.0,0
ACC04827,Wriddhish Prakash,deepaseshadri@example.org,9006728252442,Wallet,2023-03-18,Low,0.0,0
ACC04828,Wriddhish Chand,johalrachit@example.com,3421769797099,Wallet,2021-10-21,Low,0.0,0
ACC04829,Janya Gandhi,ayushmannarasimhan@example.net,9884554273058,Business,2022-11-11,Low,0.0,0
ACC04830,Nirja Kaul,toorfaqid@example.net,2815957267687,Savings,2022-09-04,Low,0.0,1
ACC04831,Neha Banik,gavin27@example.net,2882463585932,Current,2021-07-28,Low,0.0,0
ACC04832,Daniel Narula,lila57@example.com,1782926889851,Business,2023-05-12,Low,0.0,0
ACC04833,Hemani Chaudhuri,znatarajan@example.com,6917231404153,Current,2021-12-21,Low,0.0,0
ACC04834,Daksha Venkataraman,guhaupma@example.org,6892005820935,Current,2022-09-02,Low,0.0,1
ACC04835,Bishakha Mane,wablehenry@example.com,9507141580465,Current,2022-07-21,Low,0.0,0
ACC04836,Karan Brahmbhatt,sekhonmanbir@example.net,3597903565116,Business,2021-12-22,Low,0.0,0
ACC04837,Aarush Tailor,tverma@example.com,3105953250858,Business,2023-01-17,Low,0.0,0
ACC04838,Adya Dey,jseth@example.com,6824947469259,Savings,2023-02-14,Low,0.0,0
ACC04839,Omaja Dave,nitara58@example.com,3526212040784,Current,2022-10-18,Low,0.0,0
ACC04840,Wridesh Sinha,battaayaan@example.org,5391204080637,Business,2023-05-31,Low,0.0,0
ACC04841,Timothy Bobal,yamini69@example.org,5132931137183,Business,2022-09-27,Low,0.0,1
ACC04842,Warjas Banik,ekhurana@example.org,2677079414282,Savings,2022-12-13,Low,0.0,0
ACC04843,Wyatt Chahal,anusha68@example.org,4018079498006,Current,2022-05-19,Low,0.0,1
ACC04844,Kavya Kapur,upasna95@example.net,6513960131321,Current,2023-02-22,Low,0.0,0
ACC04845,Vedika Arora,onkarmandal@example.com,7122463948418,Savings,2022-08-07,Low,0.0,0
ACC04846,Yamini Sarin,divyaahluwalia@example.org,0146897735368,Wallet,2023-01-18,Low,0.0,0
ACC04847,Lajita Sankar,cbhatt@example.net,2775911072483,Current,2022-10-28,Low,0.0,0
ACC04848,Hitesh Sagar,gahluwalia@example.org,7756586959467,Business,2022-01-28,Low,0.0,1
ACC04849,Harita Grewal,hiteshsethi@example.com,4580719064570,Business,2021-11-10,Low,0.0,0
ACC04850,Nachiket Mall,ldua@example.com,6805119472594,Wallet,2023-02-01,Low,0.0,0
ACC04851,Vasudha Rajan,ganeshrachita@example.net,3140002376736,Savings,2022-05-29,Low,0.0,0
ACC04852,Jyoti Chada,obir@example.com,4592364997985,Savings,2023-08-11,Low,0.0,0
ACC04853,Jeremiah Mishra,tbiswas@example.org,5956923183142,Current,2023-01-27,Low,0.0,0
ACC04854,Leela Barad,jagvichatterjee@example.net,7339184860615,Business,2022-12-06,Low,0.0,0
ACC04855,Anya Viswanathan,damyanti87@example.com,9002089140964,Current,2022-11-26,Low,0.0,1
ACC04856,Krisha Malhotra,dalajamander@example.org,7543071417471,Savings,2022-07-02,Low,0.0,0
ACC04857,Triya Maharaj,dlanka@example.org,6611761470279,Business,2023-06-22,Low,0.0,1
ACC04858,David Kumar,gbora@example.org,2478914653461,Business,2023-09-11,Low,0.0,0
ACC04859,Zashil Banerjee,chandlogan@example.org,9895548172673,Wallet,2022-05-27,Low,0.0,1
ACC04860,Luke Jhaveri,brijesh47@example.org,1745602671406,Business,2022-03-17,Low,0.0,1
ACC04861,Aryan Rajan,devsathe@example.net,4897143966009,Wallet,2023-09-27,Low,0.0,0
ACC04862,Shravya Yadav,bahriayushman@example.org,3034902575108,Current,2024-01-02,Low,0.0,1
ACC04863,Siddharth Behl,paidamini@example.org,6269595197539,Current,2023-11-29,Low,0.0,1
ACC04864,Chaaya Sengupta,kandra@example.com,5863195903579,Business,2023-12-04,Low,0.0,0
ACC04865,Niharika Gole,amarabrahmbhatt@example.org,9428727651140,Current,2023-06-11,Low,0.0,0
ACC04866,Brijesh Badami,hguha@example.net,6526776763917,Savings,2022-12-01,Low,0.0,0
ACC04867,Ayush Mann,zayyanbhattacharyya@example.org,2864792317611,Wallet,2023-06-04,Low,0.0,1
ACC04868,Ridhi Vasa,dalajakurian@example.net,5642643969459,Current,2023-03-08,Low,0.0,0
ACC04869,Ijaya Comar,raigabriel@example.org,4897195514623,Savings,2022-09-22,Low,0.0,0
ACC04870,Jack Kalla,jcomar@example.net,2766526853074,Savings,2022-12-19,Low,0.0,0
ACC04871,Chakradhar Chandran,ranveer66@example.net,4690246664502,Savings,2023-07-09,Low,0.0,0
ACC04872,Faqid Toor,zaiddash@example.net,7235248807196,Wallet,2021-08-03,Low,0.0,0
ACC04873,Girik Modi,devwagle@example.com,6862124390815,Business,2022-11-26,Low,0.0,0
ACC04874,Raghav Dora,raghav19@example.org,9429689457299,Current,2023-09-09,Low,0.0,0
ACC04875,Om Ravel,sureshhritik@example.net,0975285132909,Current,2022-06-30,Low,0.0,0
ACC04876,Ishaan Khare,jkakar@example.net,9583435849727,Business,2022-08-29,Low,0.0,1
ACC04877,Gavin Kala,ishani09@example.com,2616764568794,Savings,2022-11-28,Low,0.0,0
ACC04878,Kavya Sathe,sshroff@example.net,3405829097046,Current,2023-08-20,Low,0.0,0
ACC04879,Pratyush Doshi,rkakar@example.com,7145534010998,Current,2023-02-17,Low,0.0,0
ACC04880,Ojasvi Lad,darora@example.net,7074348750029,Business,2021-09-15,Low,0.0,0
ACC04881,Nisha Narang,bahadurjit42@example.net,6851635772089,Business,2023-07-22,Low,0.0,0
ACC04882,Henry Tripathi,nimratbuch@example.com,5693982161199,Wallet,2022-05-09,Low,0.0,1
ACC04883,Zinal Varughese,aradhanadeshmukh@example.net,8108300075371,Current,2022-08-04,Low,0.0,0
ACC04884,Oliver Gaba,mrattan@example.org,6264433278855,Business,2023-03-24,Low,0.0,0
ACC04885,Aadhya Dave,fdhawan@example.com,3023603165087,Current,2023-12-24,Low,0.0,1
ACC04886,Hemani Bose,kkanda@example.net,0517718887494,Current,2022-10-01,Low,0.0,0
ACC04887,Peter Kalita,vartyjairaj@example.org,0731919756832,Savings,2021-09-08,Low,0.0,0
ACC04888,Varsha Babu,hemangini69@example.net,6348654722303,Business,2022-04-21,Low,0.0,0
ACC04889,Ganga Kapur,wbansal@example.com,6802034723312,Current,2022-07-11,Low,0.0,0
ACC04890,Reva Bhandari,anneyashasvi@example.com,3444807738345,Wallet,2022-05-28,Low,0.0,0
ACC04891,Manya Nair,diyaravel@example.net,6838905052686,Business,2022-09-16,Low,0.0,0
ACC04892,Vidhi Raj,nimrat40@example.com,0930374006392,Business,2022-05-21,Low,0.0,0
ACC04893,Anusha Loke,kaurharish@example.org,8377428428517,Savings,2021-12-07,Low,0.0,0
ACC04894,Janani Sangha,mitali58@example.net,6918165463680,Savings,2023-03-12,Low,0.0,0
ACC04895,Nitesh Kunda,shravya95@example.org,0649527616553,Business,2023-01-10,Low,0.0,0
ACC04896,Pratyush Raval,lkulkarni@example.com,1976212663505,Wallet,2022-11-26,Low,0.0,1
ACC04897,Aarnav Narula,somanyahvi@example.net,6634283323835,Current,2022-11-01,Low,0.0,0
ACC04898,Neel Sur,upasnachandra@example.org,8206045409682,Current,2023-07-01,Low,0.0,0
ACC04899,David Bhattacharyya,johalbhanumati@example.net,6551287834819,Business,2024-04-09,Low,0.0,1
ACC04900,Vansha Chaudhry,mugdha39@example.com,9035529709650,Business,2022-02-25,Low,0.0,1
ACC04901,Ucchal Sinha,vedikakhare@example.org,2976911318833,Current,2022-01-15,Low,0.0,0
ACC04902,Indali Malhotra,shivaniupadhyay@example.org,6453766141801,Savings,2022-11-24,Low,0.0,0
ACC04903,Vrishti Mittal,jalsawason@example.com,1671422754109,Savings,2023-04-30,Low,0.0,1
ACC04904,Siya Munshi,vthaman@example.net,2066712494434,Current,2023-03-26,Low,0.0,0
ACC04905,Aishani Din,sandalanay@example.net,8483893924281,Wallet,2022-02-17,Low,0.0,1
ACC04906,Krishna Guha,ldutt@example.net,8288777873135,Savings,2022-01-16,Low,0.0,1
ACC04907,Vihaan Pall,pkuruvilla@example.org,0397886304074,Current,2022-08-13,Low,0.0,1
ACC04908,Yahvi Tella,pravel@example.org,6746330349467,Business,2021-11-11,Low,0.0,1
ACC04909,Kevin Suresh,oandra@example.com,0480383430690,Savings,2022-12-19,Low,0.0,1
ACC04910,Edhitha Pant,uloke@example.org,7209069122189,Savings,2021-11-18,Low,0.0,1
ACC04911,Tanay Dhawan,ekalla@example.org,3880862966292,Savings,2022-08-02,Low,0.0,0
ACC04912,Jacob Cheema,pranavratti@example.com,5553837357998,Wallet,2022-11-07,Low,0.0,0
ACC04913,Warjas Mistry,twalla@example.net,9185214795993,Business,2023-07-16,Low,0.0,0
ACC04914,Simon Jha,kondajyoti@example.net,7289594211458,Wallet,2023-06-02,Low,0.0,1
ACC04915,Krishna Dar,buppal@example.com,8902901818140,Savings,2022-09-14,Low,0.0,1
ACC04916,Laban Loyal,dominicviswanathan@example.org,0705737733987,Savings,2023-10-18,Low,0.0,1
ACC04917,Ati Baria,lbora@example.net,3220325440813,Business,2022-12-06,Low,0.0,0
ACC04918,Noah Sundaram,vsarkar@example.org,1513665130679,Wallet,2021-11-28,Low,0.0,0
ACC04919,Sathvik Karan,vedant46@example.org,8476124062937,Business,2021-08-07,Low,0.0,1
ACC04920,Chaitaly Ben,vedika77@example.net,2082841889469,Current,2022-11-20,Low,0.0,0
ACC04921,Amrita Tak,jhanetra@example.net,4368128117310,Savings,2023-12-21,Low,0.0,0
ACC04922,Nihal Buch,odika27@example.net,1234299264769,Wallet,2023-09-05,Low,0.0,0
ACC04923,Ekani Behl,advikbhattacharyya@example.net,0773095597714,Current,2023-01-31,Low,0.0,0
ACC04924,Rachita Char,ubhavsar@example.net,2046444627413,Business,2022-08-22,Low,0.0,1
ACC04925,Daksha Sahota,tkashyap@example.net,4905752072486,Business,2023-10-23,Low,0.0,1
ACC04926,Hredhaan Bir,anjalijaggi@example.org,3201607626506,Savings,2022-06-18,Low,0.0,0
ACC04927,Ayaan Kala,tzachariah@example.org,9722572312107,Current,2021-12-31,Low,0.0,1
ACC04928,Kritika Mohan,vrishtigrewal@example.com,6096477165354,Business,2023-08-10,Low,0.0,1
ACC04929,Zayan Sarkar,alexander57@example.org,8781770976329,Business,2021-09-12,Low,0.0,0
ACC04930,Sathvik Saxena,kiaanjha@example.com,4235443240863,Wallet,2021-08-22,Low,0.0,0
ACC04931,Zaitra Iyer,sarafnachiket@example.net,8827086502136,Current,2023-07-10,Low,0.0,1
ACC04932,Yachana Barman,jbath@example.org,7427448998816,Savings,2022-04-19,Low,0.0,0
ACC04933,Dalaja Tella,om62@example.net,0411855657610,Savings,2023-07-03,Low,0.0,1
ACC04934,Zansi Keer,priya90@example.net,6955456335252,Wallet,2023-08-26,Low,0.0,0
ACC04935,Faqid Nadig,lakshmivarkey@example.org,5625066803602,Business,2023-07-12,Low,0.0,0
ACC04936,Edhitha Dash,ukarnik@example.net,7323429000476,Savings,2022-02-12,Low,0.0,0
ACC04937,Aadhya Mutti,rachitathakur@example.org,3090952336314,Savings,2022-02-06,Low,0.0,0
ACC04938,Anika Sachar,patilpranit@example.org,5519675776164,Wallet,2023-07-27,Low,0.0,0
ACC04939,Anvi Gaba,anneanirudh@example.net,6218235863638,Business,2022-12-30,Low,0.0,1
ACC04940,Samar Chadha,darpan44@example.net,2666457026914,Current,2023-05-24,Low,0.0,0
ACC04941,Aarini Bassi,adya12@example.com,3450563538476,Savings,2022-02-08,Low,0.0,0
ACC04942,Tanay Raman,miteshverma@example.net,9607135796699,Current,2022-10-05,Low,0.0,0
ACC04943,Yatan Nair,sparmar@example.net,3947594349677,Savings,2021-08-27,Low,0.0,1
ACC04944,Utkarsh Shan,patlaqadim@example.net,3300627727113,Savings,2022-11-27,Low,0.0,1
ACC04945,Mugdha Malhotra,kbhavsar@example.com,3650733140749,Wallet,2022-10-03,Low,0.0,1
ACC04946,Abeer Sandhu,nicholassarin@example.org,2123090861208,Savings,2022-04-28,Low,0.0,0
ACC04947,Siddharth Bhatia,znarayan@example.net,3536853024186,Savings,2023-11-12,Low,0.0,1
ACC04948,Vyanjana Dewan,raaginimemon@example.org,0675099197555,Business,2021-11-06,Low,0.0,0
ACC04949,Alexander Master,xrajagopal@example.net,3905652952635,Current,2023-04-20,Low,0.0,1
ACC04950,Arunima Iyer,kevin07@example.com,7661303060195,Wallet,2023-05-01,Low,0.0,1
ACC04951,Ria Swamy,georgewalia@example.net,2247893069290,Current,2023-09-29,Low,0.0,1
ACC04952,Kavya Memon,zansibobal@example.org,8294380024126,Savings,2022-10-26,Low,0.0,1
ACC04953,Sathvik Nath,pratyush58@example.com,8013264473984,Savings,2023-12-17,Low,0.0,1
ACC04954,Azaan Singhal,nirja53@example.org,8552799366254,Wallet,2021-09-12,Low,0.0,0
ACC04955,Jack Bhakta,fradoshan@example.net,8704187786307,Current,2022-02-03,Low,0.0,0
ACC04956,Avi Raja,tamanna33@example.net,4359733511552,Savings,2023-05-20,Low,0.0,0
ACC04957,Gaurang Pall,msehgal@example.org,8530922665823,Savings,2021-10-06,Low,0.0,1
ACC04958,Amrita Mane,qarinpalan@example.com,9180533785122,Current,2021-12-20,Low,0.0,1
ACC04959,Jasmit Kalla,raagini46@example.org,5614104886896,Current,2023-11-16,Low,0.0,1
ACC04960,Raksha Bhatt,oni84@example.net,2896308121967,Business,2022-07-25,Low,0.0,0
ACC04961,Vasudha Das,lajitakakar@example.com,2730140850708,Savings,2021-09-17,Low,0.0,0
ACC04962,Fitan Shah,vsawhney@example.net,6102779885339,Wallet,2023-02-04,Low,0.0,1
ACC04963,Gautam Iyer,bassivasana@example.net,8367961207959,Current,2022-04-01,Low,0.0,0
ACC04964,Amol Hari,henrymadan@example.org,8439790174039,Current,2022-06-25,Low,0.0,0
ACC04965,Qarin Grewal,arunimaghose@example.net,5438007292365,Business,2022-10-19,Low,0.0,1
ACC04966,Hemang Mander,bnazareth@example.net,9226042172540,Savings,2023-05-08,Low,0.0,0
ACC04967,Aachal Sant,divanria@example.org,9053626177135,Current,2023-09-14,Low,0.0,0
ACC04968,Zilmil Bhalla,kpandey@example.com,9629240580736,Wallet,2023-02-03,Low,0.0,1
ACC04969,Maya Buch,varkeysneha@example.net,0749911553901,Current,2023-12-16,Low,0.0,1
ACC04970,Reva Handa,omannan@example.com,7019295050866,Business,2022-03-02,Low,0.0,1
ACC04971,Abhimanyu Chhabra,cpatel@example.com,9805044218512,Wallet,2023-12-19,Low,0.0,1
ACC04972,Zaid Raju,pavaninayak@example.org,6564369420754,Business,2023-05-28,Low,0.0,0
ACC04973,Ekanta Palan,yashmishra@example.net,2415688072856,Business,2023-05-20,Low,0.0,0
ACC04974,Ayush Sura,ekiyabadal@example.net,8051051193145,Savings,2022-02-26,Low,0.0,0
ACC04975,Deepa Chowdhury,pauyashasvi@example.net,2825857702980,Wallet,2022-03-06,Low,0.0,0
ACC04976,Jackson Pillai,wbala@example.org,6255813666188,Wallet,2023-11-17,Low,0.0,1
ACC04977,Charan Shankar,anvipillay@example.net,5212215563144,Savings,2023-05-22,Low,0.0,1
ACC04978,Amrita Naik,zthakkar@example.com,7562691422927,Business,2023-02-26,Low,0.0,1
ACC04979,Aayush Rajagopalan,zravi@example.com,5831108123489,Business,2023-09-18,Low,0.0,0
ACC04980,Quincy Kala,omanne@example.com,1865981760807,Current,2023-04-18,Low,0.0,1
ACC04981,Netra Roy,karadarsh@example.org,3562213506472,Savings,2022-04-26,Low,0.0,0
ACC04982,Kavya Walia,araval@example.net,2133057151959,Wallet,2022-03-25,Low,0.0,0
ACC04983,Sai Srinivas,jhalakbuch@example.org,8639975468238,Business,2022-02-05,Low,0.0,0
ACC04984,Urvi Hora,dayaljyoti@example.com,3405339902659,Current,2023-01-25,Low,0.0,0
ACC04985,Radhika Ratti,ansh93@example.com,0016388177220,Current,2022-03-21,Low,0.0,0
ACC04986,Advaith Gulati,yutikakannan@example.org,1039747295646,Wallet,2021-08-12,Low,0.0,0
ACC04987,Vrishti Borah,brijeshshan@example.org,6102834960616,Business,2023-10-23,Low,0.0,1
ACC04988,Tanay Contractor,sakshambalay@example.com,2587811025270,Wallet,2023-12-13,Low,0.0,0
ACC04989,Guneet Dey,madhavibanik@example.net,1424586414582,Business,2022-12-05,Low,0.0,0
ACC04990,Dev Iyer,nitesh87@example.org,3077375347474,Current,2022-08-03,Low,0.0,0
ACC04991,Chameli Apte,reyanshaurora@example.com,4121242835946,Savings,2023-05-07,Low,0.0,1
ACC04992,Daniel Sachar,daniavni@example.org,3676912357910,Savings,2022-04-09,Low,0.0,0
ACC04993,Raghav Hayre,ranganathansneha@example.net,9062070986795,Savings,2023-02-18,Low,0.0,0
ACC04994,Chaman Jaggi,rattikashvi@example.net,5775448160717,Current,2021-12-06,Low,0.0,1
ACC04995,Fariq Pant,mrege@example.net,2795493040648,Business,2021-11-16,Low,0.0,1
ACC04996,Faraj Apte,urmiacharya@example.com,9641177449401,Current,2022-04-06,Low,0.0,1
ACC04997,Lajita Chada,dbaria@example.com,1000128370256,Savings,2023-10-31,Low,0.0,0
ACC04998,Azad Dhar,janujaravel@example.org,4389500541316,Current,2022-12-13,Low,0.0,0
ACC04999,Ucchal Dani,chakradharpandya@example.org,2232713209046,Business,2023-03-03,Low,0.0,0
ACC05000,Jagat Dewan,ekibe@example.org,6971716267821,Current,2023-07-29,Low,0.0,0
